family,N,matching_terms,sample,case_id,seed,L,s,B,C_comm,H_scale,H_norm,lambda_min,kappa,grid,amplitude
fixed_band,8,2,0,0,20260909,2,2,1.2078179645940876,0.4426370309856294,1.4809104862788203,1.0,-0.9999999999999983,4.854788878780207,,
fixed_band,8,2,1,1,20260910,2,2,1.3762339349219226,0.46537893063771074,1.2433307718540234,1.0,-0.9999999999999991,15.40226039229742,,
fixed_band,8,2,2,2,20260911,2,2,1.3115193264918639,0.42539937814609824,1.1571993108401826,1.0,-0.9999999999999982,20.885274552058707,,
fixed_band,8,2,3,3,20260912,2,2,1.2888864776573348,0.44262685911335675,1.33575516720272,1.0,-0.999999999999999,7.335994706800436,,
fixed_band,8,2,4,4,20260913,2,2,1.6522122321711334,0.4250731191683251,0.915082174057683,1.0,-0.9999999999999978,8.134766433451453,,
fixed_band,8,2,5,5,20260914,2,2,1.2433988608875204,0.3545295612849406,1.1265776327576644,1.0,-0.9999999999999969,30.67189991475766,,
fixed_band,8,2,6,6,20260915,2,2,1.1481625208122348,0.3436503989668138,0.7646443566058,1.0,-0.9999999999999991,4.000194115419551,,
fixed_band,8,2,7,7,20260916,2,2,1.2438964929086076,0.4042015582434865,1.4467170642961198,1.0,-0.9999999999999984,10.532229244178772,,
fixed_band,8,2,8,8,20260917,2,2,1.1619618779506704,0.40094691247527703,1.2963143396094226,1.0,-0.9999999999999983,6.777309790636602,,
fixed_band,8,2,9,9,20260918,2,2,1.2271714175171011,0.461164165153854,0.7288774164565689,1.0,-0.9999999999999983,4.417612714217449,,
fixed_band,8,2,10,10,20260919,2,2,1.3812160906056403,0.4529460773113536,1.1565936385484177,1.0,-0.9999999999999977,6.835093087024017,,
fixed_band,8,2,11,11,20260920,2,2,1.2598397051643486,0.4307604400779356,1.1465720312726972,1.0,-0.9999999999999979,16.602640438968564,,
fixed_band,8,2,12,12,20260921,2,2,1.3107706335554277,0.410176734636229,1.0699056282229875,1.0,-0.9999999999999979,2.8835656205383615,,
fixed_band,8,2,13,13,20260922,2,2,1.1967335445218303,0.42316713026778835,1.0690123507375846,1.0,-0.9999999999999973,18.754846153625152,,
fixed_band,8,2,14,14,20260923,2,2,1.5643631251404715,0.48326995051416105,0.6087700477041154,1.0,-0.9999999999999997,23.435115198107212,,
fixed_band,8,2,15,15,20260924,2,2,1.349940084673226,0.4601537784947273,1.2051256667279528,1.0,-1.0,37.19895795527295,,
fixed_band,8,4,0,16,20260925,4,2,1.4087601803120862,0.5277870487528863,2.468530300574467,1.0,-0.999999999999998,12.269905574753098,,
fixed_band,8,4,1,17,20260926,4,2,2.010623878340643,1.0044316765424082,1.7823015909543496,1.0,-0.9999999999999967,22.1419147805717,,
fixed_band,8,4,2,18,20260927,4,2,1.4843873827681182,0.5570960463266686,2.409515763832691,1.0,-0.9999999999999986,9.351191725878818,,
fixed_band,8,4,3,19,20260928,4,2,2.5867526025103675,1.7403558967429311,1.3863099971488988,1.0,-0.9999999999999989,22.55913332122334,,
fixed_band,8,4,4,20,20260929,4,2,2.745354611650577,1.8042453695064253,1.1874380079752727,1.0,-0.9999999999999979,27.222561833696297,,
fixed_band,8,4,5,21,20260930,4,2,2.2757539229962247,1.3396562825036882,1.5029075951272068,1.0,-0.9999999999999987,12.217324350540876,,
fixed_band,8,4,6,22,20260931,4,2,2.7578651285532394,1.7717279266602515,1.2971140556484422,1.0,-0.9999999999999968,31.294634209167576,,
fixed_band,8,4,7,23,20260932,4,2,1.624483578293361,0.7090769285560682,2.148914605359132,1.0,-0.9999999999999993,46.69747231247849,,
fixed_band,8,4,8,24,20260933,4,2,1.41564117408883,0.5934199184105396,1.7677849211889165,1.0,-0.9999999999999999,13.358374948876643,,
fixed_band,8,4,9,25,20260934,4,2,1.711893855201792,0.7125419782565438,2.0041904938199684,1.0,-0.9999999999999973,20306.755170145614,,
fixed_band,8,4,10,26,20260935,4,2,1.5222402408655826,0.7639615401020475,1.9423813797102136,1.0,-0.9999999999999977,20.75924624833961,,
fixed_band,8,4,11,27,20260936,4,2,1.4864775411359499,0.5804679159371781,2.221857844741188,1.0,-0.9999999999999978,8.528407522654613,,
fixed_band,8,4,12,28,20260937,4,2,1.8420091995772838,0.8293750431400783,1.759618769001168,1.0,-0.9999999999999979,14.65051700370582,,
fixed_band,8,4,13,29,20260938,4,2,1.336059742425726,0.42488741564472937,2.042764330359254,1.0,-0.9999999999999976,3.441721189537974,,
fixed_band,8,4,14,30,20260939,4,2,2.027372720658746,1.2010263798034502,1.6915308593101661,1.0,-0.9999999999999969,24.408924252016245,,
fixed_band,8,4,15,31,20260940,4,2,1.4049291599384297,0.5285728256742166,2.4778484974115624,1.0,-0.9999999999999971,11.014403706674129,,
fixed_band,8,8,0,32,20260941,8,2,2.1902551642154147,1.2475855860022023,2.410277529249617,1.0,-0.9999999999999978,16.571165414659443,,
fixed_band,8,8,1,33,20260942,8,2,2.7654425191424274,1.8915518595198535,2.3499504211197313,1.0,-0.9999999999999984,15.651634674498093,,
fixed_band,8,8,2,34,20260943,8,2,2.013186731651305,1.0094055713875372,3.2639925453024285,1.0,-0.9999999999999981,10.148732734652269,,
fixed_band,8,8,3,35,20260944,8,2,2.2918097382912093,1.4113397978731952,2.847710296842226,1.0,-0.999999999999998,57.9680493502949,,
fixed_band,8,8,4,36,20260945,8,2,1.8852532761892977,0.9499684184102287,3.5494297793196012,1.0,-1.0,10.603355320465823,,
fixed_band,8,8,5,37,20260946,8,2,2.82603752602878,2.008254406424256,2.4521968670431193,1.0,-0.9999999999999989,13.095956245861052,,
fixed_band,8,8,6,38,20260947,8,2,2.6142466806999174,1.7157538270994752,2.3636737224271513,1.0,-0.9999999999999959,20.733997391966025,,
fixed_band,8,8,7,39,20260948,8,2,3.845557231846596,3.644957285682221,1.790577628750666,1.0,-0.9999999999999991,5.0688465853430955,,
fixed_band,8,8,8,40,20260949,8,2,2.0006741492706186,0.9715159482201811,2.983242301871344,1.0,-0.9999999999999982,95.71744079393385,,
fixed_band,8,8,9,41,20260950,8,2,2.8371781817984436,1.8543003502711415,2.2325894984457992,1.0,-0.9999999999999984,12.164910387595121,,
fixed_band,8,8,10,42,20260951,8,2,2.760185058159321,2.0354759988320614,2.3963285244437325,1.0,-0.9999999999999963,283.2382870826165,,
fixed_band,8,8,11,43,20260952,8,2,2.6066279940680745,1.8713995200829345,2.417620189140559,1.0,-0.9999999999999992,4.727730658291069,,
fixed_band,8,8,12,44,20260953,8,2,2.237496865091561,1.138735476237222,2.7401378533937297,1.0,-0.9999999999999966,4.896164411061467,,
fixed_band,8,8,13,45,20260954,8,2,2.138307072539858,1.2414800659856484,3.005030630400044,1.0,-0.9999999999999979,7.221606916198746,,
fixed_band,8,8,14,46,20260955,8,2,2.9034623014823886,2.2028996670099823,2.073430278859284,1.0,-0.9999999999999979,5.956587233494025,,
fixed_band,8,8,15,47,20260956,8,2,2.5964256961710688,1.776367153042827,2.558700491095218,1.0,-1.0,8.980059744543711,,
fixed_band,16,2,0,48,20260957,2,2,1.5193277588083665,0.47583451401210697,1.0513511535023106,1.0,-1.0,64.40856009029719,,
fixed_band,16,2,1,49,20260958,2,2,1.3114759132838354,0.4785481517929303,1.1877559293343998,1.0,-0.9999999999999994,17.977309967314817,,
fixed_band,16,2,2,50,20260959,2,2,1.2832357860178736,0.42010465466751445,1.2024665780480313,1.0,-0.9999999999999994,5.287366852676961,,
fixed_band,16,2,3,51,20260960,2,2,1.196861605570931,0.43506855285198465,1.4657777124004554,1.0,-1.0,118.75987632385716,,
fixed_band,16,2,4,52,20260961,2,2,1.3419963364700105,0.44340306292902526,1.4038617028465865,1.0,-0.9999999999999986,80.93371653773663,,
fixed_band,16,2,5,53,20260962,2,2,1.3378600727478125,0.4798007180846852,1.3843581559092901,1.0,-1.0,124.30870556123044,,
fixed_band,16,2,6,54,20260963,2,2,1.4029180147736895,0.49378277783558805,1.2950563344110921,1.0,-0.9999999999999998,39.7963469777524,,
fixed_band,16,2,7,55,20260964,2,2,1.3348666193558747,0.4583686787017884,1.3741602625167946,1.0,-1.0,45.743320532920016,,
fixed_band,16,2,8,56,20260965,2,2,1.227625880642682,0.43867672668589924,1.337637510992241,1.0,-1.0,33.86960938458456,,
fixed_band,16,2,9,57,20260966,2,2,1.3201504665124832,0.4551010602757286,1.1856772868618581,1.0,-1.0,23.369843281156186,,
fixed_band,16,2,10,58,20260967,2,2,1.3129748364894982,0.4734280392260975,1.3114953353663978,1.0,-0.9999999999999997,21.417535421578815,,
fixed_band,16,2,11,59,20260968,2,2,1.423602323651354,0.4617038952718834,1.265594762146607,1.0,-1.0,351.17907351686614,,
fixed_band,16,2,12,60,20260969,2,2,1.4574891857675776,0.49311693546324586,1.068661855274115,1.0,-1.0,20.192863816937464,,
fixed_band,16,2,13,61,20260970,2,2,1.291595314550512,0.41405969911740004,1.2116181082584934,1.0,-0.9999999999999987,67.16090531703996,,
fixed_band,16,2,14,62,20260971,2,2,1.3414936225024334,0.48234583684802357,1.31181115087631,1.0,-0.9999999999999987,11.803433479285095,,
fixed_band,16,2,15,63,20260972,2,2,1.3524474397058244,0.4768997591461581,1.424097810211957,1.0,-0.9999999999999999,23.906493861759508,,
fixed_band,16,4,0,64,20260973,4,2,2.002197331829901,1.013321955725678,1.7635803666391612,1.0,-0.9999999999999976,5.687393545541232,,
fixed_band,16,4,1,65,20260974,4,2,1.9450257435187823,0.8254595460982243,1.8890001386735793,1.0,-0.9999999999999993,26.590184224713106,,
fixed_band,16,4,2,66,20260975,4,2,1.748792104289892,0.8004538873349866,2.161666276060523,1.0,-0.9999999999999983,511.38865383390413,,
fixed_band,16,4,3,67,20260976,4,2,1.8099675296950815,0.8179080490311471,2.0460288025884523,1.0,-0.9999999999999982,131.18561523603194,,
fixed_band,16,4,4,68,20260977,4,2,1.5824394214626432,0.6999823129466844,2.3897416253963106,1.0,-0.9999999999999998,77.37085963535537,,
fixed_band,16,4,5,69,20260978,4,2,2.077235610408205,0.7527457354992626,1.6775439368719014,1.0,-1.0,18.324883585363352,,
fixed_band,16,4,6,70,20260979,4,2,1.863033511345236,1.0213088725562172,1.8973295516561497,1.0,-1.0,25.802357079323897,,
fixed_band,16,4,7,71,20260980,4,2,1.6835400487365386,0.6521858708684225,2.2516121597118555,1.0,-1.0,766.3244831124066,,
fixed_band,16,4,8,72,20260981,4,2,1.970278474917432,0.9919972221854938,1.6951412316787589,1.0,-1.0,259.2194555264388,,
fixed_band,16,4,9,73,20260982,4,2,1.833315031096885,0.9529598294274864,1.9336948423597764,1.0,-1.0,19.444540734399745,,
fixed_band,16,4,10,74,20260983,4,2,1.6042422533728264,0.6582717183117881,2.169011039277305,1.0,-0.9999999999999983,159.7667849895416,,
fixed_band,16,4,11,75,20260984,4,2,1.4697997159839118,0.6010304201402155,2.446578326318961,1.0,-1.0,227.3164709581497,,
fixed_band,16,4,12,76,20260985,4,2,1.6407327433582266,0.5084985058982032,2.2989017489620154,1.0,-1.0,55.13834068069764,,
fixed_band,16,4,13,77,20260986,4,2,2.3916292479338446,1.4487035991373947,1.4827637492342127,1.0,-1.0,148.24414881433768,,
fixed_band,16,4,14,78,20260987,4,2,1.6439225482699382,0.7465460693411494,2.0352481329217107,1.0,-0.9999999999999993,10.468605912906206,,
fixed_band,16,4,15,79,20260988,4,2,1.6534011698098112,0.6335496054034548,2.1117734058494566,1.0,-0.9999999999999991,16.354193709674927,,
fixed_band,16,8,0,80,20260989,8,2,2.2796287599221574,1.3022942155357018,3.115527798107581,1.0,-0.9999999999999991,76.20165903344424,,
fixed_band,16,8,1,81,20260990,8,2,2.1735035019657905,1.1762163441817766,3.2556074354143054,1.0,-1.0,695.957627980503,,
fixed_band,16,8,2,82,20260991,8,2,2.360383224382898,1.33845938429511,2.99072890568389,1.0,-0.9999999999999992,100.77376140798954,,
fixed_band,16,8,3,83,20260992,8,2,3.805017604927756,3.454393950163653,1.855690321177355,1.0,-0.9999999999999996,200.8288911128962,,
fixed_band,16,8,4,84,20260993,8,2,2.2864570882687336,1.225294297485732,3.103480207171066,1.0,-1.0,40.668467027660725,,
fixed_band,16,8,5,85,20260994,8,2,2.138448189205297,1.3135903023253261,3.5327569709173297,1.0,-0.9999999999999987,2019.9436536565963,,
fixed_band,16,8,6,86,20260995,8,2,3.4113051301014323,2.594078975164153,1.9299010301831714,1.0,-1.0,31.70841649028179,,
fixed_band,16,8,7,87,20260996,8,2,2.295161877938215,1.354441209473118,3.2534082130923694,1.0,-1.0,1298.382322921421,,
fixed_band,16,8,8,88,20260997,8,2,1.6778030218208029,0.7280715706279376,4.256491403893122,1.0,-1.0,74.08063389469429,,
fixed_band,16,8,9,89,20260998,8,2,2.8037409097823853,1.9650409704306437,2.5895234018282536,1.0,-0.9999999999999976,116.28957183023681,,
fixed_band,16,8,10,90,20260999,8,2,2.393243272561036,1.42169638965268,3.1087342193152705,1.0,-0.9999999999999997,389.12119562720176,,
fixed_band,16,8,11,91,20261000,8,2,2.3231516627422724,1.4722298696510911,2.868229147982754,1.0,-1.0,95.59621229080851,,
fixed_band,16,8,12,92,20261001,8,2,2.3239415529345537,1.4321101179567433,3.0192437810715282,1.0,-1.0,365.7615613718079,,
fixed_band,16,8,13,93,20261002,8,2,2.966222492374731,2.0159477448997323,2.510052551705621,1.0,-0.999999999999997,129.90623025389414,,
fixed_band,16,8,14,94,20261003,8,2,2.6006457460910943,1.6783860896864091,2.7401678788399484,1.0,-1.0,12.81241888958776,,
fixed_band,16,8,15,95,20261004,8,2,3.027896983403351,2.6717817023125425,2.3018282259040572,1.0,-1.0,147.123427658674,,
fixed_band,32,2,0,96,20261005,2,2,1.3917129507660428,0.43522106622800694,1.232415228501719,1.0,-0.9999999999999991,1430.7638165851529,,
fixed_band,32,2,1,97,20261006,2,2,1.3264294555561675,0.46531031897209474,1.434662900936361,1.0,-0.999999999999998,39.79991431219773,,
fixed_band,32,2,2,98,20261007,2,2,1.291582009902573,0.4501516233885142,1.534724614287516,1.0,-0.9999999999999991,1073.7094330759685,,
fixed_band,32,2,3,99,20261008,2,2,1.2361686682564295,0.4386435522462552,1.4444569130666645,1.0,-0.9999999999999989,1000.4420705659554,,
fixed_band,32,2,4,100,20261009,2,2,1.3389296264601085,0.4686549853414455,1.3569181958899679,1.0,-0.9999999999999979,318.46087828039623,,
fixed_band,32,2,5,101,20261010,2,2,1.3276165980677885,0.46819477569134693,1.3296536120781435,1.0,-1.0,25.249366767683878,,
fixed_band,32,2,6,102,20261011,2,2,1.2936342411484907,0.4153191349597138,1.4436553353473596,1.0,-0.9999999999999999,24.616257825683068,,
fixed_band,32,2,7,103,20261012,2,2,1.3682262305434818,0.4196459668406533,1.2526784245614744,1.0,-0.9999999999999977,6.499578182202455,,
fixed_band,32,2,8,104,20261013,2,2,1.263875794917095,0.42509488683720165,1.3538414954856137,1.0,-0.9999999999999993,134.60560690322586,,
fixed_band,32,2,9,105,20261014,2,2,1.4610188608806127,0.43640513960227384,1.31633303412288,1.0,-0.9999999999999991,686.2955010902485,,
fixed_band,32,2,10,106,20261015,2,2,1.4109714670802869,0.4465231240476696,1.281788986315231,1.0,-0.9999999999999976,259.33931699541495,,
fixed_band,32,2,11,107,20261016,2,2,1.2629522377634104,0.46677786685636724,1.369471292117612,1.0,-0.9999999999999997,208.45905882140312,,
fixed_band,32,2,12,108,20261017,2,2,1.2862414715172248,0.4507982253486481,1.5337944086745994,1.0,-0.9999999999999978,1604.1258413875087,,
fixed_band,32,2,13,109,20261018,2,2,1.278297567252649,0.4253001207673407,1.393177373133187,1.0,-0.999999999999999,52.335393426403854,,
fixed_band,32,2,14,110,20261019,2,2,1.355148779967016,0.43206735191101414,1.425907788349325,1.0,-0.9999999999999992,185.15323151236106,,
fixed_band,32,2,15,111,20261020,2,2,1.3035057093233982,0.4510807346399362,1.447034535277681,1.0,-1.0,3810.339037133087,,
fixed_band,32,4,0,112,20261021,4,2,2.0723786770903563,0.8801478050281819,1.794670241567461,1.0,-1.0,15.45277269508468,,
fixed_band,32,4,1,113,20261022,4,2,1.7815761236863457,0.884583551203558,2.092617425538483,1.0,-1.0,55.60494226051015,,
fixed_band,32,4,2,114,20261023,4,2,1.47198260087831,0.5723159396113728,2.6583631646651855,1.0,-0.999999999999999,1332.7525083426854,,
fixed_band,32,4,3,115,20261024,4,2,1.7623080675658205,0.7265083601252896,2.2024312032617233,1.0,-0.999999999999999,3555.0084346530825,,
fixed_band,32,4,4,116,20261025,4,2,1.9340664747226217,0.8408229542410351,1.8710440785347775,1.0,-0.9999999999999996,54.10446536534505,,
fixed_band,32,4,5,117,20261026,4,2,1.6444687265814806,0.6555565827829959,2.343723825617062,1.0,-1.0,312.19466763772243,,
fixed_band,32,4,6,118,20261027,4,2,1.9238563374370454,0.9468409604072148,1.9006436662473043,1.0,-0.9999999999999982,8796.553588827557,,
fixed_band,32,4,7,119,20261028,4,2,1.832075971243508,0.7547099082036507,2.0493292588084766,1.0,-0.999999999999998,1906.5285950506154,,
fixed_band,32,4,8,120,20261029,4,2,1.7483153183304834,0.7033358867342083,2.123075751915104,1.0,-0.9999999999999981,216.68495547295407,,
fixed_band,32,4,9,121,20261030,4,2,1.6795629907240521,0.7752084203398217,2.2803667616360634,1.0,-1.0,604.9123146389123,,
fixed_band,32,4,10,122,20261031,4,2,1.9109419578306266,0.9914508170125578,1.9967962897544531,1.0,-1.0,80.4552073668691,,
fixed_band,32,4,11,123,20261032,4,2,1.7578006070077052,0.8517636756585363,2.1436183325141394,1.0,-1.0,105.94715750882439,,
fixed_band,32,4,12,124,20261033,4,2,1.510499594405698,0.6252715485021462,2.4280756800268075,1.0,-1.0,56.882023062545,,
fixed_band,32,4,13,125,20261034,4,2,1.764757676083215,0.8414002494441212,2.127904337818816,1.0,-0.999999999999999,2309.2290690947066,,
fixed_band,32,4,14,126,20261035,4,2,1.6998716403953527,0.7001021643078399,2.2101116682953736,1.0,-0.9999999999999992,1033.3793786954857,,
fixed_band,32,4,15,127,20261036,4,2,1.4820646208768287,0.6074365005688154,2.6403748824243016,1.0,-0.9999999999999988,360.2074495254781,,
fixed_band,32,8,0,128,20261037,8,2,2.4038795165458122,1.3715430714910974,3.164461119403435,1.0,-0.9999999999999972,260.14464912779647,,
fixed_band,32,8,1,129,20261038,8,2,2.1199571248164935,1.142936285905609,3.60711914360487,1.0,-0.9999999999999996,1771.016682049038,,
fixed_band,32,8,2,130,20261039,8,2,2.294803099257969,1.232448876393615,3.2784902870667114,1.0,-0.9999999999999983,92506.51717228077,,
fixed_band,32,8,3,131,20261040,8,2,2.5786990294216463,1.7306311173585736,2.686368796375602,1.0,-0.9999999999999976,117.11785352102645,,
fixed_band,32,8,4,132,20261041,8,2,2.9094162685597618,2.2569187572994935,2.5769243657336953,1.0,-0.9999999999999987,322.4578771278139,,
fixed_band,32,8,5,133,20261042,8,2,2.2259502018996145,1.2682298455256538,3.336596959765468,1.0,-0.9999999999999991,780.8738286330472,,
fixed_band,32,8,6,134,20261043,8,2,1.948261279674379,0.9492884453464543,3.842901206138865,1.0,-0.9999999999999994,762.3899305688383,,
fixed_band,32,8,7,135,20261044,8,2,2.1516974109090174,1.2264659613554905,3.4528886522584004,1.0,-0.9999999999999977,157.666846305775,,
fixed_band,32,8,8,136,20261045,8,2,2.2395081636385306,1.2921456338008313,3.487870353707896,1.0,-0.9999999999999982,407.36352318264574,,
fixed_band,32,8,9,137,20261046,8,2,1.8570983814385742,0.8637797513817871,4.157150199324676,1.0,-0.9999999999999981,1264.3702421157918,,
fixed_band,32,8,10,138,20261047,8,2,2.0026317929939315,0.9448596868521908,3.799204317952306,1.0,-0.9999999999999981,149.78875830266446,,
fixed_band,32,8,11,139,20261048,8,2,2.10260075805731,1.0719672049010947,3.684222783539308,1.0,-0.9999999999999981,673.4611040849697,,
fixed_band,32,8,12,140,20261049,8,2,2.3728235001652873,1.335652580037555,3.0671465362070793,1.0,-1.0,21.914403015117824,,
fixed_band,32,8,13,141,20261050,8,2,2.2141065175360115,1.1848909712958406,3.472465259165545,1.0,-0.9999999999999986,279.4333893123733,,
fixed_band,32,8,14,142,20261051,8,2,3.023140894474799,2.3417322421812767,2.5013981769012883,1.0,-0.9999999999999984,259.17925291803186,,
fixed_band,32,8,15,143,20261052,8,2,2.7629496427282496,1.8895633677531107,2.792048326824605,1.0,-0.9999999999999997,255.8799094016042,,
fixed_band,64,2,0,144,20261053,2,2,1.264183854534424,0.43547175159256446,1.5533547267182752,1.0,-1.0,14755.14610516457,,
fixed_band,64,2,1,145,20261054,2,2,1.4545528181212357,0.4736177625127492,1.363608589898255,1.0,-0.9999999999999976,177250.43482148266,,
fixed_band,64,2,2,146,20261055,2,2,1.2740539164735591,0.42337523236090524,1.50752004928364,1.0,-1.0,8374.957149476613,,
fixed_band,64,2,3,147,20261056,2,2,1.2488016145285847,0.47354956434479506,1.5089446561206719,1.0,-0.9999999999999973,1685.8729109443063,,
fixed_band,64,2,4,148,20261057,2,2,1.3080535092634058,0.4455419980451918,1.497349834414411,1.0,-0.999999999999999,1885.9034829347552,,
fixed_band,64,2,5,149,20261058,2,2,1.2752406038830273,0.41534745197356704,1.5353585552700424,1.0,-0.9999999999999997,10224.306231485376,,
fixed_band,64,2,6,150,20261059,2,2,1.3519790692580318,0.4745362713270576,1.4250139035733502,1.0,-0.9999999999999964,28.562620256685804,,
fixed_band,64,2,7,151,20261060,2,2,1.4312761366363507,0.4801799953773689,1.3228305366919686,1.0,-0.9999999999999994,1877.0360100325004,,
fixed_band,64,2,8,152,20261061,2,2,1.4707125701218189,0.4525437740326342,1.3303951059462793,1.0,-1.0,19357.228267171893,,
fixed_band,64,2,9,153,20261062,2,2,1.489402355445813,0.4366642987840013,1.3248037023607848,1.0,-1.0,9782.35847264034,,
fixed_band,64,2,10,154,20261063,2,2,1.2276315123473158,0.4350130095142061,1.6180973920086696,1.0,-1.0,753586.2617006048,,
fixed_band,64,2,11,155,20261064,2,2,1.3663749995899375,0.4662959319113822,1.454117726301311,1.0,-1.0,3702.248502971077,,
fixed_band,64,2,12,156,20261065,2,2,1.371290009070684,0.470125561824077,1.4305546735774106,1.0,-0.999999999999998,12029.610698872282,,
fixed_band,64,2,13,157,20261066,2,2,1.2886976089483793,0.4082371860875675,1.5115686429606179,1.0,-0.9999999999999973,2528.5615330704613,,
fixed_band,64,2,14,158,20261067,2,2,1.3243843057650144,0.4601240752504802,1.4476988253981637,1.0,-1.0,52.517072624766854,,
fixed_band,64,2,15,159,20261068,2,2,1.5514735452470712,0.48408537255922085,1.2760343273660788,1.0,-0.9999999999999997,1695.4472441455305,,
fixed_band,64,4,0,160,20261069,4,2,1.4234882663151285,0.5341712732436047,2.75897317630014,1.0,-1.0,85.64622022739869,,
fixed_band,64,4,1,161,20261070,4,2,1.9931151667801426,1.0478445984964666,1.9416884119459428,1.0,-1.0,526.4804097542848,,
fixed_band,64,4,2,162,20261071,4,2,1.7020361143860132,0.6956509562743962,2.2557935999819247,1.0,-0.9999999999999996,5334.5751483719405,,
fixed_band,64,4,3,163,20261072,4,2,1.7705216513739253,0.7408486949915416,2.1088539162258617,1.0,-0.9999999999999983,553.2810876283152,,
fixed_band,64,4,4,164,20261073,4,2,1.8000253469418017,0.8358720713059498,2.143725189750749,1.0,-0.999999999999999,421260.4468902839,,
fixed_band,64,4,5,165,20261074,4,2,1.6099678174408203,0.7127820349450724,2.451509885192937,1.0,-1.0,625.1836854651614,,
fixed_band,64,4,6,166,20261075,4,2,1.6267475220050447,0.6365650440607821,2.3213530503519575,1.0,-1.0,767.3943341690446,,
fixed_band,64,4,7,167,20261076,4,2,2.0087637862217638,1.0930832321310664,1.9257300320869613,1.0,-0.9999999999999984,24516.95405961177,,
fixed_band,64,4,8,168,20261077,4,2,1.7461596172121467,0.7984650037911769,2.219667108398901,1.0,-0.999999999999997,2467.216993463808,,
fixed_band,64,4,9,169,20261078,4,2,1.6122034044286577,0.7398441308120008,2.3822932759460054,1.0,-0.9999999999999994,393853.6254779313,,
fixed_band,64,4,10,170,20261079,4,2,1.9083476380304611,0.9696319291309511,2.0792289960948658,1.0,-1.0,45343.449823164425,,
fixed_band,64,4,11,171,20261080,4,2,1.722879738965009,0.7526196795517487,2.303128713021486,1.0,-1.0,8144778.77597378,,
fixed_band,64,4,12,172,20261081,4,2,1.7215935346206788,0.7853392596767027,2.179584358460508,1.0,-1.0,7474.918339916137,,
fixed_band,64,4,13,173,20261082,4,2,1.8477197087107808,0.8883400066616233,2.1144502036840116,1.0,-1.0,99367.79415152757,,
fixed_band,64,4,14,174,20261083,4,2,1.4292257509964847,0.5813735072378687,2.707260979679273,1.0,-1.0,7325.942121796591,,
fixed_band,64,4,15,175,20261084,4,2,1.6949010523853167,0.7337596154003662,2.295949893853067,1.0,-0.9999999999999984,2381.767633924394,,
fixed_band,64,8,0,176,20261085,8,2,2.416650312121476,1.545321441182913,3.26931698633699,1.0,-1.0,12746.82687023527,,
fixed_band,64,8,1,177,20261086,8,2,2.3411591028313934,1.4722496255311424,3.2865601799823905,1.0,-1.0,33155.31883050413,,
fixed_band,64,8,2,178,20261087,8,2,2.236476057014579,1.2887632466811447,3.482196016188386,1.0,-0.9999999999999984,9139.799499913308,,
fixed_band,64,8,3,179,20261088,8,2,2.4051109550934004,1.5861298758110156,3.2549700109588504,1.0,-1.0,2746.692498180089,,
fixed_band,64,8,4,180,20261089,8,2,2.392209424896913,1.610572389759465,3.2572665381045747,1.0,-0.9999999999999984,22851.54871457634,,
fixed_band,64,8,5,181,20261090,8,2,2.8374746520343264,2.019056395300466,2.7295375321211743,1.0,-1.0,2010.0851977421514,,
fixed_band,64,8,6,182,20261091,8,2,1.9799175759264445,1.0041501212518327,3.9255237460505112,1.0,-1.0,191.45747431990065,,
fixed_band,64,8,7,183,20261092,8,2,2.795523415382216,1.952218832444739,2.777744247931548,1.0,-0.9999999999999961,625.404779522806,,
fixed_band,64,8,8,184,20261093,8,2,2.451220553005931,1.6587551787722237,3.1364783319850456,1.0,-0.999999999999996,28558.52844734331,,
fixed_band,64,8,9,185,20261094,8,2,2.519249674684571,1.6682161776136768,3.0896517097731557,1.0,-1.0,12395.650564510119,,
fixed_band,64,8,10,186,20261095,8,2,2.421416316853918,1.5775141798337835,3.2469360191057794,1.0,-0.9999999999999999,8266.457799598275,,
fixed_band,64,8,11,187,20261096,8,2,2.4808518691512367,1.6017848079737302,3.1325849182512546,1.0,-1.0,1479.854023806511,,
fixed_band,64,8,12,188,20261097,8,2,2.2653514458070356,1.3055445276769786,3.3999999363509614,1.0,-1.0,201711.99747735678,,
fixed_band,64,8,13,189,20261098,8,2,1.8579389078487272,0.8847691446436212,4.211129721135549,1.0,-0.999999999999999,4038.2193654546472,,
fixed_band,64,8,14,190,20261099,8,2,2.5783879270244245,1.7397911003603697,2.965210033037729,1.0,-1.0,207210.93956392512,,
fixed_band,64,8,15,191,20261100,8,2,2.671354500596084,1.92169015936765,2.8841275089567056,1.0,-0.9999999999999981,19659.514345621483,,
fixed_band,128,2,0,192,20261101,2,2,1.2216706049220376,0.4554655496744027,1.614127794715378,1.0,-1.0,237.71321098203427,,
fixed_band,128,2,1,193,20261102,2,2,1.3235135618084648,0.46425089931921243,1.4693917801941683,1.0,-0.9999999999999968,355.2464370723463,,
fixed_band,128,2,2,194,20261103,2,2,1.259753149273393,0.4505186444838727,1.5513514989982546,1.0,-0.9999999999999979,4994.779870161587,,
fixed_band,128,2,3,195,20261104,2,2,1.4010660660140912,0.4598181282248004,1.3992654837304035,1.0,-0.9999999999999997,48729.18035511649,,
fixed_band,128,2,4,196,20261105,2,2,1.2861473970599882,0.44154182472922676,1.5312060828312721,1.0,-0.9999999999999984,122659.26224545951,,
fixed_band,128,2,5,197,20261106,2,2,1.3140736125042989,0.4380908344054593,1.5091098360844515,1.0,-0.9999999999999978,3059.510093017065,,
fixed_band,128,2,6,198,20261107,2,2,1.3814107074908017,0.47836391923563104,1.4387275062214955,1.0,-0.9999999999999976,425869002.9779093,,
fixed_band,128,2,7,199,20261108,2,2,1.1765085004798295,0.4618909292020996,1.6648242815892889,1.0,-0.999999999999998,9774.053894038483,,
fixed_band,128,2,8,200,20261109,2,2,1.1986142492550063,0.46627341876703926,1.6535402695426076,1.0,-1.0,550.2537305078896,,
fixed_band,128,2,9,201,20261110,2,2,1.1938969094637781,0.4449727978694862,1.6559363932845732,1.0,-0.999999999999998,427310.8578377641,,
fixed_band,128,2,10,202,20261111,2,2,1.2918963721467898,0.48800040838882985,1.5290728637281514,1.0,-0.9999999999999954,581844.1017760985,,
fixed_band,128,2,11,203,20261112,2,2,1.460254981593099,0.4598170836332874,1.3531756134826878,1.0,-0.9999999999999997,1461970719.0023692,,
fixed_band,128,2,12,204,20261113,2,2,1.2143173863617207,0.4648850616432362,1.623815421279277,1.0,-0.9999999999999984,12952.130106234765,,
fixed_band,128,2,13,205,20261114,2,2,1.3638345235304703,0.47550211496231837,1.44991611319729,1.0,-0.9999999999999979,65929.79801705059,,
fixed_band,128,2,14,206,20261115,2,2,1.3038208125248925,0.45919662007417605,1.5195170105451676,1.0,-0.9999999999999976,126147.72754301029,,
fixed_band,128,2,15,207,20261116,2,2,1.2994216957079439,0.44427028523541556,1.4873794966550224,1.0,-1.0,4788.700958164504,,
fixed_band,128,4,0,208,20261117,4,2,1.911655236845232,0.9779028897162724,2.053536143572429,1.0,-0.9999999999999984,66962943.54523511,,
fixed_band,128,4,1,209,20261118,4,2,1.5279609072624574,0.6340376041043618,2.5660488175085656,1.0,-0.9999999999999981,4064.427363286977,,
fixed_band,128,4,2,210,20261119,4,2,1.6358514141158507,0.7416925700459894,2.398553343644368,1.0,-1.0,72724.01090245123,,
fixed_band,128,4,3,211,20261120,4,2,1.5709008617230196,0.7337105235970776,2.5049643214002564,1.0,-0.9999999999999982,19691.62992241072,,
fixed_band,128,4,4,212,20261121,4,2,1.7513824213126128,0.7453930065596373,2.261227261270918,1.0,-1.0,13583.659327372387,,
fixed_band,128,4,5,213,20261122,4,2,1.755793162219841,0.7655473334238183,2.254736902440849,1.0,-0.9999999999999977,18908.913365873417,,
fixed_band,128,4,6,214,20261123,4,2,1.5112205251981763,0.6180580886946625,2.580240928621391,1.0,-0.9999999999999978,11609.18332093219,,
fixed_band,128,4,7,215,20261124,4,2,1.4821748062454085,0.5840151267876582,2.6450907507963217,1.0,-1.0,1095.1814194060432,,
fixed_band,128,4,8,216,20261125,4,2,1.671338876311645,0.8025805745078687,2.286789753858546,1.0,-0.9999999999999992,16043260.290425973,,
fixed_band,128,4,9,217,20261126,4,2,1.8309168840415724,0.8742766917758171,2.120115711586948,1.0,-1.0,27374.461648773584,,
fixed_band,128,4,10,218,20261127,4,2,1.5807351058776198,0.6707783373824434,2.5015883563319004,1.0,-0.9999999999999997,55574.072975601935,,
fixed_band,128,4,11,219,20261128,4,2,1.714461388480477,0.790217245818326,2.2649009062406704,1.0,-0.9999999999999969,147510.93824490442,,
fixed_band,128,4,12,220,20261129,4,2,1.4279700237742987,0.5778186123462936,2.7610343165160938,1.0,-1.0,1943072.935784704,,
fixed_band,128,4,13,221,20261130,4,2,1.8140111259949028,0.8937554465035402,2.1920276275789536,1.0,-0.9999999999999988,5949.259787034851,,
fixed_band,128,4,14,222,20261131,4,2,1.3905057478823335,0.5561860819125308,2.830020549351828,1.0,-0.9999999999999992,5163.389838018731,,
fixed_band,128,4,15,223,20261132,4,2,1.6142660762540537,0.727029029794453,2.446793039150359,1.0,-0.9999999999999997,40648.07154806323,,
fixed_band,128,8,0,224,20261133,8,2,2.275768708294035,1.3792965069527454,3.4855396541007955,1.0,-0.9999999999999991,1642519.6701499221,,
fixed_band,128,8,1,225,20261134,8,2,1.865755002283703,0.9630209968022,4.240006509866829,1.0,-0.9999999999999991,18820.33928843292,,
fixed_band,128,8,2,226,20261135,8,2,2.3242735139555446,1.4285616717878868,3.395861587484987,1.0,-0.9999999999999979,14629.275848619887,,
fixed_band,128,8,3,227,20261136,8,2,2.139892009440408,1.2722854103342833,3.6981255295961604,1.0,-0.9999999999999993,3743.898106118876,,
fixed_band,128,8,4,228,20261137,8,2,2.130571584650292,1.2348636022948052,3.660950054579486,1.0,-1.0,111224.85924462731,,
fixed_band,128,8,5,229,20261138,8,2,2.1842502152611996,1.35060405707129,3.623673727434116,1.0,-1.0,122466.97397227476,,
fixed_band,128,8,6,230,20261139,8,2,1.7924105078048544,0.8333378837939794,4.404136760210006,1.0,-1.0,28960.073554366107,,
fixed_band,128,8,7,231,20261140,8,2,2.4011868664125107,1.5207687660204985,3.2703418889441433,1.0,-0.9999999999999987,15648912.738564366,,
fixed_band,128,8,8,232,20261141,8,2,2.3467761042501314,1.4152002953800482,3.3529611150020946,1.0,-0.9999999999999992,1787692804.0685997,,
fixed_band,128,8,9,233,20261142,8,2,2.1716506788890846,1.3241696846649937,3.653051216071534,1.0,-0.9999999999999963,48222.815673667224,,
fixed_band,128,8,10,234,20261143,8,2,2.2593267350556903,1.4393373304464323,3.5168042862713556,1.0,-1.0,79072.36105767412,,
fixed_band,128,8,11,235,20261144,8,2,2.5055219006421536,1.7026316200372624,3.1396727683823147,1.0,-0.9999999999999989,3758.7205773849405,,
fixed_band,128,8,12,236,20261145,8,2,2.4206397453229664,1.5790662498088417,3.254693524998894,1.0,-1.0,171.70881552512913,,
fixed_band,128,8,13,237,20261146,8,2,2.63253437140592,1.8844638895210686,2.9743014613111733,1.0,-0.9999999999999976,10167.106498731753,,
fixed_band,128,8,14,238,20261147,8,2,2.3705781461036386,1.5323030550168324,3.340196338397039,1.0,-0.9999999999999996,4335.374322854537,,
fixed_band,128,8,15,239,20261148,8,2,1.995599754705089,1.1313604244595024,3.9558734367021726,1.0,-0.9999999999999996,25699.820188770358,,
fixed_band,256,2,0,240,20261149,2,2,1.2304563717672385,0.46478064541338837,1.5942227762442505,1.0,-0.9999999999999999,5254223.312054154,,
fixed_band,256,2,1,241,20261150,2,2,1.2910334339090124,0.44749410122406086,1.5319513488469578,1.0,-0.9999999999999976,724197045.4030778,,
fixed_band,256,2,2,242,20261151,2,2,1.2057643768462274,0.4408887324051915,1.648153783873507,1.0,-1.0,25291198692.412544,,
fixed_band,256,2,3,243,20261152,2,2,1.257438724152593,0.4598371167813139,1.5726958247590817,1.0,-0.9999999999999994,399463583.899864,,
fixed_band,256,2,4,244,20261153,2,2,1.2684375180107579,0.43711071936528717,1.5623066516793862,1.0,-0.999999999999997,309224.6886112069,,
fixed_band,256,2,5,245,20261154,2,2,1.2878400956127227,0.4505487447329721,1.541888370213619,1.0,-1.0,182167.17902842307,,
fixed_band,256,2,6,246,20261155,2,2,1.2283013019754576,0.4337310332170256,1.6256355526149795,1.0,-0.9999999999999999,14482514644.14933,,
fixed_band,256,2,7,247,20261156,2,2,1.2497635102727713,0.44428229983080375,1.5879302431091722,1.0,-0.9999999999999967,207560.1634040048,,
fixed_band,256,4,0,248,20261157,4,2,1.6588450405043074,0.728836472797128,2.39460861190084,1.0,-0.9999999999999967,6447741.513646888,,
fixed_band,256,4,1,249,20261158,4,2,1.474521095628281,0.6312022336549734,2.6993595520296885,1.0,-0.9999999999999993,1789603485.1025345,,
fixed_band,256,4,2,250,20261159,4,2,1.5754452981032285,0.6828191882301075,2.52962582362692,1.0,-1.0,844865.5208226593,,
fixed_band,256,4,3,251,20261160,4,2,1.574245640802979,0.7095841991562593,2.5226079645658728,1.0,-0.9999999999999998,144499.33312019773,,
fixed_band,256,4,4,252,20261161,4,2,1.5497707394526383,0.7154387295713778,2.5714687860772085,1.0,-1.0,6709787.34023265,,
fixed_band,256,4,5,253,20261162,4,2,1.6055163253961617,0.7858892044851691,2.4638764734107976,1.0,-0.9999999999999994,806161.278029967,,
fixed_band,256,4,6,254,20261163,4,2,1.475367736637002,0.6249065314536344,2.685490012426037,1.0,-0.999999999999996,14873031.016092714,,
fixed_band,256,4,7,255,20261164,4,2,1.6261407237257666,0.7820808263322389,2.4462202972848845,1.0,-1.0,204083810648.5178,,
fixed_band,256,8,0,256,20261165,8,2,1.912717315483646,1.0020381575343564,4.151496072213666,1.0,-1.0,51776900.50430844,,
fixed_band,256,8,1,257,20261166,8,2,1.95046131344289,1.0613241860554332,4.0825346139785665,1.0,-1.0,14571642.891765527,,
fixed_band,256,8,2,258,20261167,8,2,2.382605934872146,1.599786243666139,3.3383585016136745,1.0,-0.9999999999999999,437100.35655180766,,
fixed_band,256,8,3,259,20261168,8,2,2.3163529907310907,1.5352883638001278,3.4321939140136015,1.0,-0.9999999999999986,79868.11228649587,,
fixed_band,256,8,4,260,20261169,8,2,1.9163381778549176,1.0411367289424192,4.135820984029442,1.0,-0.9999999999999993,8198703404.419416,,
fixed_band,256,8,5,261,20261170,8,2,2.013397625448029,1.154580514323965,3.9440837728100124,1.0,-0.9999999999999994,1398259.0876963108,,
fixed_band,256,8,6,262,20261171,8,2,1.9210829052035285,1.04099548105153,4.14770526026507,1.0,-1.0,18524855.422278162,,
fixed_band,256,8,7,263,20261172,8,2,2.0480639145217046,1.173901219312143,3.8810188223138837,1.0,-0.9999999999999974,316218837.41590124,,
fixed_band,512,2,0,264,20261173,2,2,1.3218778826844422,0.45459427984336553,1.5111597374964914,1.0,-1.0,227261837.53206646,,
fixed_band,512,2,1,265,20261174,2,2,1.2012736228190228,0.4619178932843503,1.6623446791499135,1.0,-0.9999999999999982,83388.41947645992,,
fixed_band,512,2,2,266,20261175,2,2,1.1749025764893175,0.45638051391630363,1.7001157926997048,1.0,-1.0,2084792660.9344673,,
fixed_band,512,2,3,267,20261176,2,2,1.2524550676473614,0.4610033615232435,1.589903506925333,1.0,-0.9999999999999991,26827659.926907912,,
fixed_band,512,4,0,268,20261177,4,2,1.4097468774209632,0.6103862887713445,2.8288110409071074,1.0,-1.0,28679868515542.484,,
fixed_band,512,4,1,269,20261178,4,2,1.553453558719755,0.7288534458172327,2.5604138044113087,1.0,-1.0,1.3999766825164794e+16,,
fixed_band,512,4,2,270,20261179,4,2,1.4023977567286452,0.5663871268140083,2.844730456693447,1.0,-1.0,93075365320.18236,,
fixed_band,512,4,3,271,20261180,4,2,1.4347998680528682,0.6035519508902126,2.7788856777538014,1.0,-0.9999999999999973,4207716493541.8647,,
fixed_band,512,8,0,272,20261181,8,2,2.2082383512801878,1.4390696186571423,3.6124303159916282,1.0,-0.9999999999999993,18896429.28882415,,
fixed_band,512,8,1,273,20261182,8,2,1.7295682317790393,0.8905216267304789,4.6037544775175006,1.0,-1.0,156841739.2438804,,
fixed_band,512,8,2,274,20261183,8,2,1.9062818627823792,1.0553254387750892,4.179566022143843,1.0,-1.0,4459532308261.836,,
fixed_band,512,8,3,275,20261184,8,2,2.2679613579266724,1.5102455053906936,3.518785377892107,1.0,-1.0,1.3456271024604318e+16,,
fixed_band,1024,4,0,276,20261185,4,2,1.4306525022406795,0.6206045517495706,2.7857808309792293,1.0,-0.9999999999999986,,,
fixed_band,1024,4,1,277,20261186,4,2,1.4243005430569076,0.6300218290495453,2.8016536989539893,1.0,-1.0,1.4190117984611036e+16,,
random_matching,8,2,0,278,20261187,2,2,1.3655297345698538,0.5112074925669727,1.1221594214867439,1.0,-0.9999999999999978,4.133992734117999,,
random_matching,8,2,1,279,20261188,2,2,1.1913180452063066,0.4255913361470019,1.3033157050904032,1.0,-0.9999999999999991,17.259763078108342,,
random_matching,8,2,2,280,20261189,2,2,1.4253030701559375,0.8300320605649941,1.3685103563031507,1.0,-0.9999999999999992,2.7335412472934304,,
random_matching,8,2,3,281,20261190,2,2,1.526282670216657,0.4579885551329601,1.1616542697027858,1.0,-0.9999999999999969,4.259700779330039,,
random_matching,8,2,4,282,20261191,2,2,1.0115754181383318,0.11889323386043049,1.1674957765147227,1.0,-0.9999999999999989,96.94660587768807,,
random_matching,8,2,5,283,20261192,2,2,1.3350560375739344,0.43758167408915793,1.2503830514496852,1.0,-0.9999999999999984,3.105094252367333,,
random_matching,8,2,6,284,20261193,2,2,1.5147392653585734,0.4484935409173039,1.1575458765036306,1.0,-0.9999999999999994,17.139452842448318,,
random_matching,8,2,7,285,20261194,2,2,1.2328855039646427,0.10238524285868875,1.2566038395076955,1.0,-0.9999999999999968,27.792351131488513,,
random_matching,8,2,8,286,20261195,2,2,1.4077236291192143,0.5393930361631611,1.3043615335681573,1.0,-0.9999999999999972,3.3057996450536655,,
random_matching,8,2,9,287,20261196,2,2,1.3164911070776006,0.49099919628366834,1.337203699696867,1.0,-0.9999999999999979,7.536249683933407,,
random_matching,8,2,10,288,20261197,2,2,1.5664121130088897,0.4283694297339528,1.051779775187995,1.0,-0.9999999999999986,2.795202382343938,,
random_matching,8,2,11,289,20261198,2,2,1.2113690261018601,0.33041645413272513,0.945122665946961,1.0,-0.9999999999999974,13.618830330068834,,
random_matching,8,2,12,290,20261199,2,2,1.4005255706642425,0.48437780026122634,1.239022193500796,1.0,-0.9999999999999966,27.056059236597946,,
random_matching,8,2,13,291,20261200,2,2,1.6251624710544812,0.40344976039057107,0.9096755503033133,1.0,-0.9999999999999987,4.451360903424131,,
random_matching,8,2,14,292,20261201,2,2,1.4251642180052893,0.4317075444640984,1.337367750649554,1.0,-0.999999999999998,6.750824106977428,,
random_matching,8,2,15,293,20261202,2,2,1.5979433123207865,0.4659306330595103,1.03890784922426,1.0,-0.9999999999999981,2.4947946287661313,,
random_matching,8,4,0,294,20261203,4,4,2.32610079280612,1.287759687239117,1.4256610440110462,1.0,-0.9999999999999989,8.083077003862055,,
random_matching,8,4,1,295,20261204,4,4,1.7628392160399724,1.2478287251843487,2.169567936237981,1.0,-0.9254295816921034,12.356406718696494,,
random_matching,8,4,2,296,20261205,4,4,2.005078253824614,1.4889607457225496,1.3609478952541723,1.0,-1.0,15.591865246916015,,
random_matching,8,4,3,297,20261206,4,4,1.694819435806801,0.8906264862454113,2.0146475859473285,1.0,-0.9785418057726029,20.07612520386059,,
random_matching,8,4,4,298,20261207,4,4,1.750826644755045,0.9390985825158711,2.070125146036799,1.0,-0.998461150651268,23.568588277717545,,
random_matching,8,4,5,299,20261208,4,4,1.710262163759542,1.229658079604406,2.003388750088212,1.0,-1.0,65.16496700464087,,
random_matching,8,4,6,300,20261209,4,4,1.7002234244707402,0.9842651442182764,1.9910542485973546,1.0,-0.9999999999999987,9.361348466339956,,
random_matching,8,4,7,301,20261210,4,4,1.9215228458514533,1.3934708077150013,1.6469562585360726,1.0,-0.9681237963428745,82.79240714608764,,
random_matching,8,4,8,302,20261211,4,3,1.4145115146751988,0.7921868837402953,2.346978902613022,1.0,-1.0,34.03078042680111,,
random_matching,8,4,9,303,20261212,4,4,1.8904961170649832,1.2089547837339019,1.7893602453611273,1.0,-1.0,8.019585487722905,,
random_matching,8,4,10,304,20261213,4,4,1.8088672174317941,1.3656214993527969,1.818885588647382,1.0,-0.9900535955204091,36.47779516692267,,
random_matching,8,4,11,305,20261214,4,4,1.7307219816834059,1.002309298433959,1.5980837818460354,1.0,-0.9999999999999989,4.661779927728738,,
random_matching,8,4,12,306,20261215,4,4,1.574016372456194,1.0270272552447017,2.0754916562041297,1.0,-0.8628092573134774,12.744916161482356,,
random_matching,8,4,13,307,20261216,4,4,1.5999858289573732,0.9053216044362298,1.8914944820739723,1.0,-0.8801163456614941,10.364093388015926,,
random_matching,8,4,14,308,20261217,4,4,2.1055905405616473,1.3966976718669688,1.3598082832776892,1.0,-0.9999999999999972,11.423288674474046,,
random_matching,8,4,15,309,20261218,4,4,2.090996104616988,1.5979745606678293,1.745282529001431,1.0,-0.9884175499152159,5.481999036043959,,
random_matching,8,8,0,310,20261219,8,6,2.5676807489524003,2.9635057019113584,2.2013384270991114,1.0,-0.9269885127621315,8.595375215710215,,
random_matching,8,8,1,311,20261220,8,7,1.8128076459493332,1.3393927981297051,3.726803892252608,1.0,-1.0,9.683235056548527,,
random_matching,8,8,2,312,20261221,8,6,1.6088114390203394,0.9369038835108854,3.3042493137001494,1.0,-0.974085409984153,7.341861232613918,,
random_matching,8,8,3,313,20261222,8,6,2.9830422518851174,2.757187177637771,2.210106861135683,1.0,-1.0,36.09395534861208,,
random_matching,8,8,4,314,20261223,8,6,2.2162055738419313,1.9647004548812042,3.0189670160532187,1.0,-0.8022890578005589,6.782254363631626,,
random_matching,8,8,5,315,20261224,8,7,2.6013275115685586,2.6271794518372618,2.384985973104847,1.0,-1.0,11.123209946696315,,
random_matching,8,8,6,316,20261225,8,5,2.386199466790158,2.205133146759885,2.577964799206041,1.0,-1.0,30.663382367326104,,
random_matching,8,8,7,317,20261226,8,5,2.275245549678824,2.368619562521634,2.8431353711638274,1.0,-0.9751935178388076,7.425747454671575,,
random_matching,8,8,8,318,20261227,8,6,2.1390094995568427,1.9907230640845432,2.5588961106792776,1.0,-1.0,29.754268126077896,,
random_matching,8,8,9,319,20261228,8,6,3.1437504073258573,3.699745480695153,2.058683030400418,1.0,-0.9785753398102802,18.521337189676643,,
random_matching,8,8,10,320,20261229,8,6,3.041301283628379,3.731615991521741,2.031959853479045,1.0,-0.8774942580263577,9.950834783809189,,
random_matching,8,8,11,321,20261230,8,6,2.44644628221764,2.378255868592429,2.6333375188890775,1.0,-0.9235972891675777,21.513252587373884,,
random_matching,8,8,12,322,20261231,8,7,2.252756911650375,2.263103858776563,2.9563028894743275,1.0,-1.0,21.256618914284175,,
random_matching,8,8,13,323,20261232,8,6,2.5246850728628454,2.5365333013750253,2.5201732821854823,1.0,-1.0,34.52544507338402,,
random_matching,8,8,14,324,20261233,8,6,2.6205671623527103,3.0867391819732153,2.5239333055886024,1.0,-1.0,17.081125931272872,,
random_matching,8,8,15,325,20261234,8,5,1.9609404712353056,1.5517186125121532,3.01640540486136,1.0,-1.0,10.098526038589121,,
random_matching,16,2,0,326,20261235,2,2,1.3558486648756465,0.4922421968220027,1.3882543283683917,1.0,-1.0,56.35703306223216,,
random_matching,16,2,1,327,20261236,2,2,1.2335233028779413,0.45133254204700074,1.5022807187015323,1.0,-1.0,7.643648754822017,,
random_matching,16,2,2,328,20261237,2,2,1.2919230263436836,0.4579717610407078,1.4590764439061834,1.0,-1.0,58.36814092664147,,
random_matching,16,2,3,329,20261238,2,2,1.374798730247487,0.46612913129699673,1.250977938612449,1.0,-1.0,14.585486302208968,,
random_matching,16,2,4,330,20261239,2,2,1.1356487518814453,0.46068523776283415,1.4898548010425487,1.0,-1.0,13.130711936788812,,
random_matching,16,2,5,331,20261240,2,2,1.2498737331388337,0.22610841322751035,1.3984287350391098,1.0,-0.9999999999999967,6.474295531124652,,
random_matching,16,2,6,332,20261241,2,2,1.5465264116645259,0.4422600469155471,1.125856121630093,1.0,-1.0,18.613139715016583,,
random_matching,16,2,7,333,20261242,2,2,1.5108410504418832,0.4669026282868938,1.2669936257767165,1.0,-0.9999999999999994,134.5650580295555,,
random_matching,16,2,8,334,20261243,2,2,1.265125040769337,0.4668727126996401,1.4301617588308673,1.0,-1.0,9.011000843098936,,
random_matching,16,2,9,335,20261244,2,2,1.4105094391245032,0.41686496332866113,1.3154013525383703,1.0,-0.9999999999999971,231.55717082221398,,
random_matching,16,2,10,336,20261245,2,2,1.2947232578510355,0.43533939864729115,1.4175976382064315,1.0,-0.9999999999999966,46.72956486624303,,
random_matching,16,2,11,337,20261246,2,2,1.2886195772068039,0.45572366712131784,1.3963426247847928,1.0,-0.9999999999999992,25.21075512275496,,
random_matching,16,2,12,338,20261247,2,2,1.3069478388567906,0.41401351039472634,1.4673828207793105,1.0,-0.9999999999999983,46.505948399514104,,
random_matching,16,2,13,339,20261248,2,2,1.397903620022531,0.494434396791074,1.344077118332783,1.0,-1.0,49.799446707512814,,
random_matching,16,2,14,340,20261249,2,2,1.3839112036313495,0.48474010338633566,1.4195523753078425,1.0,-1.0,14.969708571715582,,
random_matching,16,2,15,341,20261250,2,2,1.3385587002283073,0.49658985759352015,1.3761827162990274,1.0,-0.9999999999999989,219.24330273015488,,
random_matching,16,4,0,342,20261251,4,4,1.9172184549639897,1.3224682111127233,1.9867831699603458,1.0,-0.9581751488523507,14.974479514057688,,
random_matching,16,4,1,343,20261252,4,4,1.2910693545384595,0.7834156178513558,2.880982678858027,1.0,-0.9999099351946243,156.95447423472615,,
random_matching,16,4,2,344,20261253,4,4,2.0278347172437283,1.1278930911228802,1.7543931804511328,1.0,-1.0,437.96216047157407,,
random_matching,16,4,3,345,20261254,4,4,1.6338058360752115,1.0355710480427816,2.214769513151743,1.0,-1.0,18.90693033936979,,
random_matching,16,4,4,346,20261255,4,4,1.8510548253062977,1.2465465850141277,1.9784003124190845,1.0,-0.985438595571185,143.74353654530452,,
random_matching,16,4,5,347,20261256,4,4,1.8636133407170432,1.321832597504998,1.9223436612759623,1.0,-0.9541433959109558,113.50019017120877,,
random_matching,16,4,6,348,20261257,4,4,1.7555134371221595,1.324467493447896,1.8859870562500654,1.0,-1.0,6.113538755244045,,
random_matching,16,4,7,349,20261258,4,4,2.0591607225879436,1.628156266776585,1.7759739076286194,1.0,-1.0,1164.3926300633175,,
random_matching,16,4,8,350,20261259,4,4,1.8043259450835625,1.1437981987651162,1.93778435159559,1.0,-1.0,48.71766001126991,,
random_matching,16,4,9,351,20261260,4,4,1.94275438525929,1.4098336881944042,1.9129203614879826,1.0,-1.0,65.23549236230102,,
random_matching,16,4,10,352,20261261,4,4,1.3776160515916434,0.599028000232708,2.4306365853750407,1.0,-0.9996624947451308,16.87161718083666,,
random_matching,16,4,11,353,20261262,4,4,2.0961183707831754,1.5847093115092734,1.723043537855749,1.0,-1.0,316.3778911945481,,
random_matching,16,4,12,354,20261263,4,4,1.5681026424511972,0.9162430115920852,2.3196183005549997,1.0,-1.0,207.29382844592504,,
random_matching,16,4,13,355,20261264,4,4,1.7256374984610352,1.1881352249628236,2.2158284800177808,1.0,-1.0,56.6291409519046,,
random_matching,16,4,14,356,20261265,4,4,1.7171635897689963,1.163546458140406,2.026671379227292,1.0,-1.0,42.22932293276296,,
random_matching,16,4,15,357,20261266,4,4,1.8809227518832428,1.0961937615237658,1.9159177992486638,1.0,-0.9983646223761565,8.856767808816093,,
random_matching,16,8,0,358,20261267,8,8,2.5134518124062852,2.5441584607222136,2.901157959785949,1.0,-0.9921559362900968,29.924244846128367,,
random_matching,16,8,1,359,20261268,8,8,2.484184265833138,2.774751023512418,2.826799822000712,1.0,-0.9944865055232016,61744.18177970516,,
random_matching,16,8,2,360,20261269,8,7,2.7016459313706545,3.3555715394812053,2.646882103584099,1.0,-0.9785089442743041,108.16143173505299,,
random_matching,16,8,3,361,20261270,8,7,2.3013766837156213,2.189163363277167,3.1032185059143442,1.0,-1.0,42.88347859337402,,
random_matching,16,8,4,362,20261271,8,7,2.755298893264945,3.208471972388761,2.6155575658161676,1.0,-1.0,55.69538636886603,,
random_matching,16,8,5,363,20261272,8,8,2.6936328142458663,2.9977545318517733,2.5685088521973896,1.0,-0.9210986957294797,29.42162393101479,,
random_matching,16,8,6,364,20261273,8,8,2.221253545236465,2.016233654945652,2.8093311528672325,1.0,-0.9951330731089573,19.359200251505317,,
random_matching,16,8,7,365,20261274,8,8,2.599109041018892,2.8985534926320122,2.8358779060251087,1.0,-0.9720021446685424,41.57655286464876,,
random_matching,16,8,8,366,20261275,8,8,2.313739627741666,2.233459248628304,3.1190436585730725,1.0,-0.9660309388617109,32.01407924643203,,
random_matching,16,8,9,367,20261276,8,7,2.5617261663790174,2.554969012037416,2.8960352291247955,1.0,-1.0,30.857265789855287,,
random_matching,16,8,10,368,20261277,8,8,2.453355037866102,2.6410712077901852,2.8188272973604582,1.0,-1.0,20.518482108999596,,
random_matching,16,8,11,369,20261278,8,7,2.2628729254422475,2.0978497120643382,3.2224185817446735,1.0,-1.0,59.50640323471355,,
random_matching,16,8,12,370,20261279,8,7,2.8619519578891994,3.2187123880203785,2.611752814256267,1.0,-1.0,17.267596645338575,,
random_matching,16,8,13,371,20261280,8,8,2.2591541546612257,2.3572612126855423,3.035689244263798,1.0,-0.8985202615936828,198.2941789339628,,
random_matching,16,8,14,372,20261281,8,8,2.9507899760520786,3.256499129852198,2.369937873074668,1.0,-0.9656185978797437,2172.995688906146,,
random_matching,16,8,15,373,20261282,8,8,2.581180891048789,3.06172066708251,2.786201416951429,1.0,-1.0,18.30577388832984,,
random_matching,32,2,0,374,20261283,2,2,1.4582406571281328,0.42865843885942456,1.330316283288555,1.0,-1.0,210.21347107118905,,
random_matching,32,2,1,375,20261284,2,2,1.4391407778422831,0.43580513977577673,1.2814797235357815,1.0,-1.0,16.182258323926167,,
random_matching,32,2,2,376,20261285,2,2,1.4220504848451392,0.41044047847952847,1.340799637438055,1.0,-0.9999999999999976,51.9082578807226,,
random_matching,32,2,3,377,20261286,2,2,1.3047572541587933,0.47864623746597246,1.461915223984359,1.0,-0.9999999999999988,212.54028347948733,,
random_matching,32,2,4,378,20261287,2,2,1.2582325780511499,0.33799953674481764,1.5542952552873979,1.0,-1.0,78.9281427563068,,
random_matching,32,2,5,379,20261288,2,2,1.3085590004116887,0.4739148798561616,1.403837916229283,1.0,-0.9999999999999971,2409.775338814929,,
random_matching,32,2,6,380,20261289,2,2,1.479339620287903,0.4638787070592418,1.2496463121502448,1.0,-0.9999999999999971,147.88728502075105,,
random_matching,32,2,7,381,20261290,2,2,1.2780379930704149,0.44009284767079054,1.522057002747927,1.0,-0.9999999999999991,280.5622859825459,,
random_matching,32,2,8,382,20261291,2,2,1.524350171498217,0.45619815221866555,1.2316472853591884,1.0,-1.0,11317.997882128233,,
random_matching,32,2,9,383,20261292,2,2,1.330848303355967,0.461625991385031,1.3557306910710705,1.0,-1.0,4395.8592671679235,,
random_matching,32,2,10,384,20261293,2,2,1.4151138899143887,0.47677137820076193,1.399792262041867,1.0,-1.0,283.30756469933857,,
random_matching,32,2,11,385,20261294,2,2,1.4192882209561848,0.44303655068979075,1.2805368451224295,1.0,-1.0,61.172896956218814,,
random_matching,32,2,12,386,20261295,2,2,1.3839873777881064,0.46466139545209895,1.3667500535567563,1.0,-1.0,29.129310619802798,,
random_matching,32,2,13,387,20261296,2,2,1.3312917956288408,0.43633982921592673,1.226903282979764,1.0,-0.9999999999999986,716.3842030999992,,
random_matching,32,2,14,388,20261297,2,2,1.3984000628212743,0.4767277390093295,1.2860804116652476,1.0,-0.9999999999999979,219.73499912768406,,
random_matching,32,2,15,389,20261298,2,2,1.4437333009255555,0.41599944874298844,1.2990206709011296,1.0,-0.9999999999999991,17.425884960571484,,
random_matching,32,4,0,390,20261299,4,4,1.7438593528640547,1.1642704090858202,2.0858603241196487,1.0,-1.0,25.22052508095686,,
random_matching,32,4,1,391,20261300,4,4,1.7630818369943153,1.1032273461687518,2.1452434828090325,1.0,-0.9969839642586847,108.4978377007149,,
random_matching,32,4,2,392,20261301,4,4,1.6629098143014571,1.0762928270221577,2.2669189321149448,1.0,-0.9007678706840181,688.5545402302587,,
random_matching,32,4,3,393,20261302,4,4,1.706750269047571,1.200528213617623,2.2070136542640255,1.0,-1.0,64.81891413429477,,
random_matching,32,4,4,394,20261303,4,4,1.8644049809606282,1.3737945998393184,2.0546354703734755,1.0,-1.0,2324.6109376211166,,
random_matching,32,4,5,395,20261304,4,4,1.7418638254257535,1.1610639492102584,2.2043595970907743,1.0,-1.0,80.0774289196882,,
random_matching,32,4,6,396,20261305,4,4,1.6732365868171994,1.0368459071761922,2.199960434285386,1.0,-0.9899706340527812,97.39844932794979,,
random_matching,32,4,7,397,20261306,4,4,1.9029826268989662,1.2445438529548403,1.8200160002256687,1.0,-1.0,33.03103854256816,,
random_matching,32,4,8,398,20261307,4,4,1.8036573321251885,1.2050653928452018,2.1318657928271643,1.0,-1.0,72.07399133490976,,
random_matching,32,4,9,399,20261308,4,4,1.8307245893877626,1.2487665977607996,2.0537626527538504,1.0,-1.0,49.192268976037454,,
random_matching,32,4,10,400,20261309,4,4,1.7561183364185755,1.1945472046986911,2.1350741211300157,1.0,-0.9275954428201993,119.9538305699537,,
random_matching,32,4,11,401,20261310,4,4,1.8559160586659211,1.370773174390517,2.074904264928285,1.0,-0.9964186930873642,68.83864231813317,,
random_matching,32,4,12,402,20261311,4,4,1.7202340321123126,1.1287062222438407,2.12773573235115,1.0,-1.0,6684.6515989275285,,
random_matching,32,4,13,403,20261312,4,4,1.861434523258812,1.2605769673192626,2.1122637611237094,1.0,-0.9885781918139501,92.50949337969693,,
random_matching,32,4,14,404,20261313,4,4,2.0162528749212854,1.4901764703096507,1.8924937199541865,1.0,-0.9906628019866242,52.73106235021322,,
random_matching,32,4,15,405,20261314,4,4,1.9168353568657086,1.351900569092448,2.011890879725235,1.0,-1.0,313.92147877415755,,
random_matching,32,8,0,406,20261315,8,8,2.493767273945858,2.5065417832370245,3.065502997037609,1.0,-0.9346677014825201,203.7902380992412,,
random_matching,32,8,1,407,20261316,8,8,2.6981632188459304,2.897558584427776,2.8296074009200938,1.0,-0.9335640137104657,80.78514423488703,,
random_matching,32,8,2,408,20261317,8,8,2.678657787431312,3.080179874266168,2.72661305070373,1.0,-1.0,57.86222972128132,,
random_matching,32,8,3,409,20261318,8,8,2.35637794312343,2.377695546484721,3.2382078680831476,1.0,-1.0,125.86980314799207,,
random_matching,32,8,4,410,20261319,8,8,2.3041395088608425,2.400885995387102,3.1623479878741274,1.0,-1.0,364.59793377851236,,
random_matching,32,8,5,411,20261320,8,8,2.609807986896563,2.8715548364384706,2.8756211998832715,1.0,-1.0,62.72191525168025,,
random_matching,32,8,6,412,20261321,8,8,2.4142345452064147,2.6050847013008926,3.0207924043500856,1.0,-0.9044745224714998,23.937466106067845,,
random_matching,32,8,7,413,20261322,8,8,2.4903256218478167,2.683979743227161,2.8935896550356373,1.0,-0.9879775476063215,50.863407118269116,,
random_matching,32,8,8,414,20261323,8,8,2.692759716952908,3.0770213092930323,2.812985099663605,1.0,-0.975146289045509,104.23115571468755,,
random_matching,32,8,9,415,20261324,8,8,2.460425521823793,2.5120492406471464,2.9835089651959494,1.0,-1.0,49.06272525831386,,
random_matching,32,8,10,416,20261325,8,8,2.418704402415929,2.5921146121672796,3.137813493639668,1.0,-1.0,90.80680645074544,,
random_matching,32,8,11,417,20261326,8,8,2.5324298333993247,2.8501359377531643,3.051723631935719,1.0,-1.0,99.57368431078503,,
random_matching,32,8,12,418,20261327,8,8,2.6427808076702743,2.9838442804007057,2.8220640988577275,1.0,-0.9959269131700199,40.827119964866796,,
random_matching,32,8,13,419,20261328,8,8,2.3752700584740776,2.4139051956193205,3.2161631070457957,1.0,-0.9518296794941965,1906.1583348090514,,
random_matching,32,8,14,420,20261329,8,8,2.4711733677296515,2.7941629461343718,2.96244234576675,1.0,-0.911579536764134,7839.513720949633,,
random_matching,32,8,15,421,20261330,8,8,2.5773108586812867,2.8772874713904195,3.0096518482391934,1.0,-0.9842261812286667,32.891485615894894,,
random_matching,64,2,0,422,20261331,2,2,1.241534974821685,0.4611289537780059,1.5839296412384622,1.0,-1.0,2251.7653841151346,,
random_matching,64,2,1,423,20261332,2,2,1.2684482864619062,0.4072122326551834,1.5330769544974425,1.0,-1.0,14828.58735553658,,
random_matching,64,2,2,424,20261333,2,2,1.2688144140044524,0.4410600557084456,1.5114508655742644,1.0,-0.9999999999999973,242.04663076178014,,
random_matching,64,2,3,425,20261334,2,2,1.441892701177349,0.483264576457277,1.329490785088971,1.0,-0.9999999999999984,5011.66319120276,,
random_matching,64,2,4,426,20261335,2,2,1.3422411301947763,0.458378746194347,1.4575706445988301,1.0,-0.9999999999999999,58.138196133301655,,
random_matching,64,2,5,427,20261336,2,2,1.3137127837654687,0.44509227946589897,1.5004615462596815,1.0,-1.0,364.09862154458284,,
random_matching,64,2,6,428,20261337,2,2,1.3741163443723785,0.4687891732372112,1.30837697329306,1.0,-0.9999999999999981,707.4146061502561,,
random_matching,64,2,7,429,20261338,2,2,1.4175998331950843,0.4640874327997113,1.4026633632635708,1.0,-1.0,353.86233696809614,,
random_matching,64,2,8,430,20261339,2,2,1.3187971679012591,0.4632315507855697,1.4924858202132034,1.0,-0.9999999999999983,5412.792287482253,,
random_matching,64,2,9,431,20261340,2,2,1.279080744391579,0.42779803119800475,1.5589750308806067,1.0,-1.0,260.9881866783335,,
random_matching,64,2,10,432,20261341,2,2,1.3221741171029546,0.4531050305136744,1.4865422381857647,1.0,-0.9999999999999986,579.1364560762038,,
random_matching,64,2,11,433,20261342,2,2,1.2694345581701816,0.44027428629921983,1.561536574856822,1.0,-1.0,2415.305287114195,,
random_matching,64,2,12,434,20261343,2,2,1.4087982582487084,0.45321851241004024,1.2988826928437487,1.0,-0.9999999999999981,99.88882457622232,,
random_matching,64,2,13,435,20261344,2,2,1.3761526051304243,0.49204205063404666,1.4028467933987825,1.0,-1.0,1391.877404803227,,
random_matching,64,2,14,436,20261345,2,2,1.3303508513686395,0.4677960064895452,1.4899032482514656,1.0,-0.9999999999999987,58.8672414071407,,
random_matching,64,2,15,437,20261346,2,2,1.271597519791749,0.40890245866165253,1.542980539223013,1.0,-0.9999999999999982,1128.508099239292,,
random_matching,64,4,0,438,20261347,4,4,1.7972890141599638,1.2966498807471303,2.1260234763999404,1.0,-0.9990315780179013,75.82072736574472,,
random_matching,64,4,1,439,20261348,4,4,1.6297471947477367,1.0258381017283575,2.4057630870383813,1.0,-0.9982279602017016,385.7349766443985,,
random_matching,64,4,2,440,20261349,4,4,1.741170423948409,1.1967431696769428,2.222423359209719,1.0,-0.9917740024421575,3603.6962063423384,,
random_matching,64,4,3,441,20261350,4,4,1.8068704675307816,1.283089677335652,2.1044739778064643,1.0,-1.0,56.82424076164224,,
random_matching,64,4,4,442,20261351,4,4,1.8069670610222242,1.23702934518725,2.108795852747631,1.0,-0.9855162333709165,93.65439698479176,,
random_matching,64,4,5,443,20261352,4,4,1.932448553330618,1.3962738457781325,2.044977978814607,1.0,-0.9792163999048238,111.71090845677367,,
random_matching,64,4,6,444,20261353,4,4,1.9077141301851714,1.3521853397887948,2.026598097621652,1.0,-1.0,191.31856949121888,,
random_matching,64,4,7,445,20261354,4,4,1.8069930823965692,1.276149667110655,2.1865136612512317,1.0,-1.0,384.0158896812788,,
random_matching,64,4,8,446,20261355,4,4,1.780570447417997,1.4109579117822069,2.2003405285008824,1.0,-0.9225487433386911,125.60435763846064,,
random_matching,64,4,9,447,20261356,4,4,1.6512703642208215,1.1765106556534515,2.373737064561001,1.0,-1.0,106.71339725789137,,
random_matching,64,4,10,448,20261357,4,4,1.8414938882005205,1.2895434587368493,2.121930035088932,1.0,-0.993874576001275,204.29908387773452,,
random_matching,64,4,11,449,20261358,4,4,1.778949299656573,1.3268006210138668,2.192813889254165,1.0,-1.0,190.09300536375466,,
random_matching,64,4,12,450,20261359,4,4,1.872900476891089,1.4015787328564802,2.0709074994178023,1.0,-0.9999145337778255,127.50909493876294,,
random_matching,64,4,13,451,20261360,4,4,1.9034074364808031,1.4013240114823342,2.0749056728891624,1.0,-0.9975550800221694,156.3814020114722,,
random_matching,64,4,14,452,20261361,4,4,1.8847167836993808,1.36196116902125,2.0498204600357712,1.0,-1.0,76.0859941969333,,
random_matching,64,4,15,453,20261362,4,4,1.7723826340603248,1.2860879072280995,2.171304436622084,1.0,-0.9840823043222949,251.71112213337852,,
random_matching,64,8,0,454,20261363,8,8,2.585618554751471,2.984545746655168,3.0454677054736363,1.0,-0.993339965411438,105.40430737428579,,
random_matching,64,8,1,455,20261364,8,8,2.5119013130587615,2.8060691245994374,3.0419525007124575,1.0,-1.0,958.3515867267985,,
random_matching,64,8,2,456,20261365,8,8,2.583957276515793,2.9152857009486515,3.0218900949332714,1.0,-1.0,1007.5712781459972,,
random_matching,64,8,3,457,20261366,8,8,2.5248146570062184,2.9137944372595492,3.125810067470198,1.0,-0.9739920424872197,87.57279612610716,,
random_matching,64,8,4,458,20261367,8,8,2.498871288772569,2.7767279530789803,3.102492397826839,1.0,-1.0,46151.870180555015,,
random_matching,64,8,5,459,20261368,8,8,2.5845247849647497,2.7679229641748795,3.027611435614916,1.0,-1.0,200.56555366441518,,
random_matching,64,8,6,460,20261369,8,8,2.5438261752432036,2.947533157793784,3.030253814320986,1.0,-1.0,279.9291240481342,,
random_matching,64,8,7,461,20261370,8,8,2.517698477545361,2.9670278833214825,3.048386760495932,1.0,-1.0,120.9574718490292,,
random_matching,64,8,8,462,20261371,8,8,2.3793751431109786,2.6864521627722073,3.288007327887182,1.0,-1.0,97.74737893647742,,
random_matching,64,8,9,463,20261372,8,8,2.139657477909629,2.233136783433576,3.5765258335883656,1.0,-0.9405268525244188,62.42916205345209,,
random_matching,64,8,10,464,20261373,8,8,2.31355238059073,2.5781808800694885,3.2922949102345007,1.0,-1.0,392.38994215778126,,
random_matching,64,8,11,465,20261374,8,8,2.555548555562867,2.908159784883768,3.0922696832201417,1.0,-0.9344607826851848,53.53473736369614,,
random_matching,64,8,12,466,20261375,8,8,2.5712947567003575,2.962266178838186,3.020655866142204,1.0,-1.0,102.77782360998204,,
random_matching,64,8,13,467,20261376,8,8,2.620110229164436,2.8961395687178837,2.959177037540886,1.0,-0.9519409500382228,583.4821423696794,,
random_matching,64,8,14,468,20261377,8,8,2.395113656632385,2.536483883378559,3.274039774409499,1.0,-0.9218959800141249,361.4376770960341,,
random_matching,64,8,15,469,20261378,8,8,2.3096389837298954,2.4543482013866784,3.341444148957582,1.0,-0.9754912955705868,1404.2755352836816,,
random_matching,128,2,0,470,20261379,2,2,1.2610234465175625,0.4670799103106697,1.5765881739903695,1.0,-0.9999999999999996,317.07796595525843,,
random_matching,128,2,1,471,20261380,2,2,1.191786911699677,0.4513154018486445,1.6449948752698955,1.0,-0.999999999999999,5669979.300332345,,
random_matching,128,2,2,472,20261381,2,2,1.3310796319492089,0.45573477842098586,1.4762526747130882,1.0,-1.0,4212.354208995531,,
random_matching,128,2,3,473,20261382,2,2,1.2256296177533694,0.4537414760814015,1.6105750151513953,1.0,-0.9999999999999978,77561.80298158992,,
random_matching,128,2,4,474,20261383,2,2,1.3066171990457347,0.45596892511224885,1.5287618705495298,1.0,-0.9999999999999997,2549.594583924178,,
random_matching,128,2,5,475,20261384,2,2,1.3828917663741054,0.4136587943344992,1.4313211897812337,1.0,-1.0,422418.2168402816,,
random_matching,128,2,6,476,20261385,2,2,1.303568766068547,0.4821290919290492,1.5196418456657086,1.0,-0.9999999999999973,237927.7826062861,,
random_matching,128,2,7,477,20261386,2,2,1.3211777917045067,0.458196161565006,1.4940040991597507,1.0,-0.9999999999999979,1290.808024952,,
random_matching,128,2,8,478,20261387,2,2,1.2390296870741087,0.47622111254869415,1.6011396030164073,1.0,-0.9999999999999994,674.6186613289784,,
random_matching,128,2,9,479,20261388,2,2,1.3486815554704101,0.4184402744201364,1.4562919631630868,1.0,-1.0,7036.083850375945,,
random_matching,128,2,10,480,20261389,2,2,1.2583815265355522,0.4519956275566072,1.5803588109585625,1.0,-1.0,80.44463152329824,,
random_matching,128,2,11,481,20261390,2,2,1.3244547135393825,0.4500601500270817,1.460448485577507,1.0,-1.0,1175.4544691785932,,
random_matching,128,2,12,482,20261391,2,2,1.2508390316356675,0.47427337089378624,1.5689963257421182,1.0,-0.999999999999998,1285.8296345774463,,
random_matching,128,2,13,483,20261392,2,2,1.179969600639608,0.45985429396959493,1.6702852505263401,1.0,-0.9999999999999987,16060270.324597426,,
random_matching,128,2,14,484,20261393,2,2,1.1895759915527098,0.4440859305640273,1.677558332485828,1.0,-0.9999999999999979,409889.51022395276,,
random_matching,128,2,15,485,20261394,2,2,1.3677939379109212,0.4621891074219739,1.443470699431338,1.0,-1.0,6213900.718709807,,
random_matching,128,4,0,486,20261395,4,4,1.8634297132362896,1.471834743730133,2.100939205853698,1.0,-0.968691336487247,386.0151032325566,,
random_matching,128,4,1,487,20261396,4,4,1.7000252597070227,1.2490232740632639,2.2952344645263016,1.0,-0.9990934473790515,135.9563650517818,,
random_matching,128,4,2,488,20261397,4,4,1.899261696475538,1.3949280103310442,2.028198676041955,1.0,-0.9673358921787467,175.20973892094608,,
random_matching,128,4,3,489,20261398,4,4,1.7506732031524828,1.3101669620476502,2.2533052839096226,1.0,-0.9858409333230033,439.42990376378236,,
random_matching,128,4,4,490,20261399,4,4,1.866454092661598,1.3741487642076453,2.1268059320349066,1.0,-1.0,52.8994029251651,,
random_matching,128,4,5,491,20261400,4,4,1.6572478143848333,1.1212682325483327,2.3978390250297457,1.0,-0.9989468477962954,523.4817980967234,,
random_matching,128,4,6,492,20261401,4,4,1.815668545268462,1.3068818133780935,2.147383908456654,1.0,-0.977427523912793,555.2933945349016,,
random_matching,128,4,7,493,20261402,4,4,1.7859020136643513,1.3408548577062123,2.2188600529990663,1.0,-1.0,1003.0043307043367,,
random_matching,128,4,8,494,20261403,4,4,1.7570352000205756,1.3135457808758821,2.2369210035652825,1.0,-1.0,178.65236878866347,,
random_matching,128,4,9,495,20261404,4,4,1.88512971823894,1.3386312698300726,2.048569828535012,1.0,-0.9930455202053919,418.42103463484557,,
random_matching,128,4,10,496,20261405,4,4,1.7602121456266837,1.2519633081333659,2.2343767281661173,1.0,-0.9860218211108138,633.9152535668355,,
random_matching,128,4,11,497,20261406,4,4,1.7777465754888637,1.3767113966452753,2.19876524047311,1.0,-0.9944833458484252,12969.20059689387,,
random_matching,128,4,12,498,20261407,4,4,1.749366347758884,1.3195108373724516,2.2496914878790633,1.0,-1.0,242.2369728530863,,
random_matching,128,4,13,499,20261408,4,4,1.8237901499397624,1.3848510653027164,2.1396469772664366,1.0,-1.0,173.5208492326592,,
random_matching,128,4,14,500,20261409,4,4,1.7351060556073028,1.2036897635753951,2.2510355434866973,1.0,-1.0,211.3921934578706,,
random_matching,128,4,15,501,20261410,4,4,1.7800347835202919,1.3738574481530121,2.230012718243629,1.0,-1.0,342.47552716272446,,
random_matching,128,8,0,502,20261411,8,8,2.4979144604888974,2.933706224806036,3.118241976786741,1.0,-1.0,465.9377746166451,,
random_matching,128,8,1,503,20261412,8,8,2.508877279018497,2.9868741241012065,3.144393950960119,1.0,-1.0,256.5714018116609,,
random_matching,128,8,2,504,20261413,8,8,2.5248597598555116,3.1269982044834808,3.121525574155876,1.0,-1.0,179.30989894967155,,
random_matching,128,8,3,505,20261414,8,8,2.4407510458631965,2.884451511176426,3.207443460999363,1.0,-0.9818168299899432,139.6024980926978,,
random_matching,128,8,4,506,20261415,8,8,2.669930609785592,3.3375594467224987,2.933554788465286,1.0,-1.0,141.15366971778357,,
random_matching,128,8,5,507,20261416,8,8,2.500894597266469,3.0330147748317957,3.1621033930966034,1.0,-1.0,536.4617740123961,,
random_matching,128,8,6,508,20261417,8,8,2.504728798123896,2.976712731607922,3.1571917749780587,1.0,-1.0,77.49678150380534,,
random_matching,128,8,7,509,20261418,8,8,2.461833847540059,2.9756094044972152,3.2064712552675694,1.0,-0.9833695581235407,225.90731761779082,,
random_matching,128,8,8,510,20261419,8,8,2.484870190649687,2.867155207625156,3.150337335084282,1.0,-1.0,727.5731120992323,,
random_matching,128,8,9,511,20261420,8,8,2.600793853942819,3.0940262601983184,3.0496964439599745,1.0,-1.0,550.5613121442221,,
random_matching,128,8,10,512,20261421,8,8,2.537305318133549,2.999660203767921,3.038893405333904,1.0,-1.0,501.43016022051097,,
random_matching,128,8,11,513,20261422,8,8,2.508151161684774,3.072754969694929,3.1452943901640165,1.0,-0.9926846882817629,262.3321582560865,,
random_matching,128,8,12,514,20261423,8,8,2.6176173253854103,3.057528096303449,3.009172220356385,1.0,-0.9987979296383883,3242.153037947431,,
random_matching,128,8,13,515,20261424,8,8,2.5025261037552426,3.040386657371817,3.1582387705841666,1.0,-1.0,92.18988127558016,,
random_matching,128,8,14,516,20261425,8,8,2.5501673691542255,3.0230387908617575,3.0929066285658555,1.0,-0.9556779068372888,162.908573530683,,
random_matching,128,8,15,517,20261426,8,8,2.3794810523873546,2.8614865178033964,3.3107646511869353,1.0,-0.9428397907692717,336.0152323610032,,
random_matching,256,2,0,518,20261427,2,2,1.3344667497480773,0.4533626880834265,1.489345863328227,1.0,-1.0,2490293262.4531612,,
random_matching,256,2,1,519,20261428,2,2,1.3267684142756133,0.46501573730467227,1.5020250423228465,1.0,-0.9999999999999987,105977.95367284697,,
random_matching,256,2,2,520,20261429,2,2,1.2594764498098132,0.4426988184981351,1.5780108522785476,1.0,-1.0,9654047.266197922,,
random_matching,256,2,3,521,20261430,2,2,1.3299655340794811,0.4852215975804035,1.490798818479031,1.0,-0.9999999999999978,1304327.0097723189,,
random_matching,256,2,4,522,20261431,2,2,1.2214307047727941,0.4359218322314978,1.6167789442062364,1.0,-1.0,32806.00689545578,,
random_matching,256,2,5,523,20261432,2,2,1.31100942671255,0.4623065388676722,1.5166100529333595,1.0,-0.9999999999999988,135839152.65749258,,
random_matching,256,2,6,524,20261433,2,2,1.2847094763952267,0.4605675011022263,1.5240743824890326,1.0,-1.0,4390.464751766925,,
random_matching,256,2,7,525,20261434,2,2,1.2688611961589644,0.4227303463636892,1.5712440041147855,1.0,-0.9999999999999996,362969.2291320474,,
random_matching,256,4,0,526,20261435,4,4,1.6336672016342322,1.2468560045049162,2.388261067800212,1.0,-1.0,1060.6046154867136,,
random_matching,256,4,1,527,20261436,4,4,1.843450764579867,1.4060512079051717,2.1566706727668734,1.0,-1.0,702.8647247220946,,
random_matching,256,4,2,528,20261437,4,4,1.6942842571079082,1.319916648029169,2.324747217903022,1.0,-1.0,939.3255083132235,,
random_matching,256,4,3,529,20261438,4,4,1.7424768089789175,1.2553474127866495,2.2861590540792966,1.0,-1.0,285.0372221558192,,
random_matching,256,4,4,530,20261439,4,4,1.7628619887303787,1.2956157702820035,2.25415738256423,1.0,-0.9994421925811057,1593.1385180592886,,
random_matching,256,4,5,531,20261440,4,4,1.7972399796012386,1.3454843834200314,2.1871186655180477,1.0,-1.0,27258.70851312928,,
random_matching,256,4,6,532,20261441,4,4,1.8280561940513906,1.3609831740074667,2.1617755815793993,1.0,-1.0,808.258687540415,,
random_matching,256,4,7,533,20261442,4,4,1.7233065781019827,1.2237125057042237,2.299189031699036,1.0,-0.9985174338676219,1130.197608115942,,
random_matching,256,8,0,534,20261443,8,8,2.5254211342812565,3.175950476839857,3.1469855560558853,1.0,-0.9821088057769627,505.0200744155826,,
random_matching,256,8,1,535,20261444,8,8,2.3878984630479327,3.0432469437405096,3.3298136644040506,1.0,-0.986538654098056,12913.236405534246,,
random_matching,256,8,2,536,20261445,8,8,2.5354094688836697,3.0600133566734273,3.132428338053137,1.0,-1.0,616.9171687583918,,
random_matching,256,8,3,537,20261446,8,8,2.482116571103769,3.058860833833391,3.20789993975089,1.0,-1.0,625.8303974165896,,
random_matching,256,8,4,538,20261447,8,8,2.468410182649751,2.989633035743156,3.2153423679500586,1.0,-0.9556691606230864,7554.706218415867,,
random_matching,256,8,5,539,20261448,8,8,2.5893427109019345,3.258926869455579,3.059470927184039,1.0,-1.0,150.8740608901752,,
random_matching,256,8,6,540,20261449,8,8,2.475798719450981,3.0770460308294947,3.21341607340267,1.0,-0.9987083778071396,279.7825904446228,,
random_matching,256,8,7,541,20261450,8,8,2.51179237816264,3.129029643285116,3.165835126137307,1.0,-1.0,523.9936661423686,,
random_matching,512,2,0,542,20261451,2,2,1.2404673384666767,0.4429236171897317,1.602930864953724,1.0,-0.9999999999999992,241293.15755681822,,
random_matching,512,2,1,543,20261452,2,2,1.1582868870975274,0.4520580266889723,1.7237481731007398,1.0,-0.999999999999996,210116.76059570583,,
random_matching,512,2,2,544,20261453,2,2,1.2520695977279774,0.44021365359350023,1.5919753309294709,1.0,-1.0,857432.7189486482,,
random_matching,512,2,3,545,20261454,2,2,1.3021955195890773,0.4610093255441424,1.5290723553010699,1.0,-1.0,7822672710225758.0,,
random_matching,512,4,0,546,20261455,4,4,1.7281017926851843,1.3839587620752032,2.309818928521024,1.0,-0.999410347677903,794.382494311481,,
random_matching,512,4,1,547,20261456,4,4,1.705618359183335,1.2560590711797142,2.337532004579291,1.0,-0.9984070499378439,28707.000399645567,,
random_matching,512,4,2,548,20261457,4,4,1.7714936568394108,1.3814632654113983,2.241560873731443,1.0,-0.9861839399443252,3281.520497757069,,
random_matching,512,4,3,549,20261458,4,4,1.8246835472212526,1.4442488189517146,2.1885021319784688,1.0,-1.0,1994.7744522348357,,
random_matching,512,8,0,550,20261459,8,8,2.472264943243022,3.1035033504710876,3.22147247472294,1.0,-0.999863158671293,366.8819583558574,,
random_matching,512,8,1,551,20261460,8,8,2.4870229593908544,3.205826326101602,3.201236681480188,1.0,-1.0,890.9787776748725,,
random_matching,512,8,2,552,20261461,8,8,2.5031655218855358,3.183549772618811,3.1814361963788693,1.0,-0.9930441363336157,1053.1195634003254,,
random_matching,512,8,3,553,20261462,8,8,2.403577670355188,3.069786587515691,3.309577763612516,1.0,-1.0,609.2076630396085,,
random_matching,1024,4,0,554,20261463,4,4,1.7364483051062645,1.4179282575013952,2.2980873254954006,1.0,-1.0,5032.431195186195,,
random_matching,1024,4,1,555,20261464,4,4,1.7176736987982055,1.4049013774443122,2.32474853878318,1.0,-0.9935140148776127,1281.1857604677552,,
random_spd,8,2,0,556,20261465,3,3,1.1005151559392294,0.0930226820899068,2.9421326540779713,1.0,0.08497237527801073,11.76853061631174,,
random_spd,8,2,1,557,20261466,3,3,1.1694157694450942,0.09191094780076907,2.8955506327817995,1.0,0.08633936397783588,11.58220253112716,,
random_spd,8,2,2,558,20261467,3,3,1.1378375129425868,0.0932945941144212,3.231950072601169,1.0,0.07735268007986087,12.927800290404607,,
random_spd,8,2,3,559,20261468,3,3,1.0820281507273621,0.09248820174774772,3.3924039234623646,1.0,0.07369405461153009,13.569615693849219,,
random_spd,8,2,4,560,20261469,3,3,1.1388783142388883,0.09270238254369012,2.923517063137616,1.0,0.0855134396690315,11.69406825255034,,
random_spd,8,2,5,561,20261470,3,3,1.2603026895346656,0.08444796305070577,2.3351968740403057,1.0,0.10705735468352981,9.340787496161107,,
random_spd,8,2,6,562,20261471,3,3,1.270093955510566,0.09336195304885248,2.4913259156178853,1.0,0.10034817140253469,9.965303662471532,,
random_spd,8,2,7,563,20261472,3,3,1.126106853142952,0.08681072771512087,2.730000600861024,1.0,0.09157507141981959,10.920002403444155,,
random_spd,8,2,8,564,20261473,3,3,1.3533658400319832,0.09379277924563581,2.1598202998039584,1.0,0.11575037053901753,8.63928119921583,,
random_spd,8,2,9,565,20261474,3,3,1.1801325344042,0.0135359829461896,2.6780312823206396,1.0,0.09335215822548759,10.712125129282482,,
random_spd,8,2,10,566,20261475,3,3,1.1228678440162105,0.03563313394200883,2.129647057423873,1.0,0.11739034368559292,8.518588229695489,,
random_spd,8,2,11,567,20261476,3,3,1.1552631549984025,0.0958087536759404,2.7464374373090834,1.0,0.09102701434369752,10.985749749236255,,
random_spd,8,2,12,568,20261477,3,3,1.0980408792274994,0.08571251572095252,2.543183860247383,1.0,0.09830197647435734,10.172735440989388,,
random_spd,8,2,13,569,20261478,3,3,1.1069989219424867,0.07363321534703593,2.6107765385987194,1.0,0.09575695058688646,10.443106154394876,,
random_spd,8,2,14,570,20261479,3,3,1.2615147811048995,0.09805452811894642,2.60750612913377,1.0,0.09587705171878287,10.430024516535005,,
random_spd,8,2,15,571,20261480,3,3,1.1605247395873488,0.09644181654840195,2.685340881581731,1.0,0.09309805012641323,10.74136352632681,,
random_spd,8,4,0,572,20261481,5,5,1.3638959785076799,0.2797201096174221,4.163822051889222,1.0,0.0721804234944748,13.854171970555798,,
random_spd,8,4,1,573,20261482,5,4,1.1788878040006514,0.1261726540749402,4.861961946985055,1.0,0.05141957150755417,19.447847787939807,,
random_spd,8,4,2,574,20261483,5,5,1.5835049847338567,0.3068057146829387,3.5052823498154932,1.0,0.0713209308269159,14.021129399261971,,
random_spd,8,4,3,575,20261484,5,5,1.3601831946185543,0.27285069360733494,3.7085274833457444,1.0,0.08080919674488221,12.374829107100755,,
random_spd,8,4,4,576,20261485,5,5,1.4289261209629722,0.19031437182205352,3.2162376893057876,1.0,0.1038550875993006,9.62880127604586,,
random_spd,8,4,5,577,20261486,5,5,1.3359178405038619,0.2091941886376798,3.8997857391731814,1.0,0.233411104994031,4.284286302597184,,
random_spd,8,4,6,578,20261487,5,5,1.4697896053746002,0.28712472335991945,3.554073372588955,1.0,0.09473169919954261,10.556128607949939,,
random_spd,8,4,7,579,20261488,5,5,1.4281845272004,0.27386083309704706,3.604037412939258,1.0,0.06936664949771323,14.416149651756877,,
random_spd,8,4,8,580,20261489,5,5,1.546089897105303,0.2696207968791714,2.9703826813309617,1.0,0.09299084665692865,10.753746588514268,,
random_spd,8,4,9,581,20261490,5,5,1.450895299849573,0.3371581955359597,3.6880422973979963,1.0,0.08376098790313384,11.938732159611813,,
random_spd,8,4,10,582,20261491,5,5,1.2763269478541002,0.18537506831951453,3.9109737983286914,1.0,0.06392269876797285,15.643895193314794,,
random_spd,8,4,11,583,20261492,5,5,1.3717983843209474,0.283659268036082,3.929914592524926,1.0,0.0898165467518398,11.133805920672586,,
random_spd,8,4,12,584,20261493,5,5,1.4078962582617498,0.2416902273446475,3.6053523683094957,1.0,0.06934134987677398,14.421409473237727,,
random_spd,8,4,13,585,20261494,5,4,1.2927988520305704,0.1857120086087607,3.7346166174733364,1.0,0.07332567575466238,13.637787714986253,,
random_spd,8,4,14,586,20261495,5,5,1.3654672113381812,0.25574914552879724,3.732689393204341,1.0,0.13814515923745901,7.238762512706584,,
random_spd,8,4,15,587,20261496,5,5,1.322912702220712,0.21551796851700886,4.112900797986949,1.0,0.07204200158431665,13.880791455101622,,
random_spd,8,8,0,588,20261497,9,7,1.6244549908909969,0.5267331927772619,5.090586640545058,1.0,0.14155049633439207,7.064616697900148,,
random_spd,8,8,1,589,20261498,9,7,1.5129512906235163,0.39059075342272875,6.480726916398909,1.0,0.08634008071572997,11.58210638338926,,
random_spd,8,8,2,590,20261499,9,7,1.4596688163859204,0.3440617702517123,6.46641746078394,1.0,0.11522810664434475,8.67843817903328,,
random_spd,8,8,3,591,20261500,9,7,1.954371437044262,0.7129214936530187,3.865400663267625,1.0,0.06467634839920054,15.461602653070639,,
random_spd,8,8,4,592,20261501,9,7,1.6218075843939854,0.47097146947763807,5.747762031903206,1.0,0.04349518971251218,22.99104812761242,,
random_spd,8,8,5,593,20261502,9,7,1.544600072606207,0.4772366353973777,5.503919642743268,1.0,0.10992229681788798,9.097335380980386,,
random_spd,8,8,6,594,20261503,9,8,1.5828465843563047,0.49013063034832943,6.601536230294581,1.0,0.05286476847821303,18.91618990844775,,
random_spd,8,8,7,595,20261504,9,7,1.6548902119340354,0.5515094721343097,5.447904571272518,1.0,0.045889203221048155,21.791618285089914,,
random_spd,8,8,8,596,20261505,9,7,1.5680287594523543,0.4350388052382495,6.287396053333837,1.0,0.11576547594807243,8.638153921196318,,
random_spd,8,8,9,597,20261506,9,8,1.8207135457717305,0.6829881816863179,5.244122250575311,1.0,0.04767242029351636,20.976489002300646,,
random_spd,8,8,10,598,20261507,9,7,1.9713263836421366,0.6753105412666383,4.71434426877096,1.0,0.05302964436773803,18.85737707508324,,
random_spd,8,8,11,599,20261508,9,7,1.8635744601772173,0.6543851386488425,4.899885881178541,1.0,0.05102159643356197,19.599543524714186,,
random_spd,8,8,12,600,20261509,9,7,1.8193097705293324,0.6493861312131824,5.2209298157890665,1.0,0.08869506389226485,11.274584583587076,,
random_spd,8,8,13,601,20261510,9,7,1.5553647515048312,0.5338673078383361,6.333157929837049,1.0,0.03947477747589282,25.332631719347837,,
random_spd,8,8,14,602,20261511,9,7,1.7023627914535757,0.5973263603353548,5.566822854387743,1.0,0.16574290293686603,6.0334408428994095,,
random_spd,8,8,15,603,20261512,9,7,1.6992211166822293,0.6980831043058446,5.963684815838469,1.0,0.1287567605584281,7.766582474294337,,
random_spd,16,2,0,604,20261513,3,3,1.1024276783916727,0.09543305191392074,2.8883520659080335,1.0,0.08655454539313776,11.553408263632129,,
random_spd,16,2,1,605,20261514,3,3,1.1445862986064559,0.09488650066833217,2.9971278794996405,1.0,0.08341319091187284,11.988511517998555,,
random_spd,16,2,2,606,20261515,3,3,1.1257987869679926,0.09398937340032201,2.9482304941319,1.0,0.08479662648412235,11.792921976527497,,
random_spd,16,2,3,607,20261516,3,3,1.1244143070558068,0.08579291295293648,3.1051852380837,1.0,0.08051049481166604,12.420740952334814,,
random_spd,16,2,4,608,20261517,3,3,1.1436774557565288,0.09307121323630398,3.0176913014242572,1.0,0.08284478928709807,12.070765205696965,,
random_spd,16,2,5,609,20261518,3,3,1.1991839956639039,0.06981102191487892,2.431937134512978,1.0,0.10279870990582402,9.727748538051891,,
random_spd,16,2,6,610,20261519,3,3,1.169208575931179,0.08624146337976657,2.9215939210716786,1.0,0.08556972897461879,11.686375684286839,,
random_spd,16,2,7,611,20261520,3,3,1.0635121181962846,0.10133127978434922,3.4667778291739832,1.0,0.07211307222983158,13.86711131669581,,
random_spd,16,2,8,612,20261521,3,3,1.153157454848429,0.09847132625454791,3.144705599227556,1.0,0.07949869776726015,12.578822396910113,,
random_spd,16,2,9,613,20261522,3,3,1.2338160976607178,0.08227667831209307,2.6112761474886983,1.0,0.09573862965065198,10.445104589954719,,
random_spd,16,2,10,614,20261523,3,3,1.1633516543163578,0.09201712108781414,2.688152570558058,1.0,0.09300067367385352,10.752610282232213,,
random_spd,16,2,11,615,20261524,3,3,1.2204744984450724,0.09802334489201786,2.7498000812080132,1.0,0.09091570027526226,10.999200324832072,,
random_spd,16,2,12,616,20261525,3,3,1.11041383918837,0.08632608364838913,2.8684146468298737,1.0,0.0871561579412146,11.473658587319596,,
random_spd,16,2,13,617,20261526,3,3,1.2224682248374483,0.09919132126082864,2.404921208128294,1.0,0.10395350964307518,9.619684832513153,,
random_spd,16,2,14,618,20261527,3,3,1.2371973536877472,0.09873125585154084,2.7418577560841917,1.0,0.09117905531213201,10.967431024336825,,
random_spd,16,2,15,619,20261528,3,3,1.1817729471229275,0.10025428174705696,2.787746397654924,1.0,0.08967817166235252,11.150985590619557,,
random_spd,16,4,0,620,20261529,5,5,1.4130844703413241,0.2241537026423484,3.8093072829472896,1.0,0.09314065675467484,10.736449954759513,,
random_spd,16,4,1,621,20261530,5,5,1.3770251439443753,0.2686591116264593,4.21232503210741,1.0,0.0593496461204766,16.84930012842964,,
random_spd,16,4,2,622,20261531,5,5,1.297094356608183,0.23813746484696013,4.402726939574369,1.0,0.056835348844777436,17.594683948031918,,
random_spd,16,4,3,623,20261532,5,5,1.417569794488629,0.27829740134671105,4.362791477185942,1.0,0.05730276161657245,17.451165908743768,,
random_spd,16,4,4,624,20261533,5,5,1.5039860277023047,0.2653921498556792,3.4770172857986896,1.0,0.08221208784482029,12.163661405699287,,
random_spd,16,4,5,625,20261534,5,5,1.5261377864583472,0.3219532084210025,3.754341121012969,1.0,0.06658958041951912,15.017364484051836,,
random_spd,16,4,6,626,20261535,5,5,1.3104449724840432,0.27506831072792826,4.693819354432496,1.0,0.10802277304281069,9.257307249497181,,
random_spd,16,4,7,627,20261536,5,5,1.3429834356515193,0.2654433612282335,4.421609403681911,1.0,0.09488213569141174,10.539391769725047,,
random_spd,16,4,8,628,20261537,5,5,1.4633853249343767,0.2890047723662542,3.8079395837810828,1.0,0.08786498015173617,11.381098570477972,,
random_spd,16,4,9,629,20261538,5,5,1.241405817721517,0.2090245471749557,5.265016990244197,1.0,0.04748322758753463,21.06006796097664,,
random_spd,16,4,10,630,20261539,5,5,1.546367509749987,0.3278814621147673,3.4964892422310023,1.0,0.07304519625871018,13.69015419519468,,
random_spd,16,4,11,631,20261540,5,5,1.4234137877798876,0.2502872483079654,4.20739531774678,1.0,0.05941918482095021,16.829581270987358,,
random_spd,16,4,12,632,20261541,5,5,1.454344772369058,0.29315494657620317,4.011842832121988,1.0,0.09098557489627496,10.990753217089813,,
random_spd,16,4,13,633,20261542,5,5,1.2366433083060617,0.21599160669225942,4.707268509344339,1.0,0.09630596633572908,10.383572669983215,,
random_spd,16,4,14,634,20261543,5,5,1.4202415689991266,0.3373896544148446,4.16420595635187,1.0,0.06365319693395388,15.710130019668817,,
random_spd,16,4,15,635,20261544,5,5,1.4950019448193457,0.32672542382209985,3.7299066961067346,1.0,0.06702580529988804,14.919626784427019,,
random_spd,16,8,0,636,20261545,9,8,1.7134684617034552,0.587589651074937,5.988148746529164,1.0,0.04174912992014479,23.952594986116825,,
random_spd,16,8,1,637,20261546,9,9,1.6884977928175777,0.5759813315779806,6.274967662146886,1.0,0.03984084276769934,25.099870648588347,,
random_spd,16,8,2,638,20261547,9,9,1.6613694700457722,0.5557752011507837,5.869628815236643,1.0,0.08996896147074765,11.114944350281716,,
random_spd,16,8,3,639,20261548,9,9,1.6818807344332085,0.5938766147591994,5.916886034398614,1.0,0.11888237755646745,8.411675645745007,,
random_spd,16,8,4,640,20261549,9,8,1.7089640787462765,0.5251860325445616,6.161348646046249,1.0,0.04057553213782538,24.645394584185343,,
random_spd,16,8,5,641,20261550,9,8,1.7811378374423599,0.6683003106841846,5.213849180839702,1.0,0.05409744764064143,18.48516045789814,,
random_spd,16,8,6,642,20261551,9,9,1.578663750249403,0.47570952481614986,6.266539432894366,1.0,0.04057579410972202,24.645235464668293,,
random_spd,16,8,7,643,20261552,9,8,1.7173863853349998,0.6215479617147641,6.116380859421988,1.0,0.05867082923495338,17.044245207365265,,
random_spd,16,8,8,644,20261553,9,8,1.7663008043115034,0.6865395480474962,5.553577152411242,1.0,0.06859965796293915,14.577332157257231,,
random_spd,16,8,9,645,20261554,9,9,1.7288279650080942,0.6865547026613453,5.967868501748309,1.0,0.041891003450688975,23.871474006993573,,
random_spd,16,8,10,646,20261555,9,9,1.7509266169874198,0.5947933009544806,5.783272222788074,1.0,0.04322812248313617,23.133088891152106,,
random_spd,16,8,11,647,20261556,9,9,1.7952360512991032,0.671701819394084,5.6357621515825995,1.0,0.04435957254331563,22.543048606330316,,
random_spd,16,8,12,648,20261557,9,9,1.8236953112027283,0.6797370712088683,5.382152190228042,1.0,0.04697823242295969,21.286454351808896,,
random_spd,16,8,13,649,20261558,9,9,1.6514922272258425,0.5465377522102532,6.429950002301182,1.0,0.03888055115677849,25.71980000920482,,
random_spd,16,8,14,650,20261559,9,9,1.6244522190681627,0.5830884254978823,6.5960929473402965,1.0,0.10096442014049009,9.904479207710189,,
random_spd,16,8,15,651,20261560,9,8,1.8178261809786376,0.7243634395695793,5.422414278256131,1.0,0.06714936421644646,14.892173763204097,,
random_spd,32,2,0,652,20261561,3,3,1.1057687544657395,0.09096317742793199,3.3769899154821448,1.0,0.07403042539566099,13.507959661928556,,
random_spd,32,2,1,653,20261562,3,3,1.1884026768402343,0.09954794562131576,2.9235141937109153,1.0,0.08551352360040074,11.694056774843432,,
random_spd,32,2,2,654,20261563,3,3,1.1029111879142444,0.09830422784187032,3.3920678655302114,1.0,0.07370135560684712,13.56827146212079,,
random_spd,32,2,3,655,20261564,3,3,1.1115339430514917,0.09762720925437643,3.4369514232401066,1.0,0.07273888083187462,13.747805692960208,,
random_spd,32,2,4,656,20261565,3,3,1.1151428842339344,0.10183694776708552,3.2975969807200216,1.0,0.07581278168971942,13.190387922879829,,
random_spd,32,2,5,657,20261566,3,3,1.1068075454995516,0.0877471025907616,3.366757198241009,1.0,0.0742554289720143,13.467028792963868,,
random_spd,32,2,6,658,20261567,3,3,1.108261853680466,0.08856322736731756,3.3835399995322484,1.0,0.07388711232453608,13.534159998128994,,
random_spd,32,2,7,659,20261568,3,3,1.134542652291759,0.09464535815822919,2.879115521050806,1.0,0.08683222266425542,11.516462084203347,,
random_spd,32,2,8,660,20261569,3,3,1.2960775996321403,0.08888079313379615,2.5848925001878706,1.0,0.09671582086366452,10.339570000751483,,
random_spd,32,2,9,661,20261570,3,3,1.1516918859360767,0.08949413148619025,3.0508790223849,1.0,0.08194359663746041,12.203516089539708,,
random_spd,32,2,10,662,20261571,3,3,1.1111787386721919,0.0984023461261487,3.322582715596736,1.0,0.07524267155982695,13.290330862386778,,
random_spd,32,2,11,663,20261572,3,3,1.144807221087844,0.0907806634840728,3.1480418348050234,1.0,0.0794144465413332,12.592167339219891,,
random_spd,32,2,12,664,20261573,3,3,1.128571423521433,0.08690584376698221,3.0441059557667205,1.0,0.08212591927899389,12.176423823066774,,
random_spd,32,2,13,665,20261574,3,3,1.152459229022641,0.0977629491968413,3.1482679973405525,1.0,0.07940874163546031,12.59307198936201,,
random_spd,32,2,14,666,20261575,3,3,1.1608091091187815,0.09973891736194694,3.00378703294176,1.0,0.0832282705991861,12.01514813176689,,
random_spd,32,2,15,667,20261576,3,3,1.2062615554543863,0.09916834034728962,2.8289860939571363,1.0,0.08837088331187373,11.315944375828565,,
random_spd,32,4,0,668,20261577,5,5,1.4396502420470612,0.2988113303030612,4.120442259514702,1.0,0.060673098724467314,16.48176903805863,,
random_spd,32,4,1,669,20261578,5,5,1.2856899644403084,0.27360816883881367,5.131350615087487,1.0,0.04872011654493819,20.52540246034973,,
random_spd,32,4,2,670,20261579,5,5,1.3563834029391915,0.2530560478023244,4.634846441356336,1.0,0.062170814980279404,16.08471756912307,,
random_spd,32,4,3,671,20261580,5,5,1.4193599493873814,0.30213169093292075,4.114246678102227,1.0,0.060764465419784114,16.456986712408614,,
random_spd,32,4,4,672,20261581,5,5,1.339648496952127,0.26187387013541386,4.700012710925918,1.0,0.09063636592308225,11.033099019533077,,
random_spd,32,4,5,673,20261582,5,5,1.3574320346415385,0.26999622950029584,4.6335214791065775,1.0,0.053954643596086344,18.53408591642585,,
random_spd,32,4,6,674,20261583,5,5,1.428343157928219,0.32435809077889466,4.165622205041228,1.0,0.06001504401850234,16.662488820164906,,
random_spd,32,4,7,675,20261584,5,5,1.3607898607072237,0.28425630443654554,4.285772936781411,1.0,0.06564010829566225,15.234587906158039,,
random_spd,32,4,8,676,20261585,5,5,1.3647650809714704,0.26487724253838574,4.539109517086399,1.0,0.06429983890456589,15.552138497332855,,
random_spd,32,4,9,677,20261586,5,5,1.4438025586244496,0.2666641962275544,4.131992529417187,1.0,0.06050349757899092,16.52797011766866,,
random_spd,32,4,10,678,20261587,5,5,1.2911455331052741,0.24097995945255346,4.814084109890321,1.0,0.056864529136397564,17.58565515598238,,
random_spd,32,4,11,679,20261588,5,5,1.4651967496308917,0.2903057178973863,4.083393193873029,1.0,0.06122359227495366,16.333572775491913,,
random_spd,32,4,12,680,20261589,5,5,1.4185223154232187,0.30071098692521653,4.2196319414522065,1.0,0.059246873535127954,16.878527765808467,,
random_spd,32,4,13,681,20261590,5,5,1.3598302224148644,0.2805649986123927,4.254783600913328,1.0,0.10255826290040843,9.750555164639179,,
random_spd,32,4,14,682,20261591,5,5,1.4444115574908678,0.29033629555597146,4.22259451387632,1.0,0.05920530592706709,16.8903780555051,,
random_spd,32,4,15,683,20261592,5,5,1.3426001795891942,0.23861810855964033,4.548934014310154,1.0,0.05495793063024133,18.19573605724042,,
random_spd,32,8,0,684,20261593,9,9,1.6686964100489994,0.5955321962752984,6.515123088852714,1.0,0.1334767260865668,7.491942822686904,,
random_spd,32,8,1,685,20261594,9,9,1.7128331621571407,0.6420754254749076,6.513265307371499,1.0,0.03838320538195503,26.053061229485717,,
random_spd,32,8,2,686,20261595,9,9,1.6144256562423,0.5252122900295033,7.008153349978235,1.0,0.10880179035320207,9.191025228111696,,
random_spd,32,8,3,687,20261596,9,9,1.7323362890805762,0.6395037815182093,6.275451517195909,1.0,0.03983777092611736,25.10180606878301,,
random_spd,32,8,4,688,20261597,9,9,1.59831749666095,0.5074371277082604,7.1235634710113445,1.0,0.05808425575366641,17.21636934182251,,
random_spd,32,8,5,689,20261598,9,9,1.6736040211765932,0.5964949696484049,6.555881335676822,1.0,0.07536524119758607,13.26871624252202,,
random_spd,32,8,6,690,20261599,9,9,1.7427029665981026,0.6388699289156735,6.3981287512360705,1.0,0.03907392453640491,25.5925150049442,,
random_spd,32,8,7,691,20261600,9,9,1.7443057310276486,0.6641406613596768,6.0908878448955175,1.0,0.04417188429590015,22.63883499515586,,
random_spd,32,8,8,692,20261601,9,9,1.768157797423429,0.6624725311217105,6.1818592598588165,1.0,0.0481251513783799,20.779155417872563,,
random_spd,32,8,9,693,20261602,9,9,1.7474228318064942,0.6371061878625924,6.28351772380252,1.0,0.03978663083148178,25.13407089520972,,
random_spd,32,8,10,694,20261603,9,9,1.6976418556519328,0.6111856263863351,6.363923688372913,1.0,0.05189192806763968,19.270819898935493,,
random_spd,32,8,11,695,20261604,9,9,1.77504066678984,0.6897906358519866,6.109016774455867,1.0,0.040923115655100026,24.43606709782312,,
random_spd,32,8,12,696,20261605,9,9,1.768566743980119,0.6359276266972528,6.107147491973835,1.0,0.040935641447755904,24.428589967895082,,
random_spd,32,8,13,697,20261606,9,9,1.6216826131140578,0.5835120289632333,6.988850697974863,1.0,0.05660743611144421,17.665523625399313,,
random_spd,32,8,14,698,20261607,9,9,1.756800709880683,0.7005920546475636,5.9633870901293955,1.0,0.04192248402150595,23.853548360517156,,
random_spd,32,8,15,699,20261608,9,9,1.8656035738143415,0.7406587706246511,5.689152269010746,1.0,0.04394327804544325,22.75660907604266,,
random_spd,64,2,0,700,20261609,3,3,1.176398905907985,0.09586217018523523,2.881771943264331,1.0,0.08675218057568201,11.527087773057264,,
random_spd,64,2,1,701,20261610,3,3,1.164319293775342,0.09022166749126304,3.1545109250242303,1.0,0.07925158794562845,12.618043700096743,,
random_spd,64,2,2,702,20261611,3,3,1.1557007353416164,0.09863941971721894,3.1967264482827225,1.0,0.0782050025376116,12.786905793130867,,
random_spd,64,2,3,703,20261612,3,3,1.1851915543825033,0.09885268445044193,3.0120357003902094,1.0,0.08300034424147586,12.048142801560731,,
random_spd,64,2,4,704,20261613,3,3,1.1171413704620243,0.09690692224605109,3.3376331459846393,1.0,0.07490337885119755,13.350532583938463,,
random_spd,64,2,5,705,20261614,3,3,1.1630194409770112,0.08846635689558606,3.138906167717592,1.0,0.07964557926934987,12.555624670870232,,
random_spd,64,2,6,706,20261615,3,3,1.1117393204179604,0.09664512887880804,3.372815875093051,1.0,0.07412204201425723,13.491263500372154,,
random_spd,64,2,7,707,20261616,3,3,1.203270677088118,0.09298364615130197,2.941188493043735,1.0,0.0849996525524569,11.764753972174857,,
random_spd,64,2,8,708,20261617,3,3,1.1359522828259099,0.0916358769882656,3.3309550105179317,1.0,0.07505355047143854,13.323820042071798,,
random_spd,64,2,9,709,20261618,3,3,1.1822761073708299,0.1032391233706621,2.9989819218627867,1.0,0.08336162288191305,11.995927687451125,,
random_spd,64,2,10,710,20261619,3,3,1.1434292961088517,0.09620960619773977,3.286110787271125,1.0,0.07607777588278129,13.144443149084362,,
random_spd,64,2,11,711,20261620,3,3,1.1812460705883474,0.10255812036071285,3.085814544326835,1.0,0.08101588621377595,12.343258177307451,,
random_spd,64,2,12,712,20261621,3,3,1.1871818573427768,0.1084810866424909,3.0535143824056195,1.0,0.08187287456070369,12.214057529622483,,
random_spd,64,2,13,713,20261622,3,3,1.1338555261656913,0.09689217523225342,3.2318783606560655,1.0,0.07735439645360037,12.927513442624193,,
random_spd,64,2,14,714,20261623,3,3,1.1482023308668596,0.10140340575468774,3.160341305703303,1.0,0.07910538002615036,12.64136522281321,,
random_spd,64,2,15,715,20261624,3,3,1.130385084433615,0.08927516654616273,3.332167272787794,1.0,0.07502624554344166,13.328669091151315,,
random_spd,64,4,0,716,20261625,5,5,1.3701877558478806,0.2981181699749827,4.516888406126887,1.0,0.08968892683484521,11.149648404662237,,
random_spd,64,4,1,717,20261626,5,5,1.3385949999328155,0.27925024351883604,4.838099430735198,1.0,0.06253479559401648,15.99109728433626,,
random_spd,64,4,2,718,20261627,5,5,1.412610895975128,0.3017098584074343,4.449242477636334,1.0,0.06906333223953459,14.47946352388077,,
random_spd,64,4,3,719,20261628,5,5,1.417770435729856,0.29132298381811084,4.389296142306145,1.0,0.05695674019129828,17.557184569224656,,
random_spd,64,4,4,720,20261629,5,5,1.3328296126832062,0.2541259760417693,4.697085535128111,1.0,0.05573379092470448,17.942436417988954,,
random_spd,64,4,5,721,20261630,5,5,1.3194604148079088,0.2652312297493675,4.973087830088339,1.0,0.05264447868720897,18.99534433499804,,
random_spd,64,4,6,722,20261631,5,5,1.3557633254782346,0.26590681560513735,4.687392481404837,1.0,0.065057569334498,15.371001564144379,,
random_spd,64,4,7,723,20261632,5,5,1.423675379713576,0.2903441593542475,4.307744308293945,1.0,0.061076693260935726,16.372857576420135,,
random_spd,64,4,8,724,20261633,5,5,1.3939229926426009,0.2823048436044879,4.456679012602196,1.0,0.06081577445862165,16.443102285581983,,
random_spd,64,4,9,725,20261634,5,5,1.3158515236586121,0.26536040854458787,4.939030657166921,1.0,0.05687284543793991,17.58308367199963,,
random_spd,64,4,10,726,20261635,5,5,1.3873093034149186,0.2791811939414329,4.532553397573041,1.0,0.055156548212728244,18.130213590291973,,
random_spd,64,4,11,727,20261636,5,5,1.4379636170681633,0.2933819641290721,4.318263180216281,1.0,0.057893646025409,17.27305272086524,,
random_spd,64,4,12,728,20261637,5,5,1.3884582633598217,0.2886925697541616,4.556438468816613,1.0,0.054867414914291854,18.225753875266324,,
random_spd,64,4,13,729,20261638,5,5,1.313975744073002,0.27870373155802686,5.000999664238861,1.0,0.049990005355870296,20.00399865695495,,
random_spd,64,4,14,730,20261639,5,5,1.3925407734483128,0.2996929288818616,4.5247466713850395,1.0,0.055251712008768494,18.098986685540154,,
random_spd,64,4,15,731,20261640,5,5,1.385497572703202,0.29704719736236596,4.603718393448919,1.0,0.054303929700772524,18.41487357379542,,
random_spd,64,8,0,732,20261641,9,9,1.7236261627785425,0.6859345594809885,6.397759560276203,1.0,0.041884687710965825,23.875073556730616,,
random_spd,64,8,1,733,20261642,9,9,1.729184211376242,0.6218301463741104,6.378561172964703,1.0,0.08145105679453386,12.277311545785977,,
random_spd,64,8,2,734,20261643,9,9,1.7815514803665993,0.7020827524158831,6.115317069387544,1.0,0.04088095468532151,24.461268277549653,,
random_spd,64,8,3,735,20261644,9,9,1.7623859795590913,0.680172826947455,6.279945379217917,1.0,0.05051044755844295,19.79788436526826,,
random_spd,64,8,4,736,20261645,9,9,1.7400204828945687,0.6781173588622805,6.322082285456741,1.0,0.03954393326627531,25.288329141826694,,
random_spd,64,8,5,737,20261646,9,9,1.7487190397605876,0.6556753095874737,6.372291380018056,1.0,0.03923235537909313,25.48916552007221,,
random_spd,64,8,6,738,20261647,9,9,1.718979842327974,0.6718825099832714,6.4142144439877775,1.0,0.03897593418229601,25.65685777595111,,
random_spd,64,8,7,739,20261648,9,9,1.7617345776234363,0.6941358776644279,6.371016758132664,1.0,0.03924020442747568,25.484067032530746,,
random_spd,64,8,8,740,20261649,9,9,1.6499069864949925,0.6032936563698889,6.88438433917678,1.0,0.06786335685105803,14.735492707717558,,
random_spd,64,8,9,741,20261650,9,9,1.7603825054586546,0.7107728800978381,6.1992879679943345,1.0,0.04032721197832716,24.797151871977285,,
random_spd,64,8,10,742,20261651,9,9,1.7428567249645266,0.688573605468634,6.394324720815965,1.0,0.03909716989913759,25.577298883264135,,
random_spd,64,8,11,743,20261652,9,9,1.7488088363051462,0.6846434526130754,6.3469373265856355,1.0,0.03938907651613622,25.387749306342272,,
random_spd,64,8,12,744,20261653,9,9,1.6928665802372034,0.6278730048227296,6.597751084777847,1.0,0.043101679597234516,23.200952012648756,,
random_spd,64,8,13,745,20261654,9,9,1.724410067335792,0.6755266641232914,6.45364836149483,1.0,0.038737778384643234,25.814593445979046,,
random_spd,64,8,14,746,20261655,9,9,1.6814749557136741,0.6432893051632745,6.78579405635117,1.0,0.03684167216451464,27.14317622540449,,
random_spd,64,8,15,747,20261656,9,9,1.6827019093249436,0.6011211922822692,6.8497282007452105,1.0,0.0364977985510149,27.398912802980355,,
random_spd,128,2,0,748,20261657,3,3,1.1819457278975058,0.10032248964824905,3.082295806996461,1.0,0.08110837364555529,12.329183227985975,,
random_spd,128,2,1,749,20261658,3,3,1.1737194575614769,0.09532630608416784,3.134623541537982,1.0,0.07975439368943794,12.538494166151905,,
random_spd,128,2,2,750,20261659,3,3,1.1397621918680407,0.08706051246259422,3.2895042856193246,1.0,0.07599929299162844,13.158017142477274,,
random_spd,128,2,3,751,20261660,3,3,1.1933436169434124,0.09953583119484599,3.0502296619744786,1.0,0.08196104152963088,12.200918647897806,,
random_spd,128,2,4,752,20261661,3,3,1.0646067907053525,0.09927117422609304,3.709307939133975,1.0,0.06739801712401752,14.837231756535557,,
random_spd,128,2,5,753,20261662,3,3,1.1384928042493152,0.09965528111797521,3.281757153329718,1.0,0.07617870193300133,13.127028613318897,,
random_spd,128,2,6,754,20261663,3,3,1.1682005198980223,0.0950329174963735,3.0874391354379944,1.0,0.08097325616251719,12.349756541751912,,
random_spd,128,2,7,755,20261664,3,3,1.1918956155078624,0.10074613898192529,3.028332242653974,1.0,0.08255368961131843,12.113328970615703,,
random_spd,128,2,8,756,20261665,3,3,1.1420449500705208,0.0990874592403742,3.3010251874331633,1.0,0.07573404800173529,13.20410074973263,,
random_spd,128,2,9,757,20261666,3,3,1.1050159072324837,0.0967934832776418,3.43901790712187,1.0,0.07269517250325372,13.75607162848732,,
random_spd,128,2,10,758,20261667,3,3,1.146917326429083,0.09422610916938357,3.178445937460435,1.0,0.07865479071188809,12.713783749841665,,
random_spd,128,2,11,759,20261668,3,3,1.125747429226082,0.09921443986701617,3.3497832131560448,1.0,0.07463169527453181,13.399132852623966,,
random_spd,128,2,12,760,20261669,3,3,1.158102973506815,0.10022540120870481,3.2174249231294128,1.0,0.07770189078937162,12.869699692517445,,
random_spd,128,2,13,761,20261670,3,3,1.11355556556527,0.10136026004684169,3.4145077114225226,1.0,0.07321699674704936,13.658030845690211,,
random_spd,128,2,14,762,20261671,3,3,1.1341511522718253,0.08977698968086226,3.3116455549011232,1.0,0.07549117073535053,13.24658221960421,,
random_spd,128,2,15,763,20261672,3,3,1.111608993649492,0.10113587341196438,3.3881487036990547,1.0,0.07378660792752657,13.552594814796244,,
random_spd,128,4,0,764,20261673,5,5,1.329160251145022,0.2649146566057511,4.921220881415158,1.0,0.05080040218152372,19.68488352566042,,
random_spd,128,4,1,765,20261674,5,5,1.4254215686892249,0.31210497019217487,4.3954556806706595,1.0,0.06281898083060353,15.918755554098865,,
random_spd,128,4,2,766,20261675,5,5,1.4173844086379694,0.32642843857284887,4.48956363581147,1.0,0.055684699066486494,17.958254543245687,,
random_spd,128,4,3,767,20261676,5,5,1.3221476071058387,0.2735577694463112,4.918088425757593,1.0,0.052465279511185646,19.060224386811836,,
random_spd,128,4,4,768,20261677,5,5,1.3198169943727867,0.25031506861341224,4.922329056726195,1.0,0.050788965369631504,19.689316226904968,,
random_spd,128,4,5,769,20261678,5,5,1.313290159838824,0.2561714414158632,5.015084210547956,1.0,0.0883066469563811,11.324175862933037,,
random_spd,128,4,6,770,20261679,5,5,1.3886556726566013,0.28878475128495845,4.626801346060141,1.0,0.05403300926521956,18.507205384240716,,
random_spd,128,4,7,771,20261680,5,5,1.3799008180001313,0.2863300469253406,4.59548113133123,1.0,0.054401267866283305,18.381924525324855,,
random_spd,128,4,8,772,20261681,5,5,1.4301583827009992,0.31074169524262174,4.394932376512793,1.0,0.0609527694242172,16.406145437629437,,
random_spd,128,4,9,773,20261682,5,5,1.3981127713974182,0.2994665783310847,4.570310478409622,1.0,0.0547008788967428,18.28124191363853,,
random_spd,128,4,10,774,20261683,5,5,1.3859425786811508,0.2997468999805749,4.566127634635508,1.0,0.05487616294847905,18.222848433095777,,
random_spd,128,4,11,775,20261684,5,5,1.308277852144691,0.2659378046011926,5.048674813022974,1.0,0.05130871538333592,19.48986624453242,,
random_spd,128,4,12,776,20261685,5,5,1.3859781042713686,0.3074282068450611,4.553218838664872,1.0,0.060527517133695835,16.52141120857735,,
random_spd,128,4,13,777,20261686,5,5,1.4031828638759587,0.29954591303160055,4.51883494107565,1.0,0.05532399462691757,18.075339764302843,,
random_spd,128,4,14,778,20261687,5,5,1.3749627261190072,0.30249375815733154,4.670818159125968,1.0,0.05352381349112147,18.683272636503748,,
random_spd,128,4,15,779,20261688,5,5,1.416918558044134,0.2953844752179545,4.411229800661889,1.0,0.057400626631250735,17.421412599275843,,
random_spd,128,8,0,780,20261689,9,9,1.70483662176966,0.6695263695316943,6.693482602211931,1.0,0.03734976466770653,26.773930408847345,,
random_spd,128,8,1,781,20261690,9,9,1.700720686287767,0.701963068203992,6.630018495922274,1.0,0.04321210059359962,23.141666020932007,,
random_spd,128,8,2,782,20261691,9,9,1.7033263475168652,0.6433056065199632,6.646787096459166,1.0,0.06446166061123727,15.513097095510988,,
random_spd,128,8,3,783,20261692,9,9,1.6914480475443763,0.6654027600645402,6.732186863674937,1.0,0.037135035771055556,26.928747454699845,,
random_spd,128,8,4,784,20261693,9,9,1.6821016763334973,0.6526120933238844,6.762246581581308,1.0,0.03990764531066177,25.05785526095269,,
random_spd,128,8,5,785,20261694,9,9,1.7408159826907645,0.7109919430133217,6.484570433649189,1.0,0.049154216572233796,20.3441346385913,,
random_spd,128,8,6,786,20261695,9,9,1.7535848624714303,0.7138058016919353,6.470956434899864,1.0,0.03863416521422947,25.883825739599178,,
random_spd,128,8,7,787,20261696,9,9,1.7710024467675836,0.7488153852421826,6.323940677073156,1.0,0.03953231264587229,25.295762708292084,,
random_spd,128,8,8,788,20261697,9,9,1.7224394831491305,0.7180306278837819,6.523614313703119,1.0,0.03832231459098772,26.094457254812333,,
random_spd,128,8,9,789,20261698,9,9,1.7036021012485945,0.6767018909510961,6.669973456701446,1.0,0.03978520972850337,25.134968668609748,,
random_spd,128,8,10,790,20261699,9,9,1.636529737590139,0.6296802822457359,7.021744998686307,1.0,0.05072255030859731,19.71509701140763,,
random_spd,128,8,11,791,20261700,9,9,1.751993865964265,0.7154263717173883,6.455707150153213,1.0,0.038725424525193286,25.822828600611935,,
random_spd,128,8,12,792,20261701,9,9,1.705447249590506,0.683823134785911,6.6857087680152265,1.0,0.055442732340428076,18.03662910875,,
random_spd,128,8,13,793,20261702,9,9,1.7300925485366907,0.7082412122983843,6.540517550901707,1.0,0.038230339725936945,26.15723551422069,,
random_spd,128,8,14,794,20261703,9,9,1.7379349154973613,0.7042127137661255,6.456014959630575,1.0,0.03872357817682317,25.824059838522874,,
random_spd,128,8,15,795,20261704,9,9,1.7553093657368437,0.7191881276524789,6.325707175744837,1.0,0.03952127296669625,25.30282870297926,,
random_spd,256,2,0,796,20261705,3,3,1.0881401906206398,0.0975244296946722,3.583250707217642,1.0,0.06976905062669234,14.333002828870638,,
random_spd,256,2,1,797,20261706,3,3,1.1274461878844437,0.09955666931469323,3.3292070472359567,1.0,0.07509295650673473,13.31682818894359,,
random_spd,256,2,2,798,20261707,3,3,1.1553684922111453,0.10375480158342477,3.2320441772776984,1.0,0.07735042786778193,12.928176709110629,,
random_spd,256,2,3,799,20261708,3,3,1.194958004694024,0.09425440286880665,2.9972199094675585,1.0,0.08341062970064432,11.988879637870367,,
random_spd,256,2,4,800,20261709,3,3,1.146157767501624,0.09921525313783983,3.2448807854769535,1.0,0.07704443291689674,12.979523141907485,,
random_spd,256,2,5,801,20261710,3,3,1.101635329871216,0.0996661801047741,3.529434682327036,1.0,0.07083287339239672,14.117738729307868,,
random_spd,256,2,6,802,20261711,3,3,1.1351640014117186,0.0972704900814288,3.3253631822981147,1.0,0.07517975820831478,13.301452729192222,,
random_spd,256,2,7,803,20261712,3,3,1.1435203565619443,0.10177414267434087,3.295953512672685,1.0,0.07585058437225124,13.183814050690879,,
random_spd,256,4,0,804,20261713,5,5,1.3828052595790177,0.30592110404021305,4.648962526817877,1.0,0.05665399579983542,17.65100565074185,,
random_spd,256,4,1,805,20261714,5,5,1.3900196281771713,0.3147074662922924,4.610350764814593,1.0,0.055468766919857304,18.028163514880827,,
random_spd,256,4,2,806,20261715,5,5,1.3925128149002373,0.3111446601620943,4.63489097486739,1.0,0.053938701332052724,18.539563899469645,,
random_spd,256,4,3,807,20261716,5,5,1.3808451014545238,0.3233565212556055,4.634561256936246,1.0,0.05394253870867371,18.538245027744768,,
random_spd,256,4,4,808,20261717,5,5,1.3868400939029304,0.32161503624423343,4.62832101936002,1.0,0.057654217471148954,17.344784889334683,,
random_spd,256,4,5,809,20261718,5,5,1.38277082916491,0.31257364134360816,4.651046788569404,1.0,0.05375134058302863,18.604187154277945,,
random_spd,256,4,6,810,20261719,5,5,1.3684893739758173,0.2910489833396048,4.673435650368589,1.0,0.05691378050193695,17.57043709240097,,
random_spd,256,4,7,811,20261720,5,5,1.3766422847957849,0.30343259397355815,4.665090894939248,1.0,0.05358952389785265,18.66036357975687,,
random_spd,256,8,0,812,20261721,9,9,1.7297720278424933,0.7032319713858893,6.603364942084353,1.0,0.03785948560963269,26.41345976833788,,
random_spd,256,8,1,813,20261722,9,9,1.7014180248036477,0.6982161620961562,6.72952029958442,1.0,0.03714975048302228,26.91808119833827,,
random_spd,256,8,2,814,20261723,9,9,1.7454699593657605,0.7297022007665327,6.492117341293186,1.0,0.03850823804583296,25.96846936517293,,
random_spd,256,8,3,815,20261724,9,9,1.7268478972667214,0.7266663852735401,6.5864887793640055,1.0,0.04430015442129678,22.57328474501348,,
random_spd,256,8,4,816,20261725,9,9,1.6710232265067808,0.6732199770909115,6.903642662458517,1.0,0.036212766538380424,27.614570649832597,,
random_spd,256,8,5,817,20261726,9,9,1.6770343363334022,0.6582905912122987,6.862561330293982,1.0,0.05163961010370119,19.364979673390806,,
random_spd,256,8,6,818,20261727,9,9,1.7444918030104906,0.7283282363122096,6.516511904652018,1.0,0.038364082450540904,26.06604761860793,,
random_spd,256,8,7,819,20261728,9,9,1.7414546148590018,0.7174101847533746,6.551585538454468,1.0,0.0381587019710929,26.206342153817218,,
random_spd,512,2,0,820,20261729,3,3,1.0857234016165656,0.10306806968279482,3.6141626870240806,1.0,0.06917231504203694,14.456650748096065,,
random_spd,512,2,1,821,20261730,3,3,1.1220744079994982,0.09337035842729773,3.4102323651756654,1.0,0.0733087875632545,13.640929460702782,,
random_spd,512,2,2,822,20261731,3,3,1.0841044148015515,0.09518226282702312,3.61874994783407,1.0,0.06908462966600915,14.474999791335895,,
random_spd,512,2,3,823,20261732,3,3,1.0855789495795778,0.1002991103276409,3.62498908250694,1.0,0.06896572494698566,14.499956330027787,,
random_spd,512,4,0,824,20261733,5,5,1.3582618049022135,0.30265846034146604,4.786109607140519,1.0,0.0528496433181797,18.92160357600769,,
random_spd,512,4,1,825,20261734,5,5,1.3837401365751658,0.31979256850534604,4.663253286616177,1.0,0.055581116254216294,17.991722142214833,,
random_spd,512,4,2,826,20261735,5,5,1.3494831445668765,0.3324273534294094,4.8352690646748515,1.0,0.051703430906550635,19.34107625869957,,
random_spd,512,4,3,827,20261736,5,5,1.353088674427431,0.29193646274917306,4.810839580192478,1.0,0.051965981370341106,19.243358320771303,,
random_spd,512,8,0,828,20261737,9,9,1.7278522184153218,0.7816912659588642,6.588661588935906,1.0,0.041082638743691835,24.341182323726667,,
random_spd,512,8,1,829,20261738,9,9,1.7250244539491406,0.7356834548918998,6.61095485381242,1.0,0.0378160198531423,26.4438194152499,,
random_spd,512,8,2,830,20261739,9,9,1.7308178218100199,0.7412796682706637,6.57200183503353,1.0,0.041404287492539375,24.152088118415023,,
random_spd,512,8,3,831,20261740,9,9,1.6776063507465726,0.6875083900313151,6.870866251646952,1.0,0.04457470028061233,22.43425067818006,,
random_spd,1024,4,0,832,20261741,5,5,1.3567045799145168,0.303190749835394,4.803568008020245,1.0,0.05204464672563968,19.214272032081105,,
random_spd,1024,4,1,833,20261742,5,5,1.3376706189640544,0.3104299496320426,4.914501286674271,1.0,0.051554979109292055,19.396768600760893,,
poisson_2d,9,4,0,834,20261743,5,5,1.1715728752538093,0.04289321881345243,6.828427124746194,1.0,0.17157287525380982,5.8284271247461925,3,
poisson_2d,49,4,0,835,20261744,5,5,1.0395661298965804,0.054643927260684295,7.695518130045145,1.0,0.03956612989658015,25.274142369088107,7,
poisson_2d,225,4,0,836,20261745,5,5,1.0097005565352637,0.05987575808737223,7.923141121612921,1.0,0.00970055653526356,103.08686891981816,15,
poisson_2d,529,4,0,837,20261746,5,5,1.0042959455178126,0.06120637266238401,7.965779445495239,1.0,0.004295945517812514,232.77762621840645,23,
poisson_2d,961,4,0,838,20261747,5,5,1.0024134473682713,0.06173272080725391,7.98073890668879,1.0,0.002413447368271838,414.3450622318959,31,
commuting,8,0,0,839,20261748,3,1,1.0513207882808455,0.0,1.1414213562373094,1.0,0.7522013138014093,1.3294313392598152,,
commuting,64,0,0,840,20261749,3,1,1.0513207882808455,0.0,1.1414213562373094,1.0,0.7522013138014093,1.3294313392598152,,
commuting,256,0,0,841,20261750,3,1,1.0513207882808455,0.0,1.1414213562373094,1.0,0.7522013138014093,1.3294313392598152,,
commuting,1024,0,0,842,20261751,3,1,1.0513207882808455,0.0,1.1414213562373094,1.0,0.7522013138014093,1.3294313392598152,,
cancelling,8,0,0,843,20261752,5,1,5.0,8.0,1.0,1.0,1.0,1.0,,1.0
cancelling,8,0,0,844,20261753,5,1,17.0,128.0,1.0,1.0,1.0,1.0,,4.0
cancelling,64,0,0,845,20261754,5,1,5.0,8.0,1.0,1.0,1.0,1.0,,1.0
cancelling,64,0,0,846,20261755,5,1,17.0,128.0,1.0,1.0,1.0,1.0,,4.0
cancelling,256,0,0,847,20261756,5,1,5.0,8.0,1.0,1.0,1.0,1.0,,1.0
cancelling,256,0,0,848,20261757,5,1,17.0,128.0,1.0,1.0,1.0,1.0,,4.0
pauli,2,0,0,849,20261758,2,2,1.414213562373095,0.9999999999999998,1.4142135623730951,1.0,-1.0,1.0,,
