case,pattern,N,degree,s,L,sample,seed,t,r,H_norm,kappa,C_comm,error,bound,ratio,unitarity_residual
1,fixed_band,8,2,2,2,0,20260908,0.1,1,1.0000000000000002,6.002838762106162,0.4129776027348018,0.0020642235659863186,0.0020648880136740094,0.9996782161147284,2.3103368387662544e-16
1,fixed_band,8,2,2,2,0,20260908,0.1,2,1.0000000000000002,6.002838762106162,0.4129776027348018,0.0010319874225510133,0.0010324440068370047,0.9995577636337004,1.3357045604717897e-15
1,fixed_band,8,2,2,2,0,20260908,0.1,4,1.0000000000000002,6.002838762106162,0.4129776027348018,0.000515978174397773,0.0005162220034185023,0.9995276663545631,2.002678397586982e-15
1,fixed_band,8,2,2,2,0,20260908,0.1,8,1.0000000000000002,6.002838762106162,0.4129776027348018,0.0002579871453443807,0.00025811100170925117,0.999520143023543,2.1128727031251516e-15
1,fixed_band,8,2,2,2,0,20260908,1.0,1,1.0000000000000002,6.002838762106162,0.4129776027348018,0.1998708267341501,0.2064888013674009,0.9679499585961779,3.005387277861578e-16
1,fixed_band,8,2,2,2,0,20260908,1.0,2,1.0000000000000002,6.002838762106162,0.4129776027348018,0.0988997295626022,0.10324440068370044,0.9579185787090908,4.937184282622852e-16
1,fixed_band,8,2,2,2,0,20260908,1.0,4,1.0000000000000002,6.002838762106162,0.4129776027348018,0.049325840648290466,0.05162220034185022,0.9555160439045042,1.1303607707315631e-15
1,fixed_band,8,2,2,2,0,20260908,1.0,8,1.0000000000000002,6.002838762106162,0.4129776027348018,0.024647560895192117,0.02581110017092511,0.9549209732236187,4.2961480434045964e-15
2,fixed_band,8,2,2,2,1,20260909,0.1,1,1.0,4.8547888787801705,0.4426370309856293,0.002211965753754879,0.002213185154928147,0.9994490288485115,4.451277579548019e-16
2,fixed_band,8,2,2,2,1,20260909,0.1,2,1.0,4.8547888787801705,0.4426370309856293,0.0011057543574401949,0.0011065925774640735,0.9992425215558561,7.793373008786032e-16
2,fixed_band,8,2,2,2,1,20260909,0.1,4,1.0,4.8547888787801705,0.4426370309856293,0.0005528486274932837,0.0005532962887320368,0.9991909194985222,1.5608399445125985e-15
2,fixed_band,8,2,2,2,1,20260909,0.1,8,1.0,4.8547888787801705,0.4426370309856293,0.00027642074527200073,0.0002766481443660184,0.999178020533849,4.6641143306009795e-15
2,fixed_band,8,2,2,2,1,20260909,1.0,1,1.0,4.8547888787801705,0.4426370309856293,0.20949418108037587,0.22131851549281464,0.946573225533755,3.1239312102724122e-16
2,fixed_band,8,2,2,2,1,20260909,1.0,2,1.0,4.8547888787801705,0.4426370309856293,0.10265046631025374,0.11065925774640732,0.927626557422724,6.120412147898508e-16
2,fixed_band,8,2,2,2,1,20260909,1.0,4,1.0,4.8547888787801705,0.4426370309856293,0.05107564139951114,0.05532962887320366,0.9231155610416042,2.3144169396518264e-15
2,fixed_band,8,2,2,2,1,20260909,1.0,8,1.0,4.8547888787801705,0.4426370309856293,0.02550698808965546,0.02766481443660183,0.9220010547371876,3.663929768601582e-15
3,fixed_band,8,2,2,2,2,20260910,0.1,1,0.9999999999999999,15.402260392297084,0.4653789306377107,0.0023258124821577985,0.002326894653188554,0.9995349290827272,4.452607469610029e-16
3,fixed_band,8,2,2,2,2,20260910,0.1,2,0.9999999999999999,15.402260392297084,0.4653789306377107,0.001162703470025469,0.001163447326594277,0.999360644395492,8.898287384050784e-16
3,fixed_band,8,2,2,2,2,20260910,0.1,4,0.9999999999999999,15.402260392297084,0.4653789306377107,0.0005813263963853662,0.0005817236632971385,0.9993170865535698,3.1094087430506553e-15
3,fixed_band,8,2,2,2,2,20260910,0.1,8,0.9999999999999999,15.402260392297084,0.4653789306377107,0.0002906600311067027,0.00029086183164856924,0.9993061979266143,2.6651202345005715e-15
3,fixed_band,8,2,2,2,2,20260910,1.0,1,0.9999999999999999,15.402260392297084,0.4653789306377107,0.2220515163828417,0.23268946531885534,0.9542826362102969,6.780619668194815e-16
3,fixed_band,8,2,2,2,2,20260910,1.0,2,0.9999999999999999,15.402260392297084,0.4653789306377107,0.10916092891888592,0.11634473265942767,0.9382541557633668,8.110072966704566e-16
3,fixed_band,8,2,2,2,2,20260910,1.0,4,0.9999999999999999,15.402260392297084,0.4653789306377107,0.0543543529044915,0.058172366329713836,0.934367231967455,1.5142215138384148e-15
3,fixed_band,8,2,2,2,2,20260910,1.0,8,0.9999999999999999,15.402260392297084,0.4653789306377107,0.027149128830323804,0.029086183164856918,0.933402938310808,3.201379531435157e-15
4,fixed_band,8,2,2,2,3,20260911,0.1,1,1.0000000000000002,20.88527455205806,0.42539937814609824,0.002125999001960196,0.0021269968907304915,0.9995308461546679,4.464873331247012e-16
4,fixed_band,8,2,2,2,3,20260911,0.1,2,1.0000000000000002,20.88527455205806,0.42539937814609824,0.001062812473916362,0.0010634984453652457,0.9993549859410955,1.3327929503659084e-15
4,fixed_band,8,2,2,2,3,20260911,0.1,4,1.0000000000000002,20.88527455205806,0.42539937814609824,0.0005313828617717993,0.0005317492226826229,0.999311026899155,1.3333238684220441e-15
4,fixed_band,8,2,2,2,3,20260911,0.1,8,1.0000000000000002,20.88527455205806,0.42539937814609824,0.000265688509087396,0.00026587461134131143,0.9993000375140125,2.8873661971957167e-15
4,fixed_band,8,2,2,2,3,20260911,1.0,1,1.0000000000000002,20.88527455205806,0.42539937814609824,0.20282979108873403,0.21269968907304912,0.9535970267407142,5.599019629637958e-16
4,fixed_band,8,2,2,2,3,20260911,1.0,2,1.0000000000000002,20.88527455205806,0.42539937814609824,0.0996340696148065,0.10634984453652456,0.9368520475889215,6.11134576347515e-16
4,fixed_band,8,2,2,2,3,20260911,1.0,4,1.0000000000000002,20.88527455205806,0.42539937814609824,0.0495971972362854,0.05317492226826228,0.9327178135977781,2.2260033856966585e-15
4,fixed_band,8,2,2,2,3,20260911,1.0,8,1.0000000000000002,20.88527455205806,0.42539937814609824,0.024771212454478504,0.02658746113413114,0.9316877730261706,2.1634112057971195e-15
5,fixed_band,8,2,2,2,4,20260912,0.1,1,0.9999999999999997,7.3359947068003954,0.4426268591133568,0.0022120293650505383,0.0022131342955667844,0.9995007395084612,4.446294005674655e-16
5,fixed_band,8,2,2,2,4,20260912,0.1,2,0.9999999999999997,7.3359947068003954,0.4426268591133568,0.0011058075909679832,0.0011065671477833922,0.9993135917536224,7.789476899737595e-16
5,fixed_band,8,2,2,2,4,20260912,0.1,4,0.9999999999999997,7.3359947068003954,0.4426268591133568,0.0005528779142161592,0.0005532835738916961,0.999266814171468,1.6658526931422763e-15
5,fixed_band,8,2,2,2,4,20260912,0.1,8,0.9999999999999997,7.3359947068003954,0.4426268591133568,0.00027643572211142454,0.00027664178694584805,0.999255120360888,3.112850183405997e-15
5,fixed_band,8,2,2,2,4,20260912,1.0,1,0.9999999999999997,7.3359947068003954,0.4426268591133568,0.21044689327195357,0.2213134295566784,0.9508997881127592,7.06072912503699e-16
5,fixed_band,8,2,2,2,4,20260912,1.0,2,0.9999999999999997,7.3359947068003954,0.4426268591133568,0.10326318932754519,0.1106567147783392,0.933185026633004,9.11736725997142e-16
5,fixed_band,8,2,2,2,4,20260912,1.0,4,0.9999999999999997,7.3359947068003954,0.4426268591133568,0.051391078484874474,0.0553283573891696,0.9288379577835463,1.39239178289186e-15
5,fixed_band,8,2,2,2,4,20260912,1.0,8,0.9999999999999997,7.3359947068003954,0.4426268591133568,0.025665617685110793,0.0276641786945848,0.9277563584468451,2.0045323866945078e-15
6,fixed_band,8,2,2,2,5,20260913,0.1,1,1.0000000000000002,8.134766433451457,0.4250731191683253,0.002124553631915089,0.002125365595841627,0.9996179650559289,4.442906280052091e-16
6,fixed_band,8,2,2,2,5,20260913,0.1,2,1.0000000000000002,8.134766433451457,0.4250731191683253,0.001062124689688186,0.0010626827979208135,0.999474812019429,5.574700355218697e-16
6,fixed_band,8,2,2,2,5,20260913,0.1,4,1.0000000000000002,8.134766433451457,0.4250731191683253,0.0005310433318971697,0.0005313413989604068,0.9994390290991437,1.887801598973601e-15
6,fixed_band,8,2,2,2,5,20260913,0.1,8,1.0000000000000002,8.134766433451457,0.4250731191683253,0.0002655192894194454,0.0002656706994802034,0.9994300837049241,3.891855876293176e-15
6,fixed_band,8,2,2,2,5,20260913,1.0,1,1.0000000000000002,8.134766433451457,0.4250731191683253,0.20445018294400671,0.21253655958416265,0.9619530086683566,4.498151014855848e-16
6,fixed_band,8,2,2,2,5,20260913,1.0,2,1.0000000000000002,8.134766433451457,0.4250731191683253,0.10081853623516178,0.10626827979208132,0.9487171189033811,9.468517996359364e-16
6,fixed_band,8,2,2,2,5,20260913,1.0,4,1.0000000000000002,8.134766433451457,0.4250731191683253,0.050235675519823594,0.05313413989604066,0.9454500556160682,9.989738257286961e-16
6,fixed_band,8,2,2,2,5,20260913,1.0,8,1.0000000000000002,8.134766433451457,0.4250731191683253,0.025096210018251162,0.02656706994802033,0.9446359748121651,2.2710266047319198e-15
7,fixed_band,8,2,2,2,6,20260914,0.1,1,0.9999999999999999,30.671899914756928,0.35452956128494045,0.0017719424430349931,0.0017726478064247026,0.9996020848658413,4.459215462380478e-16
7,fixed_band,8,2,2,2,6,20260914,0.1,2,0.9999999999999999,30.671899914756928,0.35452956128494045,0.0008858390262710646,0.0008863239032123513,0.9994529348249219,1.3339502913611707e-15
7,fixed_band,8,2,2,2,6,20260914,0.1,4,0.9999999999999999,30.671899914756928,0.35452956128494045,0.0004429029923741605,0.00044316195160617566,0.999415655538395,1.5962448678143678e-15
7,fixed_band,8,2,2,2,6,20260914,0.1,8,0.9999999999999999,30.671899914756928,0.35452956128494045,0.0002214494312057976,0.00022158097580308783,0.999406336230746,5.456223570260463e-15
7,fixed_band,8,2,2,2,6,20260914,1.0,1,0.9999999999999999,30.671899914756928,0.35452956128494045,0.1703151824747405,0.17726478064247023,0.9607953811098746,5.551801644253019e-16
7,fixed_band,8,2,2,2,6,20260914,1.0,2,0.9999999999999999,30.671899914756928,0.35452956128494045,0.08391211010535843,0.08863239032123511,0.946743169187148,5.166672202221586e-16
7,fixed_band,8,2,2,2,6,20260914,1.0,4,0.9999999999999999,30.671899914756928,0.35452956128494045,0.04180366552225434,0.04431619516061756,0.9433044820464185,2.530395582849373e-15
7,fixed_band,8,2,2,2,6,20260914,1.0,8,0.9999999999999999,30.671899914756928,0.35452956128494045,0.020882885880576962,0.02215809758030878,0.9424494050037464,3.533820026290939e-15
8,fixed_band,8,2,2,2,7,20260915,0.1,1,0.9999999999999999,4.000194115419507,0.34365039896681354,0.0017171842876113842,0.001718251994834068,0.9993786084777472,4.440960767127867e-16
8,fixed_band,8,2,2,2,7,20260915,0.1,2,0.9999999999999999,4.000194115419507,0.34365039896681354,0.0008583920005471432,0.000859125997417034,0.9991456470039347,9.992189759815071e-16
8,fixed_band,8,2,2,2,7,20260915,0.1,4,0.9999999999999999,4.000194115419507,0.34365039896681354,0.0004291709965366509,0.000429562998708517,0.9990874396234203,1.4450106911774282e-15
8,fixed_band,8,2,2,2,7,20260915,0.1,8,0.9999999999999999,4.000194115419507,0.34365039896681354,0.00021458237324382568,0.0002147814993542585,0.9990728898390621,4.663503446044596e-15
8,fixed_band,8,2,2,2,7,20260915,1.0,1,0.9999999999999999,4.000194115419507,0.34365039896681354,0.16148907146931468,0.17182519948340677,0.93984509812782,5.00752017448704e-16
8,fixed_band,8,2,2,2,7,20260915,1.0,2,0.9999999999999999,4.000194115419507,0.34365039896681354,0.07885791250322725,0.08591259974170339,0.9178853013447843,7.682848161845308e-16
8,fixed_band,8,2,2,2,7,20260915,1.0,4,0.9999999999999999,4.000194115419507,0.34365039896681354,0.039206465192997635,0.04295629987085169,0.912705826872241,2.4537635624713123e-15
8,fixed_band,8,2,2,2,7,20260915,1.0,8,0.9999999999999999,4.000194115419507,0.34365039896681354,0.01957581099194971,0.021478149935425846,0.9114291058962002,3.585216741316384e-15
9,fixed_band,8,2,2,2,8,20260916,0.1,1,1.0000000000000002,10.532229244178703,0.40420155824348647,0.0020199530001402425,0.0020210077912174327,0.9994780865854284,4.449232008875981e-16
9,fixed_band,8,2,2,2,8,20260916,0.1,2,1.0000000000000002,10.532229244178703,0.40420155824348647,0.0010097787400902966,0.0010105038956087164,0.9992823822633727,6.711935621788879e-16
9,fixed_band,8,2,2,2,8,20260916,0.1,4,1.0000000000000002,10.532229244178703,0.40420155824348647,0.0005048646534985837,0.0005052519478043582,0.9992334630129434,1.3359934645447204e-15
9,fixed_band,8,2,2,2,8,20260916,0.1,8,1.0000000000000002,10.532229244178703,0.40420155824348647,0.0002524292372888489,0.0002526259739021791,0.9992212336273611,2.6651012584626525e-15
9,fixed_band,8,2,2,2,8,20260916,1.0,1,1.0000000000000002,10.532229244178703,0.40420155824348647,0.1918383393963024,0.20210077912174323,0.9492211768305017,3.6413622192923643e-16
9,fixed_band,8,2,2,2,8,20260916,1.0,2,1.0000000000000002,10.532229244178703,0.40420155824348647,0.09400926252119296,0.10105038956087162,0.9303206343857076,1.0202698584619535e-15
9,fixed_band,8,2,2,2,8,20260916,1.0,4,1.0000000000000002,10.532229244178703,0.40420155824348647,0.046769300590291385,0.05052519478043581,0.9256629448641182,1.9449405213266553e-15
9,fixed_band,8,2,2,2,8,20260916,1.0,8,1.0000000000000002,10.532229244178703,0.40420155824348647,0.02335534849871465,0.025262597390217904,0.9245030563546972,3.57354236787536e-15
10,fixed_band,8,2,2,2,9,20260917,0.1,1,0.9999999999999994,6.777309790636528,0.40094691247527653,0.0020036532188174557,0.002004734562376383,0.999460605119889,5.552003813987406e-16
10,fixed_band,8,2,2,2,9,20260917,0.1,2,0.9999999999999994,6.777309790636528,0.40094691247527653,0.0010016239336751982,0.0010023672811881915,0.9992584080436941,7.773031857993945e-16
10,fixed_band,8,2,2,2,9,20260917,0.1,4,0.9999999999999994,6.777309790636528,0.40094691247527653,0.0005007866414999073,0.0005011836405940958,0.9992078769895244,2.3324339902384332e-15
10,fixed_band,8,2,2,2,9,20260917,0.1,8,0.9999999999999994,6.777309790636528,0.40094691247527653,0.00025039015536783055,0.0002505918202970479,0.9991952453636425,1.7820020991442806e-15
10,fixed_band,8,2,2,2,9,20260917,1.0,1,0.9999999999999994,6.777309790636528,0.40094691247527653,0.1900097350794196,0.20047345623763826,0.9478049545580981,5.704864858600068e-16
10,fixed_band,8,2,2,2,9,20260917,1.0,2,0.9999999999999994,6.777309790636528,0.40094691247527653,0.09312204394873219,0.10023672811881913,0.9290211851123742,7.299818411796628e-16
10,fixed_band,8,2,2,2,9,20260917,1.0,4,0.9999999999999994,6.777309790636528,0.40094691247527653,0.04633413790035169,0.050118364059409566,0.9244942202308897,1.3096893132037546e-15
10,fixed_band,8,2,2,2,9,20260917,1.0,8,0.9999999999999994,6.777309790636528,0.40094691247527653,0.023138962546442248,0.025059182029704783,0.923372619226504,3.232652705478737e-15
11,fixed_band,8,2,2,2,10,20260918,0.1,1,1.0000000000000002,4.417612714217449,0.46116416515385406,0.002304650961803908,0.0023058208257692708,0.9994926474978937,5.559321447530237e-16
11,fixed_band,8,2,2,2,10,20260918,0.1,2,1.0000000000000002,4.417612714217449,0.46116416515385406,0.0011521063075784917,0.0011529104128846354,0.9993025431142288,4.4492071225638e-16
11,fixed_band,8,2,2,2,10,20260918,0.1,4,1.0000000000000002,4.417612714217449,0.46116416515385406,0.0005760257718812838,0.0005764552064423177,0.9992550426186898,1.779359767191438e-15
11,fixed_band,8,2,2,2,10,20260918,0.1,8,1.0000000000000002,4.417612714217449,0.46116416515385406,0.00028800946366301525,0.00028822760322115885,0.9992431690937796,4.003700805992147e-15
11,fixed_band,8,2,2,2,10,20260918,1.0,1,1.0000000000000002,4.417612714217449,0.46116416515385406,0.2191469859810958,0.23058208257692703,0.9504076966083597,5.360966589804082e-16
11,fixed_band,8,2,2,2,10,20260918,1.0,2,1.0000000000000002,4.417612714217449,0.46116416515385406,0.10760001002145665,0.11529104128846351,0.9332902957501829,8.936022406052943e-16
11,fixed_band,8,2,2,2,10,20260918,1.0,4,1.0000000000000002,4.417612714217449,0.46116416515385406,0.05356653578983277,0.05764552064423176,0.9292402114021473,1.3929917786739905e-15
11,fixed_band,8,2,2,2,10,20260918,1.0,8,1.0000000000000002,4.417612714217449,0.46116416515385406,0.026754472758144746,0.02882276032211588,0.9282411697957977,3.730788400236577e-15
12,fixed_band,8,2,2,2,11,20260919,0.1,1,1.0,6.835093087024024,0.45294607731135395,0.0022638594320166204,0.00226473038655677,0.9996154268316796,4.443589565146405e-16
12,fixed_band,8,2,2,2,11,20260919,0.1,2,1.0,6.835093087024024,0.45294607731135395,0.0011317666140593548,0.001132365193278385,0.9994713903053685,8.884161982423527e-16
12,fixed_band,8,2,2,2,11,20260919,0.1,4,1.0,6.835093087024024,0.45294607731135395,0.0005658629270937437,0.0005661825966391925,0.9994353949638396,1.9988516828602395e-15
12,fixed_band,8,2,2,2,11,20260919,0.1,8,1.0,6.835093087024024,0.45294607731135395,0.00028292891629994775,0.00028309129831959626,0.9994263969941415,4.220919851154081e-15
12,fixed_band,8,2,2,2,11,20260919,1.0,1,1.0,6.835093087024024,0.45294607731135395,0.21776340068700423,0.22647303865567697,0.9615422744342004,6.715730602793976e-16
12,fixed_band,8,2,2,2,11,20260919,1.0,2,1.0,6.835093087024024,0.45294607731135395,0.10743900197885752,0.11323651932783849,0.9488016994570789,8.560740858593668e-16
12,fixed_band,8,2,2,2,11,20260919,1.0,4,1.0,6.835093087024024,0.45294607731135395,0.05354566686775911,0.05661825966391924,0.9457314157235006,2.017334599056982e-15
12,fixed_band,8,2,2,2,11,20260919,1.0,8,1.0,6.835093087024024,0.45294607731135395,0.026751294493012674,0.02830912983195962,0.9449705678629434,3.943541085309816e-15
13,fixed_band,8,2,2,2,12,20260920,0.1,1,1.0000000000000002,16.602640438968624,0.43076044007793557,0.0021528211051849147,0.002153802200389678,0.9995444822163401,2.2465638851557405e-16
13,fixed_band,8,2,2,2,12,20260920,0.1,2,1.0000000000000002,16.602640438968624,0.43076044007793557,0.0010762266649024304,0.001076901100194839,0.9993737258766969,8.882049965201012e-16
13,fixed_band,8,2,2,2,12,20260920,0.1,4,1.0000000000000002,16.602640438968624,0.43076044007793557,0.0005380903489374422,0.0005384505500974195,0.9993310413371995,1.3348662711224298e-15
13,fixed_band,8,2,2,2,12,20260920,0.1,8,1.0000000000000002,16.602640438968624,0.43076044007793557,0.00026904230160603116,0.00026922527504870977,0.9993203704865915,3.6664049407647514e-15
13,fixed_band,8,2,2,2,12,20260920,1.0,1,1.0000000000000002,16.602640438968624,0.43076044007793557,0.20573797787704212,0.21538022003896778,0.9552315335169537,6.322877047359397e-16
13,fixed_band,8,2,2,2,12,20260920,1.0,2,1.0000000000000002,16.602640438968624,0.43076044007793557,0.10112584106923883,0.10769011001948389,0.9390448301236073,4.638991532972529e-16
13,fixed_band,8,2,2,2,12,20260920,1.0,4,1.0000000000000002,16.602640438968624,0.43076044007793557,0.05034715433817231,0.053845055009741946,0.9350376618440305,2.283373165274542e-15
13,fixed_band,8,2,2,2,12,20260920,1.0,8,1.0000000000000002,16.602640438968624,0.43076044007793557,0.025146681837903553,0.026922527504870973,0.9340386720137578,3.4902351141330495e-15
14,fixed_band,8,2,2,2,13,20260921,0.1,1,0.9999999999999997,2.883565620538365,0.4101767346362287,0.0020499581716736334,0.002050883673181144,0.9995487303743196,4.441369676981584e-16
14,fixed_band,8,2,2,2,13,20260921,0.1,2,0.9999999999999997,2.883565620538365,0.4101767346362287,0.0010248056549054575,0.001025441836590572,0.9993796023700089,1.3328490498964675e-15
14,fixed_band,8,2,2,2,13,20260921,0.1,4,0.9999999999999997,2.883565620538365,0.4101767346362287,0.0005123811539361169,0.000512720918295286,0.9993373308030834,1.5553447897533972e-15
14,fixed_band,8,2,2,2,13,20260921,0.1,8,0.9999999999999997,2.883565620538365,0.4101767346362287,0.0002561878679460177,0.000256360459147643,0.9993267635648683,4.896997186522254e-15
14,fixed_band,8,2,2,2,13,20260921,1.0,1,0.9999999999999997,2.883565620538365,0.4101767346362287,0.19590587519712113,0.20508836731811436,0.9552266555091826,7.505897527054813e-16
14,fixed_band,8,2,2,2,13,20260921,1.0,2,0.9999999999999997,2.883565620538365,0.4101767346362287,0.09632378492609472,0.10254418365905718,0.9393393314861789,4.788637894656312e-16
14,fixed_band,8,2,2,2,13,20260921,1.0,4,0.9999999999999997,2.883565620538365,0.4101767346362287,0.04796302570016003,0.05127209182952859,0.935460676338881,2.209942340909273e-15
14,fixed_band,8,2,2,2,13,20260921,1.0,8,0.9999999999999997,2.883565620538365,0.4101767346362287,0.02395680299049301,0.025636045914764295,0.934496804622113,1.6021345402063964e-15
15,fixed_band,8,2,2,2,14,20260922,0.1,1,0.9999999999999998,18.754846153624733,0.423167130267788,0.0021148248855943435,0.0021158356513389406,0.9995222853230791,4.443882668046767e-16
15,fixed_band,8,2,2,2,14,20260922,0.1,2,0.9999999999999998,18.754846153624733,0.423167130267788,0.0010572230009105498,0.0010579178256694703,0.9993432148111496,1.1119320959317354e-15
15,fixed_band,8,2,2,2,14,20260922,0.1,4,0.9999999999999998,18.754846153624733,0.423167130267788,0.0005285878263963932,0.0005289589128347352,0.9992984588607209,2.2210367833920972e-15
15,fixed_band,8,2,2,2,14,20260922,0.1,8,0.9999999999999998,18.754846153624733,0.423167130267788,0.0002642909541336957,0.0002644794564173676,0.999287270602317,4.109324828982294e-15
15,fixed_band,8,2,2,2,14,20260922,1.0,1,0.9999999999999998,18.754846153624733,0.423167130267788,0.2016996680205913,0.211583565133894,0.9532860829382094,5.612959433382772e-16
15,fixed_band,8,2,2,2,14,20260922,1.0,2,0.9999999999999998,18.754846153624733,0.423167130267788,0.09907108434258247,0.105791782566947,0.9364723983158942,9.318382433873392e-16
15,fixed_band,8,2,2,2,14,20260922,1.0,4,0.9999999999999998,18.754846153624733,0.423167130267788,0.04931896823183992,0.0528958912834735,0.9323780549898564,2.1763870745156496e-15
15,fixed_band,8,2,2,2,14,20260922,1.0,8,0.9999999999999998,18.754846153624733,0.423167130267788,0.024632594236860213,0.02644794564173675,0.9313613454342637,2.6821519171090587e-15
16,fixed_band,8,2,2,2,15,20260923,0.1,1,0.9999999999999998,23.435115198106722,0.4832699505141612,0.002415514593329701,0.0024163497525708064,0.9996543715411161,2.2540241036604855e-16
16,fixed_band,8,2,2,2,15,20260923,0.1,2,0.9999999999999998,23.435115198106722,0.4832699505141612,0.0012076009426484587,0.0012081748762854032,0.9995249581428898,8.908581102388113e-16
16,fixed_band,8,2,2,2,15,20260923,0.1,4,0.9999999999999998,23.435115198106722,0.4832699505141612,0.000603780933123207,0.0006040874381427016,0.9994926148101392,1.3333679233999668e-15
16,fixed_band,8,2,2,2,15,20260923,0.1,8,0.9999999999999998,23.435115198106722,0.4832699505141612,0.00030188802447572304,0.0003020437190713508,0.9994845296035075,4.000365230831854e-15
16,fixed_band,8,2,2,2,15,20260923,1.0,1,0.9999999999999998,23.435115198106722,0.4832699505141612,0.23318031228086783,0.2416349752570806,0.9650105992842398,4.994626538501351e-16
16,fixed_band,8,2,2,2,15,20260923,1.0,2,0.9999999999999998,23.435115198106722,0.4832699505141612,0.11522797320933728,0.1208174876285403,0.9537358827027733,1.1429209629798847e-15
16,fixed_band,8,2,2,2,15,20260923,1.0,4,0.9999999999999998,23.435115198106722,0.4832699505141612,0.05744847866144821,0.06040874381427015,0.9509960815950182,1.367860700351441e-15
16,fixed_band,8,2,2,2,15,20260923,1.0,8,0.9999999999999998,23.435115198106722,0.4832699505141612,0.028703688102075273,0.030204371907135076,0.9503156758341562,2.6570632900010697e-15
17,fixed_band,8,2,2,2,16,20260924,0.1,1,0.9999999999999997,37.19895795527308,0.4601537784947289,0.0022999556865176962,0.002300768892473645,0.9996465503516634,5.555457769632208e-16
17,fixed_band,8,2,2,2,16,20260924,0.1,2,0.9999999999999997,37.19895795527308,0.4601537784947289,0.0011498255273142623,0.0011503844462368224,0.9995141459671256,1.1106823029553184e-15
17,fixed_band,8,2,2,2,16,20260924,0.1,4,0.9999999999999997,37.19895795527308,0.4601537784947289,0.0005748937244404244,0.0005751922231184112,0.9994810453514679,2.450987116730972e-15
17,fixed_band,8,2,2,2,16,20260924,0.1,8,0.9999999999999997,37.19895795527308,0.4601537784947289,0.00028744448232804565,0.0002875961115592056,0.9994727702320525,3.1105778290066424e-15
17,fixed_band,8,2,2,2,16,20260924,1.0,1,0.9999999999999997,37.19895795527308,0.4601537784947289,0.22185734734039517,0.23007688924736444,0.9642748042454098,5.165346004653623e-16
17,fixed_band,8,2,2,2,16,20260924,1.0,2,0.9999999999999997,37.19895795527308,0.4601537784947289,0.10953624020814884,0.11503844462368222,0.952170733587955,1.022448110932773e-15
17,fixed_band,8,2,2,2,16,20260924,1.0,4,0.9999999999999997,37.19895795527308,0.4601537784947289,0.05459376660652694,0.05751922231184111,0.9491395121885727,1.4574146872129076e-15
17,fixed_band,8,2,2,2,16,20260924,1.0,8,0.9999999999999997,37.19895795527308,0.4601537784947289,0.027275087686109478,0.028759611155920555,0.9483816571175905,4.705477608050765e-15
18,fixed_band,8,2,2,2,17,20260925,0.1,1,1.0,8.51709212990876,0.4875451542475185,0.002436876128086671,0.002437725771237593,0.9996514607340389,4.443392413833289e-16
18,fixed_band,8,2,2,2,17,20260925,0.1,2,1.0,8.51709212990876,0.4875451542475185,0.0012182790035107289,0.0012188628856187964,0.9995209616151606,8.889379052182784e-16
18,fixed_band,8,2,2,2,17,20260925,0.1,4,1.0,8.51709212990876,0.4875451542475185,0.0006091196220293734,0.0006094314428093982,0.9994883414964818,2.1112303324401323e-15
18,fixed_band,8,2,2,2,17,20260925,0.1,8,1.0,8.51709212990876,0.4875451542475185,0.00030455732613763096,0.0003047157214046991,0.9994801867578805,3.3368868227471393e-15
18,fixed_band,8,2,2,2,17,20260925,1.0,1,1.0,8.51709212990876,0.4875451542475185,0.23514604577475043,0.24377257712375924,0.9646123799042857,5.172921221297231e-16
18,fixed_band,8,2,2,2,17,20260925,1.0,2,1.0,8.51709212990876,0.4875451542475185,0.11618917004576931,0.12188628856187962,0.9532587415423845,9.649836898577888e-16
18,fixed_band,8,2,2,2,17,20260925,1.0,4,1.0,8.51709212990876,0.4875451542475185,0.05792324534783119,0.06094314428093981,0.9504472739511555,2.7502372876400137e-15
18,fixed_band,8,2,2,2,17,20260925,1.0,8,1.0,8.51709212990876,0.4875451542475185,0.028940254356875188,0.030471572140469905,0.9497460197808125,1.7072110115459475e-15
19,fixed_band,8,2,2,2,18,20260926,0.1,1,0.9999999999999994,12.624930397151294,0.48489284731126564,0.002423524757838904,0.0024244642365563287,0.99961250048433,6.679635496652654e-16
19,fixed_band,8,2,2,2,18,20260926,0.1,2,0.9999999999999994,12.624930397151294,0.48489284731126564,0.0012115864053475122,0.0012122321182781643,0.9994673355697181,6.666613424893679e-16
19,fixed_band,8,2,2,2,18,20260926,0.1,4,0.9999999999999994,12.624930397151294,0.48489284731126564,0.0006057712078744987,0.0006061160591390822,0.9994310474712166,2.0023009808706646e-15
19,fixed_band,8,2,2,2,18,20260926,0.1,8,0.9999999999999994,12.624930397151294,0.48489284731126564,0.0003028828546467064,0.0003030580295695411,0.9994219756424751,4.220334768790802e-15
19,fixed_band,8,2,2,2,18,20260926,1.0,1,0.9999999999999994,12.624930397151294,0.48489284731126564,0.2330183852189894,0.24244642365563282,0.9611128995244126,6.658585073865864e-16
19,fixed_band,8,2,2,2,18,20260926,1.0,2,0.9999999999999994,12.624930397151294,0.48489284731126564,0.11490836971867423,0.12122321182781641,0.9479073189538016,8.033436305430867e-16
19,fixed_band,8,2,2,2,18,20260926,1.0,4,0.9999999999999994,12.624930397151294,0.48489284731126564,0.05725523088121795,0.060611605913908205,0.944624878650178,1.2860739205119994e-15
19,fixed_band,8,2,2,2,18,20260926,1.0,8,0.9999999999999994,12.624930397151294,0.48489284731126564,0.028602788190635584,0.030305802956954103,0.9438056543580959,2.7380205867241736e-15
20,fixed_band,8,2,2,2,19,20260927,0.1,1,1.0,29.449280322684682,0.40015240318598005,0.0019997279858711826,0.0020007620159299007,0.9994831818824601,3.379515503716408e-16
20,fixed_band,8,2,2,2,19,20260927,0.1,2,1.0,29.449280322684682,0.40015240318598005,0.0009996701309227065,0.0010003810079649504,0.9992893937044147,7.774408461496359e-16
20,fixed_band,8,2,2,2,19,20260927,0.1,4,1.0,29.449280322684682,0.40015240318598005,0.0004998108363266413,0.0005001905039824752,0.9992409538909457,1.779156693651237e-15
20,fixed_band,8,2,2,2,19,20260927,0.1,8,1.0,29.449280322684682,0.40015240318598005,0.0002499023896352079,0.0002500952519912376,0.9992288443923101,4.780833758140623e-15
20,fixed_band,8,2,2,2,19,20260927,1.0,1,1.0,29.449280322684682,0.40015240318598005,0.1899742679007507,0.20007620159299003,0.9495095687952462,5.464752862530707e-16
20,fixed_band,8,2,2,2,19,20260927,1.0,2,1.0,29.449280322684682,0.40015240318598005,0.09311007979000746,0.10003810079649501,0.930746176193598,1.2085579076323563e-15
20,fixed_band,8,2,2,2,19,20260927,1.0,4,1.0,29.449280322684682,0.40015240318598005,0.04632378085935586,0.05001905039824751,0.9261227570401633,1.6662778943781328e-15
20,fixed_band,8,2,2,2,19,20260927,1.0,8,1.0,29.449280322684682,0.40015240318598005,0.02313309517707448,0.025009525199123753,0.9249713856177079,5.6680948910571715e-15
21,fixed_band,8,2,2,2,20,20260928,0.1,1,1.0,33.18019835581996,0.4435307625800989,0.002216491753072627,0.0022176538129004947,0.9994759958379852,5.554551720154512e-16
21,fixed_band,8,2,2,2,20,20260928,0.1,2,1.0,33.18019835581996,0.4435307625800989,0.0011080280413732111,0.0011088269064502474,0.9992795403210464,1.1125043495142228e-15
21,fixed_band,8,2,2,2,20,20260928,0.1,4,1.0,33.18019835581996,0.4435307625800989,0.0005539867965535603,0.0005544134532251237,0.9992304359335412,2.44397774283772e-15
21,fixed_band,8,2,2,2,20,20260928,0.1,8,1.0,33.18019835581996,0.4435307625800989,0.00027698999542550553,0.00027720672661256184,0.9992181604331729,3.112262114371563e-15
21,fixed_band,8,2,2,2,20,20260928,1.0,1,1.0,33.18019835581996,0.4435307625800989,0.21044924584450544,0.22176538129004944,0.948972488944325,6.250436911946854e-16
21,fixed_band,8,2,2,2,20,20260928,1.0,2,1.0,33.18019835581996,0.4435307625800989,0.10315356724200793,0.11088269064502472,0.9302945900928713,1.7449102265741334e-15
21,fixed_band,8,2,2,2,20,20260928,1.0,4,1.0,33.18019835581996,0.4435307625800989,0.0513227547939988,0.05544134532251236,0.9257126517303113,1.4908709021348323e-15
21,fixed_band,8,2,2,2,20,20260928,1.0,8,1.0,33.18019835581996,0.4435307625800989,0.025629781271054707,0.02772067266125618,0.9245728480058203,3.4016754148353574e-15
22,fixed_band,8,2,2,2,21,20260929,0.1,1,1.0000000000000004,4.978693644551999,0.4332124471953004,0.0021649648434414566,0.0021660622359765025,0.9994933698040531,3.3317763097212173e-16
22,fixed_band,8,2,2,2,21,20260929,0.1,2,1.0000000000000004,4.978693644551999,0.4332124471953004,0.0010822767319436223,0.0010830311179882513,0.9993034493357585,5.552301844251065e-16
22,fixed_band,8,2,2,2,21,20260929,0.1,4,1.0000000000000004,4.978693644551999,0.4332124471953004,0.0005411126610366181,0.0005415155589941256,0.9992559808285917,2.221646851007489e-15
22,fixed_band,8,2,2,2,21,20260929,0.1,8,1.0000000000000004,4.978693644551999,0.4332124471953004,0.00027055311759770304,0.0002707577794970628,0.9992441144267769,3.3318530990154185e-15
22,fixed_band,8,2,2,2,21,20260929,1.0,1,1.0000000000000004,4.978693644551999,0.4332124471953004,0.20587244536831567,0.2166062235976502,0.9504456610200052,5.652872152059363e-16
22,fixed_band,8,2,2,2,21,20260929,1.0,2,1.0000000000000004,4.978693644551999,0.4332124471953004,0.10099280779939057,0.1083031117988251,0.9325014408356656,6.21047368495891e-16
22,fixed_band,8,2,2,2,21,20260929,1.0,4,1.0000000000000004,4.978693644551999,0.4332124471953004,0.05025934937091179,0.05415155589941255,0.9281238283211918,2.714631662865525e-15
22,fixed_band,8,2,2,2,21,20260929,1.0,8,1.0000000000000004,4.978693644551999,0.4332124471953004,0.02510022958835031,0.027075777949706274,0.9270363213560999,3.398901518769683e-15
23,fixed_band,8,2,2,2,22,20260930,0.1,1,1.0000000000000002,56.07242801210982,0.4875279524126275,0.002436483299827745,0.002437639762063138,0.999525581157072,4.442430130132075e-16
23,fixed_band,8,2,2,2,22,20260930,0.1,2,1.0000000000000002,56.07242801210982,0.4875279524126275,0.001218024935664054,0.001218819881031569,0.9993477745318348,6.669994196995013e-16
23,fixed_band,8,2,2,2,22,20260930,0.1,4,1.0000000000000002,56.07242801210982,0.4875279524126275,0.0006089853826965923,0.0006094099405157845,0.9993033296784873,1.5570180356760344e-15
23,fixed_band,8,2,2,2,22,20260930,0.1,8,1.0000000000000002,56.07242801210982,0.4875279524126275,0.00030448930583599056,0.00030470497025789225,0.9992922188905577,2.449456537533749e-15
23,fixed_band,8,2,2,2,22,20260930,1.0,1,1.0000000000000002,56.07242801210982,0.4875279524126275,0.23240070794873716,0.24376397620631374,0.9533841364322057,4.583924520230385e-16
23,fixed_band,8,2,2,2,22,20260930,1.0,2,1.0000000000000002,56.07242801210982,0.4875279524126275,0.11418753010875543,0.12188198810315687,0.9368696054753464,1.1264701496454065e-15
23,fixed_band,8,2,2,2,22,20260930,1.0,4,1.0000000000000002,56.07242801210982,0.4875279524126275,0.05684577799983051,0.060940994051578434,0.9328003076503499,2.3009293162777983e-15
23,fixed_band,8,2,2,2,22,20260930,1.0,8,1.0000000000000002,56.07242801210982,0.4875279524126275,0.028392014280424583,0.030470497025789217,0.9317870416224102,2.7594168687618386e-15
24,fixed_band,8,2,2,2,23,20260931,0.1,1,0.9999999999999994,15.150922080803733,0.4792247565588869,0.0023953024705249317,0.002396123782794435,0.999657232954574,2.376247770759287e-16
24,fixed_band,8,2,2,2,23,20260931,0.1,2,0.9999999999999994,15.150922080803733,0.4792247565588869,0.0011974974387712852,0.0011980618913972176,0.9995288618810217,6.953234925503278e-16
24,fixed_band,8,2,2,2,23,20260931,0.1,4,0.9999999999999994,15.150922080803733,0.4792247565588869,0.0005987294948266377,0.0005990309456986088,0.9994967691166279,1.6665192522621486e-15
24,fixed_band,8,2,2,2,23,20260931,0.1,8,0.9999999999999994,15.150922080803733,0.4792247565588869,0.00029936234434354387,0.0002995154728493044,0.9994887459258655,3.553811046421542e-15
24,fixed_band,8,2,2,2,23,20260931,1.0,1,0.9999999999999994,15.150922080803733,0.4792247565588869,0.23122903364859274,0.23961237827944346,0.965012890022427,4.549140787460031e-16
24,fixed_band,8,2,2,2,23,20260931,1.0,2,0.9999999999999994,15.150922080803733,0.4792247565588869,0.1142269072829855,0.11980618913972173,0.9534307710077524,7.613176006599885e-16
24,fixed_band,8,2,2,2,23,20260931,1.0,4,0.9999999999999994,15.150922080803733,0.4792247565588869,0.05693929827066612,0.059903094569860864,0.9505234859655161,2.5993020637714425e-15
24,fixed_band,8,2,2,2,23,20260931,1.0,8,0.9999999999999994,15.150922080803733,0.4792247565588869,0.028447865657721682,0.029951547284930432,0.9497961954050601,2.4885286667278524e-15
25,fixed_band,8,4,2,4,0,20260932,0.1,1,0.9999999999999997,46.697472312478034,0.7090769285560675,0.0016645142478662232,0.0035453846427803385,0.4694876340866893,6.664710931208352e-16
25,fixed_band,8,4,2,4,0,20260932,0.1,2,0.9999999999999997,46.697472312478034,0.7090769285560675,0.0008319065257386911,0.0017726923213901692,0.46928985684684343,1.776851753575572e-15
25,fixed_band,8,4,2,4,0,20260932,0.1,4,0.9999999999999997,46.697472312478034,0.7090769285560675,0.0004159093887948822,0.0008863461606950846,0.4692403569150911,2.674318449165248e-15
25,fixed_band,8,4,2,4,0,20260932,0.1,8,0.9999999999999997,46.697472312478034,0.7090769285560675,0.00020794920859224387,0.0004431730803475423,0.4692279784439238,3.553785022190778e-15
25,fixed_band,8,4,2,4,0,20260932,1.0,1,0.9999999999999997,46.697472312478034,0.7090769285560675,0.16577597954468992,0.35453846427803376,0.46758249456026924,1.1917105299631976e-15
25,fixed_band,8,4,2,4,0,20260932,1.0,2,0.9999999999999997,46.697472312478034,0.7090769285560675,0.07985745067389213,0.17726923213901688,0.4504868087388502,1.3637268767415703e-15
25,fixed_band,8,4,2,4,0,20260932,1.0,4,0.9999999999999997,46.697472312478034,0.7090769285560675,0.03951609588657328,0.08863461606950844,0.4458314103327783,3.2395961583435817e-15
25,fixed_band,8,4,2,4,0,20260932,1.0,8,0.9999999999999997,46.697472312478034,0.7090769285560675,0.019705081988129116,0.04431730803475422,0.4446362575243995,3.991931637120116e-15
26,fixed_band,8,4,2,4,1,20260933,0.1,1,1.0,13.35837494887635,0.5934199184105395,0.0016780412652089441,0.002967099592052698,0.5655493565849746,3.355394948208313e-16
26,fixed_band,8,4,2,4,1,20260933,0.1,2,1.0,13.35837494887635,0.5934199184105395,0.0008388704417781824,0.001483549796026349,0.5654481191161065,1.0027988463305686e-15
26,fixed_band,8,4,2,4,1,20260933,0.1,4,1.0,13.35837494887635,0.5934199184105395,0.00041941645125783946,0.0007417748980131745,0.5654228154406895,3.775636213487175e-15
26,fixed_band,8,4,2,4,1,20260933,0.1,8,1.0,13.35837494887635,0.5934199184105395,0.00020970587955714684,0.00037088744900658726,0.5654164898780986,2.55646419390325e-15
26,fixed_band,8,4,2,4,1,20260933,1.0,1,1.0,13.35837494887635,0.5934199184105395,0.16282238542291258,0.29670995920526977,0.5487594210151499,6.444938912736746e-16
26,fixed_band,8,4,2,4,1,20260933,1.0,2,1.0,13.35837494887635,0.5934199184105395,0.0799917249912353,0.14835497960263488,0.5391913719747806,1.3782251777309615e-15
26,fixed_band,8,4,2,4,1,20260933,1.0,4,1.0,13.35837494887635,0.5934199184105395,0.03982228863824709,0.07417748980131744,0.5368513917754577,2.7370726691838848e-15
26,fixed_band,8,4,2,4,1,20260933,1.0,8,1.0,13.35837494887635,0.5934199184105395,0.019889569309669022,0.03708874490065872,0.5362696786570357,6.8721436190849646e-15
27,fixed_band,8,4,2,4,2,20260934,0.1,1,1.0000000000000002,20306.755169912874,0.7125419782565435,0.0018312835682814004,0.0035627098912827185,0.5140142262950478,6.668892631459362e-16
27,fixed_band,8,4,2,4,2,20260934,0.1,2,1.0000000000000002,20306.755169912874,0.7125419782565435,0.0009154920735081022,0.0017813549456413592,0.513930183172163,8.92089311621844e-16
27,fixed_band,8,4,2,4,2,20260934,0.1,4,1.0000000000000002,20306.755169912874,0.7125419782565435,0.0004577273551732491,0.0008906774728206796,0.5139092085978956,1.8895240222436494e-15
27,fixed_band,8,4,2,4,2,20260934,0.1,8,1.0000000000000002,20306.755169912874,0.7125419782565435,0.00022886134339389144,0.0004453387364103398,0.5139039672107395,4.674310655031709e-15
27,fixed_band,8,4,2,4,2,20260934,1.0,1,1.0000000000000002,20306.755169912874,0.7125419782565435,0.18235719656864516,0.35627098912827176,0.5118496934449784,5.257078810564809e-16
27,fixed_band,8,4,2,4,2,20260934,1.0,2,1.0000000000000002,20306.755169912874,0.7125419782565435,0.08977358835072238,0.17813549456413588,0.5039623830746449,8.980377644346274e-16
27,fixed_band,8,4,2,4,2,20260934,1.0,4,1.0000000000000002,20306.755169912874,0.7125419782565435,0.04473570035856181,0.08906774728206794,0.5022659910426237,2.2004958658528656e-15
27,fixed_band,8,4,2,4,2,20260934,1.0,8,1.0000000000000002,20306.755169912874,0.7125419782565435,0.02234954979359096,0.04453387364103397,0.5018550592239039,8.306277960373853e-15
28,fixed_band,8,4,2,4,3,20260935,0.1,1,1.0,20.75924624833962,0.7639615401020474,0.0022534590992463977,0.0038198077005102376,0.5899404566741377,6.674896085526041e-16
28,fixed_band,8,4,2,4,3,20260935,0.1,2,1.0,20.75924624833962,0.7639615401020474,0.0011262633280723316,0.0019099038502551188,0.58969634933292,1.7777057380964694e-15
28,fixed_band,8,4,2,4,3,20260935,0.1,4,1.0,20.75924624833962,0.7639615401020474,0.0005630673477347357,0.0009549519251275594,0.5896289990300014,3.1114259589773445e-15
28,fixed_band,8,4,2,4,3,20260935,0.1,8,1.0,20.75924624833962,0.7639615401020474,0.0002815253422446034,0.0004774759625637797,0.5896115497269627,4.7771221514102106e-15
28,fixed_band,8,4,2,4,3,20260935,1.0,1,1.0,20.75924624833962,0.7639615401020474,0.21490346007797517,0.3819807700510237,0.5626028243496893,4.901671979886502e-16
28,fixed_band,8,4,2,4,3,20260935,1.0,2,1.0,20.75924624833962,0.7639615401020474,0.10503515310767357,0.19099038502551186,0.5499499521593368,1.2886396165227868e-15
28,fixed_band,8,4,2,4,3,20260935,1.0,4,1.0,20.75924624833962,0.7639615401020474,0.05223232547817751,0.09549519251275593,0.546962879531349,1.2237177936141373e-15
28,fixed_band,8,4,2,4,3,20260935,1.0,8,1.0,20.75924624833962,0.7639615401020474,0.02608106752763458,0.047747596256377964,0.5462278642801994,4.14087051157514e-15
29,fixed_band,8,4,2,4,4,20260936,0.1,1,1.0000000000000004,8.528407522654643,0.5804679159371787,0.0012992315354018482,0.002902339579685894,0.44764973213177817,9.996177600137493e-16
29,fixed_band,8,4,2,4,4,20260936,0.1,2,1.0000000000000004,8.528407522654643,0.5804679159371787,0.0006495252048675269,0.001451169789842947,0.4475873253520677,1.1118021748400307e-15
29,fixed_band,8,4,2,4,4,20260936,0.1,4,1.0000000000000004,8.528407522654643,0.5804679159371787,0.0003247512712759524,0.0007255848949214736,0.44757170876758484,2.8866160444982698e-15
29,fixed_band,8,4,2,4,4,20260936,0.1,8,1.0000000000000004,8.528407522654643,0.5804679159371787,0.00016237421890435367,0.0003627924474607368,0.4475678036873318,5.443771053722244e-15
29,fixed_band,8,4,2,4,4,20260936,1.0,1,1.0000000000000004,8.528407522654643,0.5804679159371787,0.12633730363457996,0.29023395796858936,0.4352946998994957,7.637969654686422e-16
29,fixed_band,8,4,2,4,4,20260936,1.0,2,1.0000000000000004,8.528407522654643,0.5804679159371787,0.06233174004718979,0.14511697898429468,0.4295275472481801,7.683572077167972e-16
29,fixed_band,8,4,2,4,4,20260936,1.0,4,1.0000000000000004,8.528407522654643,0.5804679159371787,0.031054426355854096,0.07255848949214734,0.4279916323122323,2.863786438352044e-15
29,fixed_band,8,4,2,4,4,20260936,1.0,8,1.0000000000000004,8.528407522654643,0.5804679159371787,0.015512970833417928,0.03627924474607367,0.4275990567608721,4.11996551468473e-15
30,fixed_band,8,4,2,4,5,20260937,0.1,1,0.9999999999999997,14.650517003705481,0.8293750431400775,0.00263908482642092,0.0041468752157003885,0.636403240789388,8.892504168004178e-16
30,fixed_band,8,4,2,4,5,20260937,0.1,2,0.9999999999999997,14.650517003705481,0.8293750431400775,0.0013193855049272408,0.0020734376078501942,0.6363275653590664,1.7796604503245142e-15
30,fixed_band,8,4,2,4,5,20260937,0.1,4,0.9999999999999997,14.650517003705481,0.8293750431400775,0.0006596731257031597,0.0010367188039250971,0.6363086337448366,3.112061564763156e-15
30,fixed_band,8,4,2,4,5,20260937,0.1,8,0.9999999999999997,14.650517003705481,0.8293750431400775,0.0003298341090929972,0.0005183594019625486,0.6363039000435218,4.66467944662298e-15
30,fixed_band,8,4,2,4,5,20260937,1.0,1,0.9999999999999997,14.650517003705481,0.8293750431400775,0.25462531712139974,0.41468752157003874,0.6140173115346437,6.959253618707416e-16
30,fixed_band,8,4,2,4,5,20260937,1.0,2,0.9999999999999997,14.650517003705481,0.8293750431400775,0.12600644856826054,0.20734376078501937,0.6077175801730926,9.871470960740653e-16
30,fixed_band,8,4,2,4,5,20260937,1.0,4,0.9999999999999997,14.650517003705481,0.8293750431400775,0.06282667267169617,0.10367188039250969,0.606014595605188,2.457504840459715e-15
30,fixed_band,8,4,2,4,5,20260937,1.0,8,0.9999999999999997,14.650517003705481,0.8293750431400775,0.03139086405654867,0.05183594019625484,0.6055810686118638,5.3358248210787924e-15
31,fixed_band,8,4,2,4,6,20260938,0.1,1,0.9999999999999998,3.4417211895379847,0.4248874156447293,0.0006159648401649561,0.002124437078223647,0.28994261420065054,6.676524477890453e-16
31,fixed_band,8,4,2,4,6,20260938,0.1,2,0.9999999999999998,3.4417211895379847,0.4248874156447293,0.0003079351933469582,0.0010622185391118235,0.28989815373062394,9.99208983397297e-16
31,fixed_band,8,4,2,4,6,20260938,0.1,4,0.9999999999999998,3.4417211895379847,0.4248874156447293,0.00015396170013003943,0.0005311092695559118,0.2898870514136853,2.2242533476663925e-15
31,fixed_band,8,4,2,4,6,20260938,0.1,8,0.9999999999999998,3.4417211895379847,0.4248874156447293,7.698011320977727e-05,0.0002655546347779559,0.28988427663536875,6.222690405537849e-15
31,fixed_band,8,4,2,4,6,20260938,1.0,1,0.9999999999999998,3.4417211895379847,0.4248874156447293,0.06039264001071676,0.21244370782236466,0.28427596481800355,6.353512918351838e-16
31,fixed_band,8,4,2,4,6,20260938,1.0,2,0.9999999999999998,3.4417211895379847,0.4248874156447293,0.02972653239556347,0.10622185391118233,0.27985326277979844,1.3763462972770762e-15
31,fixed_band,8,4,2,4,6,20260938,1.0,4,0.9999999999999998,3.4417211895379847,0.4248874156447293,0.014811104537923966,0.053110926955591164,0.278871136071647,2.3970585966579744e-15
31,fixed_band,8,4,2,4,6,20260938,1.0,8,0.9999999999999998,3.4417211895379847,0.4248874156447293,0.007399217097436925,0.026555463477795582,0.27863257230000144,5.804757527766842e-15
32,fixed_band,8,4,2,4,7,20260939,0.1,1,1.0,24.408924252016202,1.2010263798034495,0.0030350625468624102,0.006005131899017249,0.5054114710384803,8.886884901700279e-16
32,fixed_band,8,4,2,4,7,20260939,0.1,2,1.0,24.408924252016202,1.2010263798034495,0.0015179062691795424,0.0030025659495086245,0.5055363627992753,1.3350861013901554e-15
32,fixed_band,8,4,2,4,7,20260939,0.1,4,1.0,24.408924252016202,1.2010263798034495,0.0007590000348773402,0.0015012829747543123,0.5055676029374488,1.5577892333258044e-15
32,fixed_band,8,4,2,4,7,20260939,0.1,8,1.0,24.408924252016202,1.2010263798034495,0.000379505880781941,0.0007506414873771561,0.5055754140475054,7.439466683551956e-15
32,fixed_band,8,4,2,4,7,20260939,1.0,1,1.0,24.408924252016202,1.2010263798034495,0.2889371454396453,0.6005131899017248,0.4811503732115035,5.32654799302255e-16
32,fixed_band,8,4,2,4,7,20260939,1.0,2,1.0,24.408924252016202,1.2010263798034495,0.14821294626593715,0.3002565949508624,0.4936209520733175,1.1350247113172464e-15
32,fixed_band,8,4,2,4,7,20260939,1.0,4,1.0,24.408924252016202,1.2010263798034495,0.0746007732939446,0.1501282974754312,0.49691347033461947,4.483967395010645e-15
32,fixed_band,8,4,2,4,7,20260939,1.0,8,1.0,24.408924252016202,1.2010263798034495,0.03736300333267249,0.0750641487377156,0.4977476459930817,8.584056995964924e-15
33,fixed_band,8,4,2,4,8,20260940,0.1,1,1.0000000000000002,11.014403706673841,0.5285728256742166,0.0012565893449041985,0.0026428641283710837,0.4754649818788419,6.666757198321348e-16
33,fixed_band,8,4,2,4,8,20260940,0.1,2,1.0000000000000002,11.014403706673841,0.5285728256742166,0.0006281928995907176,0.0013214320641855419,0.4753879647819059,1.2220030308257851e-15
33,fixed_band,8,4,2,4,8,20260940,0.1,4,1.0000000000000002,11.014403706673841,0.5285728256742166,0.00031408373342082304,0.0006607160320927709,0.4753687184280745,2.558889747960603e-15
33,fixed_band,8,4,2,4,8,20260940,0.1,8,1.0000000000000002,11.014403706673841,0.5285728256742166,0.0001570402773279894,0.00033035801604638546,0.475363907337243,8.003347528561628e-15
33,fixed_band,8,4,2,4,8,20260940,1.0,1,1.0000000000000002,11.014403706673841,0.5285728256742166,0.12257316901157154,0.2642864128371083,0.46378914336061217,5.586205168920171e-16
33,fixed_band,8,4,2,4,8,20260940,1.0,2,1.0000000000000002,11.014403706673841,0.5285728256742166,0.06032015021709413,0.13214320641855415,0.4564756059122281,1.6220391947339105e-15
33,fixed_band,8,4,2,4,8,20260940,1.0,4,1.0000000000000002,11.014403706673841,0.5285728256742166,0.030043824793769585,0.06607160320927707,0.45471614633911517,2.3795390219192645e-15
33,fixed_band,8,4,2,4,8,20260940,1.0,8,1.0000000000000002,11.014403706673841,0.5285728256742166,0.015007511457805964,0.03303580160463854,0.45428022717326066,4.274640540032953e-15
34,fixed_band,8,4,2,4,9,20260941,0.1,1,1.0,79.24357065919365,1.0079018671809454,0.002699832123065016,0.005039509335904728,0.5357331325551208,7.781321567669596e-16
34,fixed_band,8,4,2,4,9,20260941,0.1,2,1.0,79.24357065919365,1.0079018671809454,0.0013500067210850608,0.002519754667952364,0.5357691120707878,1.4435873524896519e-15
34,fixed_band,8,4,2,4,9,20260941,0.1,4,1.0,79.24357065919365,1.0079018671809454,0.0006750146737182336,0.001259877333976182,0.5357780916558618,1.776687397796048e-15
34,fixed_band,8,4,2,4,9,20260941,0.1,8,1.0,79.24357065919365,1.0079018671809454,0.00033750875038644394,0.000629938666988091,0.5357803355684857,3.337917060151959e-15
34,fixed_band,8,4,2,4,9,20260941,1.0,1,1.0,79.24357065919365,1.0079018671809454,0.2586244763286477,0.5039509335904727,0.5131937636984607,5.092150767469902e-16
34,fixed_band,8,4,2,4,9,20260941,1.0,2,1.0,79.24357065919365,1.0079018671809454,0.13042936534823443,0.25197546679523636,0.5176272396956235,1.0127939081641922e-15
34,fixed_band,8,4,2,4,9,20260941,1.0,4,1.0,79.24357065919365,1.0079018671809454,0.06535499335118554,0.12598773339761818,0.51874092491945,2.14089228061325e-15
34,fixed_band,8,4,2,4,9,20260941,1.0,8,1.0,79.24357065919365,1.0079018671809454,0.032693818739264684,0.06299386669880909,0.519000030520158,7.126216034685354e-15
35,fixed_band,8,4,2,4,10,20260942,0.1,1,1.0000000000000002,8.386119628303762,0.9080740053400707,0.0028715827393982624,0.004540370026700354,0.6324556638581156,8.890118125366577e-16
35,fixed_band,8,4,2,4,10,20260942,0.1,2,1.0000000000000002,8.386119628303762,0.9080740053400707,0.0014357644038308565,0.002270185013350177,0.6324437855891129,1.3327589517444274e-15
35,fixed_band,8,4,2,4,10,20260942,0.1,4,1.0000000000000002,8.386119628303762,0.9080740053400707,0.000717878817203455,0.0011350925066750885,0.6324408037070606,2.5541246229917062e-15
35,fixed_band,8,4,2,4,10,20260942,0.1,8,1.0000000000000002,8.386119628303762,0.9080740053400707,0.0003589389850759799,0.0005675462533375442,0.632440057467005,1.8877346175691e-15
35,fixed_band,8,4,2,4,10,20260942,1.0,1,1.0000000000000002,8.386119628303762,0.9080740053400707,0.2753526997178571,0.45403700267003533,0.606454315614372,9.191142690497534e-16
35,fixed_band,8,4,2,4,10,20260942,1.0,2,1.0000000000000002,8.386119628303762,0.9080740053400707,0.13757080954364673,0.22701850133501766,0.6059894181956103,1.2024200090843957e-15
35,fixed_band,8,4,2,4,10,20260942,1.0,4,1.0000000000000002,8.386119628303762,0.9080740053400707,0.06875842621004553,0.11350925066750883,0.6057517409876366,2.826395093833975e-15
35,fixed_band,8,4,2,4,10,20260942,1.0,8,1.0000000000000002,8.386119628303762,0.9080740053400707,0.034375420424800865,0.056754625333754416,0.6056849150646463,5.932155841236577e-15
36,fixed_band,8,4,2,4,11,20260943,0.1,1,0.9999999999999999,14.24275426065081,0.7738330035940981,0.0022556288153683123,0.0038691650179704913,0.58297560452758,4.479878886969882e-16
36,fixed_band,8,4,2,4,11,20260943,0.1,2,0.9999999999999999,14.24275426065081,0.7738330035940981,0.0011276595496913819,0.0019345825089852457,0.582895557286351,1.225834612009986e-15
36,fixed_band,8,4,2,4,11,20260943,0.1,4,0.9999999999999999,14.24275426065081,0.7738330035940981,0.0005638104152893422,0.0009672912544926228,0.5828755430907725,1.9993229853996186e-15
36,fixed_band,8,4,2,4,11,20260943,0.1,8,0.9999999999999999,14.24275426065081,0.7738330035940981,0.0002819027876285201,0.0004836456272463114,0.5828705393938203,4.7763852947123075e-15
36,fixed_band,8,4,2,4,11,20260943,1.0,1,0.9999999999999999,14.24275426065081,0.7738330035940981,0.21947933126109537,0.38691650179704906,0.5672524439813627,4.582307995277867e-16
36,fixed_band,8,4,2,4,11,20260943,1.0,2,0.9999999999999999,14.24275426065081,0.7738330035940981,0.10839361275463841,0.19345825089852453,0.5602945971608859,1.134580189093205e-15
36,fixed_band,8,4,2,4,11,20260943,1.0,4,0.9999999999999999,14.24275426065081,0.7738330035940981,0.05402526154131511,0.09672912544926227,0.558521141283896,1.6914819798105478e-15
36,fixed_band,8,4,2,4,11,20260943,1.0,8,0.9999999999999999,14.24275426065081,0.7738330035940981,0.02699109109770508,0.04836456272463113,0.558075780636781,4.99618285135113e-15
37,fixed_band,8,4,2,4,12,20260944,0.1,1,1.0000000000000004,47.070284027353495,0.6973739302441627,0.0018069916442078593,0.0034868696512208143,0.5182274719031151,4.452427562856735e-16
37,fixed_band,8,4,2,4,12,20260944,0.1,2,1.0000000000000004,47.070284027353495,0.6973739302441627,0.000903407729727782,0.0017434348256104072,0.5181769438450233,1.336806274995872e-15
37,fixed_band,8,4,2,4,12,20260944,0.1,4,1.0000000000000004,47.070284027353495,0.6973739302441627,0.00045169285559286117,0.0008717174128052036,0.5181643144414252,1.5561089091926645e-15
37,fixed_band,8,4,2,4,12,20260944,0.1,8,1.0000000000000004,47.070284027353495,0.6973739302441627,0.00022584505170935725,0.0004358587064026018,0.5181611572552703,4.666555422176075e-15
37,fixed_band,8,4,2,4,12,20260944,1.0,1,1.0000000000000004,47.070284027353495,0.6973739302441627,0.1770419753467005,0.34868696512208136,0.5077390125114514,6.684303316262765e-16
37,fixed_band,8,4,2,4,12,20260944,1.0,2,1.0000000000000004,47.070284027353495,0.6973739302441627,0.08786341274554464,0.17434348256104068,0.5039672917786424,1.2107066026391587e-15
37,fixed_band,8,4,2,4,12,20260944,1.0,4,1.0000000000000004,47.070284027353495,0.6973739302441627,0.04385320722177829,0.08717174128052034,0.5030667803303117,2.1231526866140486e-15
37,fixed_band,8,4,2,4,12,20260944,1.0,8,1.0000000000000004,47.070284027353495,0.6973739302441627,0.02191690302620692,0.04358587064026017,0.502844217730558,4.249610792880559e-15
38,fixed_band,8,4,2,4,13,20260945,0.1,1,1.0,10.780105734338756,0.7084784063201475,0.002184419425004521,0.003542392031600738,0.616650953795598,5.568580692799808e-16
38,fixed_band,8,4,2,4,13,20260945,0.1,2,1.0,10.780105734338756,0.7084784063201475,0.0010920470132599028,0.001771196015800369,0.6165590953898052,5.558840570867472e-16
38,fixed_band,8,4,2,4,13,20260945,0.1,4,1.0,10.780105734338756,0.7084784063201475,0.0005460031708415963,0.0008855980079001845,0.6165361326141737,3.665655159837746e-15
38,fixed_band,8,4,2,4,13,20260945,0.1,8,1.0,10.780105734338756,0.7084784063201475,0.00027299904349848287,0.0004427990039500923,0.6165303920359597,4.220328485893817e-15
38,fixed_band,8,4,2,4,13,20260945,1.0,1,1.0,10.780105734338756,0.7084784063201475,0.20981947035515222,0.35423920316007373,0.5923101353080307,1.0082791943481434e-15
38,fixed_band,8,4,2,4,13,20260945,1.0,2,1.0,10.780105734338756,0.7084784063201475,0.10339300087128471,0.17711960158003687,0.5837468013079481,1.1622377093722446e-15
38,fixed_band,8,4,2,4,13,20260945,1.0,4,1.0,10.780105734338756,0.7084784063201475,0.05150803168770907,0.08855980079001843,0.581618648960585,2.3598985937813864e-15
38,fixed_band,8,4,2,4,13,20260945,1.0,8,1.0,10.780105734338756,0.7084784063201475,0.025730496434764556,0.04427990039500922,0.5810874957989887,6.714394173784874e-15
39,fixed_band,8,4,2,4,14,20260946,0.1,1,1.0,46.28822969591062,0.7990150960139166,0.0010809711796828858,0.003995075480069584,0.27057590903490464,6.673834647864022e-16
39,fixed_band,8,4,2,4,14,20260946,0.1,2,1.0,46.28822969591062,0.7990150960139166,0.0005404422808830008,0.001997537740034792,0.27055422786334327,1.1104201620601706e-15
39,fixed_band,8,4,2,4,14,20260946,0.1,4,1.0,46.28822969591062,0.7990150960139166,0.0002702157224892645,0.000998768870017396,0.27054880323268193,3.4431722758068456e-15
39,fixed_band,8,4,2,4,14,20260946,0.1,8,1.0,46.28822969591062,0.7990150960139166,0.00013510718386626694,0.000499384435008698,0.2705474468060137,8.774826293358964e-15
39,fixed_band,8,4,2,4,14,20260946,1.0,1,1.0,46.28822969591062,0.7990150960139166,0.10648151677572905,0.3995075480069583,0.2665319273864494,5.430607709901587e-16
39,fixed_band,8,4,2,4,14,20260946,1.0,2,1.0,46.28822969591062,0.7990150960139166,0.05280156993991698,0.19975377400347916,0.26433327832392955,1.3659782126054067e-15
39,fixed_band,8,4,2,4,14,20260946,1.0,4,1.0,46.28822969591062,0.7990150960139166,0.02634132186887171,0.09987688700173958,0.2637379143426138,2.527972360104694e-15
39,fixed_band,8,4,2,4,14,20260946,1.0,8,1.0,46.28822969591062,0.7990150960139166,0.013163075944991895,0.04993844350086979,0.26358602756136423,2.4660592345559997e-15
40,fixed_band,8,4,2,4,15,20260947,0.1,1,1.0,6.636441791137163,0.5513733755348398,0.0014980792390065889,0.0027568668776741996,0.5433991938959443,6.667002790843079e-16
40,fixed_band,8,4,2,4,15,20260947,0.1,2,1.0,6.636441791137163,0.5513733755348398,0.0007489684870413,0.0013784334388370998,0.5433475900535023,1.0113742238570365e-15
40,fixed_band,8,4,2,4,15,20260947,0.1,4,1.0,6.636441791137163,0.5513733755348398,0.0003744753528645982,0.0006892167194185499,0.543334690401185,3.779166760292862e-15
40,fixed_band,8,4,2,4,15,20260947,0.1,8,1.0,6.636441791137163,0.5513733755348398,0.00018723656512917162,0.00034460835970927494,0.543331465571908,5.120529833123968e-15
40,fixed_band,8,4,2,4,15,20260947,1.0,1,1.0,6.636441791137163,0.5513733755348398,0.14568805345141542,0.2756866877674199,0.5284551627473706,8.112378008017638e-16
40,fixed_band,8,4,2,4,15,20260947,1.0,2,1.0,6.636441791137163,0.5513733755348398,0.07216755244678943,0.13784334388370995,0.5235476042112909,2.034380897539508e-15
40,fixed_band,8,4,2,4,15,20260947,1.0,4,1.0,6.636441791137163,0.5513733755348398,0.03599996070736077,0.06892167194185497,0.5223315060860937,2.3336353495499295e-15
40,fixed_band,8,4,2,4,15,20260947,1.0,8,1.0,6.636441791137163,0.5513733755348398,0.017989526232792215,0.034460835970927486,0.5220281437156338,3.028203850037552e-15
41,fixed_band,8,4,2,4,16,20260948,0.1,1,1.0,6.220445412840038,0.9589563616282151,0.002873683670451324,0.004794781808141076,0.5993356497624327,7.771887328071322e-16
41,fixed_band,8,4,2,4,16,20260948,0.1,2,1.0,6.220445412840038,0.9589563616282151,0.0014367706421176728,0.002397390904070538,0.5993059536841385,1.333067394465172e-15
41,fixed_band,8,4,2,4,16,20260948,0.1,4,1.0,6.220445412840038,0.9589563616282151,0.0007183764057822228,0.001198695452035269,0.5992985162014998,2.2312405487447865e-15
41,fixed_band,8,4,2,4,16,20260948,0.1,8,1.0,6.220445412840038,0.9589563616282151,0.0003591870879775532,0.0005993477260176345,0.5992966559899569,4.551932434024114e-15
41,fixed_band,8,4,2,4,16,20260948,1.0,1,1.0,6.220445412840038,0.9589563616282151,0.2738133648972033,0.47947818081410754,0.5710653286293336,8.083154663480192e-16
41,fixed_band,8,4,2,4,16,20260948,1.0,2,1.0,6.220445412840038,0.9589563616282151,0.13640751528276582,0.23973909040705377,0.5689832019098724,1.8804136092978904e-15
41,fixed_band,8,4,2,4,16,20260948,1.0,4,1.0,6.220445412840038,0.9589563616282151,0.0681256601227936,0.11986954520352688,0.5683316809713662,2.5514472856615894e-15
41,fixed_band,8,4,2,4,16,20260948,1.0,8,1.0,6.220445412840038,0.9589563616282151,0.034052580140677066,0.05993477260176344,0.568160663041794,5.595664603352971e-15
42,fixed_band,8,4,2,4,17,20260949,0.1,1,1.0,34.75998420652633,0.5330951321134219,0.0014157107426058708,0.0026654756605671097,0.5311287450678362,5.551199461311317e-16
42,fixed_band,8,4,2,4,17,20260949,0.1,2,1.0,34.75998420652633,0.5330951321134219,0.0007077392051459661,0.0013327378302835549,0.5310415815204905,1.1102539904484182e-15
42,fixed_band,8,4,2,4,17,20260949,0.1,4,1.0,34.75998420652633,0.5330951321134219,0.0003538550822858636,0.0006663689151417774,0.53101979135773,2.664612503271558e-15
42,fixed_band,8,4,2,4,17,20260949,0.1,8,1.0,34.75998420652633,0.5330951321134219,0.00017692572612321752,0.0003331844575708887,0.5310143438655887,4.8898087601499734e-15
42,fixed_band,8,4,2,4,17,20260949,1.0,1,1.0,34.75998420652633,0.5330951321134219,0.13920222467491747,0.2665475660567109,0.5222415898755597,6.840487991473988e-16
42,fixed_band,8,4,2,4,17,20260949,1.0,2,1.0,34.75998420652633,0.5330951321134219,0.06850341458122387,0.13327378302835546,0.5140051780975484,1.6802620873344974e-15
42,fixed_band,8,4,2,4,17,20260949,1.0,4,1.0,34.75998420652633,0.5330951321134219,0.034114799819792124,0.06663689151417773,0.5119506484262374,3.3535854198912478e-15
42,fixed_band,8,4,2,4,17,20260949,1.0,8,1.0,34.75998420652633,0.5330951321134219,0.017040303701551518,0.033318445757088866,0.5114375330045522,4.275941330522694e-15
43,fixed_band,8,4,2,4,18,20260950,0.1,1,1.0,29.66473369499876,0.7064381590522443,0.0021604217438219607,0.003532190795261222,0.6116378953029312,5.560875435569735e-16
43,fixed_band,8,4,2,4,18,20260950,0.1,2,1.0,29.66473369499876,0.7064381590522443,0.0010800670941334448,0.001766095397630611,0.6115564853305546,1.5652808521894682e-15
43,fixed_band,8,4,2,4,18,20260950,0.1,4,1.0,29.66473369499876,0.7064381590522443,0.0005400155818188724,0.0008830476988153055,0.6115361407354958,2.0004121107124926e-15
43,fixed_band,8,4,2,4,18,20260950,0.1,8,1.0,29.66473369499876,0.7064381590522443,0.00027000554547154285,0.00044152384940765276,0.6115310550806747,7.327508047757678e-15
43,fixed_band,8,4,2,4,18,20260950,1.0,1,1.0,29.66473369499876,0.7064381590522443,0.20702703590957464,0.35321907952612214,0.5861150994089039,9.190430011726436e-16
43,fixed_band,8,4,2,4,18,20260950,1.0,2,1.0,29.66473369499876,0.7064381590522443,0.10220128664770183,0.17660953976306107,0.5786849724245634,1.152759643451409e-15
43,fixed_band,8,4,2,4,18,20260950,1.0,4,1.0,29.66473369499876,0.7064381590522443,0.050942847714930656,0.08830476988153053,0.5768980292149049,2.4845068384857487e-15
43,fixed_band,8,4,2,4,18,20260950,1.0,8,1.0,29.66473369499876,0.7064381590522443,0.025451885567663653,0.04415238494076527,0.5764555097490167,6.338512781706668e-15
44,fixed_band,8,4,2,4,19,20260951,0.1,1,1.0000000000000002,15.208742657555412,0.7766619815741319,0.0021151214608454436,0.0038833099078706603,0.5446697562196963,7.774803308841048e-16
44,fixed_band,8,4,2,4,19,20260951,0.1,2,1.0000000000000002,15.208742657555412,0.7766619815741319,0.0010574176207570375,0.0019416549539353302,0.5445960512262348,1.334650049684038e-15
44,fixed_band,8,4,2,4,19,20260951,0.1,4,1.0000000000000002,15.208742657555412,0.7766619815741319,0.0005286909232730508,0.0009708274769676651,0.5445776266287731,1.1173894029329633e-15
44,fixed_band,8,4,2,4,19,20260951,0.1,8,1.0000000000000002,15.208742657555412,0.7766619815741319,0.00026434322579907133,0.00048541373848383254,0.5445730205839151,5.107993569915223e-15
44,fixed_band,8,4,2,4,19,20260951,1.0,1,1.0000000000000002,15.208742657555412,0.7766619815741319,0.20490343597121843,0.38833099078706595,0.5276515159295473,6.933598900496979e-16
44,fixed_band,8,4,2,4,19,20260951,1.0,2,1.0000000000000002,15.208742657555412,0.7766619815741319,0.10119338643017405,0.19416549539353298,0.5211707992971467,1.6105800314742724e-15
44,fixed_band,8,4,2,4,19,20260951,1.0,4,1.0000000000000002,15.208742657555412,0.7766619815741319,0.050440452695104374,0.09708274769676649,0.5195614451771886,2.8886020090566838e-15
44,fixed_band,8,4,2,4,19,20260951,1.0,8,1.0000000000000002,15.208742657555412,0.7766619815741319,0.025200734022649093,0.048541373848383244,0.5191598841302356,5.112268012478438e-15
45,fixed_band,8,4,2,4,20,20260952,0.1,1,1.0000000000000002,22.743598932654105,0.8484005791285367,0.0019127155460626124,0.004242002895642684,0.4508991608721725,6.668511648595396e-16
45,fixed_band,8,4,2,4,20,20260952,0.1,2,1.0000000000000002,22.743598932654105,0.8484005791285367,0.0009561942590290937,0.002121001447821342,0.4508220680430373,1.777712205731931e-15
45,fixed_band,8,4,2,4,20,20260952,0.1,4,1.0000000000000002,22.743598932654105,0.8484005791285367,0.00047807670406964,0.001060500723910671,0.4508028078535378,2.224736031944478e-15
45,fixed_band,8,4,2,4,20,20260952,0.1,8,1.0000000000000002,22.743598932654105,0.8484005791285367,0.00023903579928607062,0.0005302503619553355,0.4507979936206159,6.002217082022808e-15
45,fixed_band,8,4,2,4,20,20260952,1.0,1,1.0000000000000002,22.743598932654105,0.8484005791285367,0.1821033642218687,0.42420028956426836,0.4292862798583243,7.28965035720783e-16
45,fixed_band,8,4,2,4,20,20260952,1.0,2,1.0000000000000002,22.743598932654105,0.8484005791285367,0.08952848054183975,0.21210014478213418,0.4221047592108056,1.1135348286165199e-15
45,fixed_band,8,4,2,4,20,20260952,1.0,4,1.0000000000000002,22.743598932654105,0.8484005791285367,0.04458707754036345,0.10605007239106709,0.4204342018357656,2.8879354510432395e-15
45,fixed_band,8,4,2,4,20,20260952,1.0,8,1.0000000000000002,22.743598932654105,0.8484005791285367,0.02227179314018928,0.053025036195533545,0.42002410065427354,5.6528855676919e-15
46,fixed_band,8,4,2,4,21,20260953,0.1,1,0.9999999999999997,57.184288224419745,0.5561625539459494,0.0019218163235667075,0.0027808127697297475,0.6910987839549797,8.915547234160428e-16
46,fixed_band,8,4,2,4,21,20260953,0.1,2,0.9999999999999997,57.184288224419745,0.5561625539459494,0.0009607885741270297,0.0013904063848648738,0.6910127748157627,1.3324860029591577e-15
46,fixed_band,8,4,2,4,21,20260953,0.1,4,0.9999999999999997,57.184288224419745,0.5561625539459494,0.00048037933905210574,0.0006952031924324369,0.6909912731719673,2.000200734393725e-15
46,fixed_band,8,4,2,4,21,20260953,0.1,8,0.9999999999999997,57.184288224419745,0.5561625539459494,0.0002401878010388692,0.00034760159621621844,0.690985897801992,3.1100809679087724e-15
46,fixed_band,8,4,2,4,21,20260953,1.0,1,0.9999999999999997,57.184288224419745,0.5561625539459494,0.18526511048711383,0.2780812769729747,0.6662264806311243,1.5547103471046855e-15
46,fixed_band,8,4,2,4,21,20260953,1.0,2,0.9999999999999997,57.184288224419745,0.5561625539459494,0.0915135118744907,0.13904063848648734,0.6581781619435273,1.3739996575580735e-15
46,fixed_band,8,4,2,4,21,20260953,1.0,4,0.9999999999999997,57.184288224419745,0.5561625539459494,0.0456169773813156,0.06952031924324367,0.6561675475296221,2.0002048375876e-15
46,fixed_band,8,4,2,4,21,20260953,1.0,8,0.9999999999999997,57.184288224419745,0.5561625539459494,0.022791023546611833,0.034760159621621836,0.6556651003534273,3.797505481949579e-15
47,fixed_band,8,4,2,4,22,20260954,0.1,1,1.0000000000000002,9.74632410072806,0.5464825547234471,0.0014389236842776828,0.002732412773617236,0.5266128522641914,8.886018688892751e-16
47,fixed_band,8,4,2,4,22,20260954,0.1,2,1.0000000000000002,9.74632410072806,0.5464825547234471,0.0007193984759661952,0.001366206386808618,0.5265664711513097,1.5576794939861867e-15
47,fixed_band,8,4,2,4,22,20260954,0.1,4,1.0000000000000002,9.74632410072806,0.5464825547234471,0.00035969132070020325,0.000683103193404309,0.5265548809802041,3.777664113557219e-15
47,fixed_band,8,4,2,4,22,20260954,0.1,8,1.0000000000000002,9.74632410072806,0.5464825547234471,0.00017984467079944328,0.0003415515967021545,0.5265519837586191,5.3429469018038404e-15
47,fixed_band,8,4,2,4,22,20260954,1.0,1,1.0000000000000002,9.74632410072806,0.5464825547234471,0.13784364373657798,0.27324127736172354,0.5044759161848639,6.804908256148961e-16
47,fixed_band,8,4,2,4,22,20260954,1.0,2,1.0000000000000002,9.74632410072806,0.5464825547234471,0.06829727724525075,0.13662063868086177,0.4999045378845681,1.2405403054394056e-15
47,fixed_band,8,4,2,4,22,20260954,1.0,4,1.0000000000000002,9.74632410072806,0.5464825547234471,0.0340738008989613,0.06831031934043089,0.4988089827124262,2.9117988658916648e-15
47,fixed_band,8,4,2,4,22,20260954,1.0,8,1.0000000000000002,9.74632410072806,0.5464825547234471,0.017027640595572067,0.03415515967021544,0.4985378712903748,4.196939174730321e-15
48,fixed_band,8,4,2,4,23,20260955,0.1,1,1.0,6.326857668768725,2.049232496795388,0.005186492863067292,0.010246162483976941,0.5061888166596992,8.892649375846821e-16
48,fixed_band,8,4,2,4,23,20260955,0.1,2,1.0,6.326857668768725,2.049232496795388,0.0025930070366437887,0.005123081241988471,0.5061420879668385,2.000702579603354e-15
48,fixed_band,8,4,2,4,23,20260955,0.1,4,1.0,6.326857668768725,2.049232496795388,0.001296473402626566,0.0025615406209942354,0.5061303310986938,2.8917673032193462e-15
48,fixed_band,8,4,2,4,23,20260955,0.1,8,1.0,6.326857668768725,2.049232496795388,0.0006482329308605049,0.0012807703104971177,0.5061273872041115,4.891913572710481e-15
48,fixed_band,8,4,2,4,23,20260955,1.0,1,1.0,6.326857668768725,2.049232496795388,0.4860345330040344,1.024616248397694,0.47435762780855806,5.27200179761518e-16
48,fixed_band,8,4,2,4,23,20260955,1.0,2,1.0,6.326857668768725,2.049232496795388,0.2426731236322608,0.512308124198847,0.47368587802849244,1.4352740924214192e-15
48,fixed_band,8,4,2,4,23,20260955,1.0,4,1.0,6.326857668768725,2.049232496795388,0.1211540418230811,0.2561540620994235,0.47297333811577985,2.3895239137798076e-15
48,fixed_band,8,4,2,4,23,20260955,1.0,8,1.0,6.326857668768725,2.049232496795388,0.060549173772356496,0.12807703104971174,0.47275591318832944,6.9829136022596675e-15
49,fixed_band,16,2,2,2,0,20260956,0.1,1,1.0000000000000002,17.104043786949195,0.4713384893482033,0.0023558244525478723,0.002356692446741017,0.9996316896613535,4.454569108396161e-16
49,fixed_band,16,2,2,2,0,20260956,0.1,2,1.0000000000000002,17.104043786949195,0.4713384893482033,0.0011777496779063943,0.0011783462233705085,0.9994937434751495,1.2224268598095086e-15
49,fixed_band,16,2,2,2,0,20260956,0.1,4,1.0000000000000002,17.104043786949195,0.4713384893482033,0.0005888545250577212,0.0005891731116852543,0.999459264821808,2.222638833171999e-15
49,fixed_band,16,2,2,2,0,20260956,0.1,8,1.0000000000000002,17.104043786949195,0.4713384893482033,0.00029442472343753703,0.00029458655584262714,0.9994506456527618,3.108686894583593e-15
49,fixed_band,16,2,2,2,0,20260956,1.0,1,1.0000000000000002,17.104043786949195,0.4713384893482033,0.2269687868383195,0.23566924467410166,0.9630819123309293,4.760266569918202e-16
49,fixed_band,16,2,2,2,0,20260956,1.0,2,1.0000000000000002,17.104043786949195,0.4713384893482033,0.1120441695570291,0.11783462233705083,0.950859495577973,9.52363756679569e-16
49,fixed_band,16,2,2,2,0,20260956,1.0,4,1.0000000000000002,17.104043786949195,0.4713384893482033,0.055845549909055506,0.058917311168525416,0.9478631797930572,1.9832810623868738e-15
49,fixed_band,16,2,2,2,0,20260956,1.0,8,1.0000000000000002,17.104043786949195,0.4713384893482033,0.02790080877230771,0.029458655584262708,0.9471175183979806,4.23007123421245e-15
50,fixed_band,16,2,2,2,1,20260957,0.1,1,1.0000000000000002,64.40856009029451,0.47583451401210924,0.002378312043324044,0.0023791725700605467,0.9996383083987553,7.773605212323065e-16
50,fixed_band,16,2,2,2,1,20260957,0.1,2,1.0000000000000002,64.40856009029451,0.47583451401210924,0.0011889948982776544,0.0011895862850302733,0.999502863508044,7.775896081696203e-16
50,fixed_band,16,2,2,2,1,20260957,0.1,4,1.0000000000000002,64.40856009029451,0.47583451401210924,0.0005944773144164491,0.0005947931425151367,0.9994690118696525,1.7782207780978045e-15
50,fixed_band,16,2,2,2,1,20260957,0.1,8,1.0000000000000002,64.40856009029451,0.47583451401210924,0.00029723614054669623,0.00029739657125756833,0.9994605495611677,4.664602944064516e-15
50,fixed_band,16,2,2,2,1,20260957,1.0,1,1.0000000000000002,64.40856009029451,0.47583451401210924,0.22927071706685875,0.23791725700605462,0.963657365388271,5.778167361801791e-16
50,fixed_band,16,2,2,2,1,20260957,1.0,2,1.0000000000000002,64.40856009029451,0.47583451401210924,0.11322663974334209,0.11895862850302731,0.951815275345585,7.922505172109904e-16
50,fixed_band,16,2,2,2,1,20260957,1.0,4,1.0000000000000002,64.40856009029451,0.47583451401210924,0.05644166365258593,0.059479314251513656,0.9489292935341732,2.326123435901026e-15
50,fixed_band,16,2,2,2,1,20260957,1.0,8,1.0000000000000002,64.40856009029451,0.47583451401210924,0.028199503687188477,0.029739657125756828,0.9482121319672357,4.515033236631954e-15
51,fixed_band,16,2,2,2,2,20260958,0.1,1,1.0,17.977309967314575,0.4785481517929305,0.0023916788119095343,0.002392740758964653,0.9995561796441425,4.441623302698817e-16
51,fixed_band,16,2,2,2,2,20260958,0.1,2,1.0,17.977309967314575,0.4785481517929305,0.001195640469849048,0.0011963703794823264,0.9993898966024266,6.66474681088137e-16
51,fixed_band,16,2,2,2,2,20260958,0.1,4,1.0,17.977309967314575,0.4785481517929305,0.0005977953762504293,0.0005981851897411632,0.9993483397826974,1.6657622880656551e-15
51,fixed_band,16,2,2,2,2,20260958,0.1,8,1.0,17.977309967314575,0.4785481517929305,0.00029889458105146726,0.0002990925948705816,0.9993379514487812,3.9989620889831175e-15
51,fixed_band,16,2,2,2,2,20260958,1.0,1,1.0,17.977309967314575,0.4785481517929305,0.2287562204728448,0.23927407589646524,0.9560426453044936,4.57822505577753e-16
51,fixed_band,16,2,2,2,2,20260958,1.0,2,1.0,17.977309967314575,0.4785481517929305,0.1125750003417766,0.11963703794823262,0.94097114298741,1.113538503930085e-15
51,fixed_band,16,2,2,2,2,20260958,1.0,4,1.0,17.977309967314575,0.4785481517929305,0.05606946139694533,0.05981851897411631,0.9373261384356038,2.459735473669997e-15
51,fixed_band,16,2,2,2,2,20260958,1.0,8,1.0,17.977309967314575,0.4785481517929305,0.02800770010421164,0.029909259487058155,0.9364223850587365,3.634247220853098e-15
52,fixed_band,16,2,2,2,3,20260959,0.1,1,1.0000000000000004,5.287366852676969,0.42010465466751434,0.002099394270440004,0.002100523273337572,0.9994625135022787,6.663964035609069e-16
52,fixed_band,16,2,2,2,3,20260959,0.1,2,1.0000000000000004,5.287366852676969,0.42010465466751434,0.001049485501288406,0.001050261636668786,0.9992610075877456,1.0000482514538078e-15
52,fixed_band,16,2,2,2,3,20260959,0.1,4,1.0000000000000004,5.287366852676969,0.42010465466751434,0.0005247163031312798,0.000525130818334393,0.9992106439221602,1.7770570457201388e-15
52,fixed_band,16,2,2,2,3,20260959,0.1,8,1.0000000000000004,5.287366852676969,0.42010465466751434,0.00026235484583682833,0.0002625654091671965,0.9991980538067217,4.2204470842230035e-15
52,fixed_band,16,2,2,2,3,20260959,1.0,1,1.0000000000000004,5.287366852676969,0.42010465466751434,0.19906846884361964,0.21005232733375717,0.9477089417215311,5.720342893657641e-16
52,fixed_band,16,2,2,2,3,20260959,1.0,2,1.0000000000000004,5.287366852676969,0.42010465466751434,0.09753040641458757,0.10502616366687859,0.9286296196053965,8.038956437496929e-16
52,fixed_band,16,2,2,2,3,20260959,1.0,4,1.0000000000000004,5.287366852676969,0.42010465466751434,0.048520987120972595,0.05251308183343929,0.9239790434480916,1.9177887726385182e-15
52,fixed_band,16,2,2,2,3,20260959,1.0,8,1.0000000000000004,5.287366852676969,0.42010465466751434,0.024230162730166326,0.026256540916719646,0.9228238710887099,2.9183990290861043e-15
53,fixed_band,16,2,2,2,4,20260960,0.1,1,0.9999999999999996,118.75987632385487,0.4350685528519853,0.0021741154952141187,0.002175342764259927,0.9994358272792814,4.449296349246464e-16
53,fixed_band,16,2,2,2,4,20260960,0.1,2,0.9999999999999996,118.75987632385487,0.4350685528519853,0.0010868276894265342,0.0010876713821299634,0.9992243128602161,1.1112893007675351e-15
53,fixed_band,16,2,2,2,4,20260960,0.1,4,0.9999999999999996,118.75987632385487,0.4350685528519853,0.0005433850965130324,0.0005438356910649817,0.9991714509375674,2.6654235688244075e-15
53,fixed_band,16,2,2,2,4,20260960,0.1,8,0.9999999999999996,118.75987632385487,0.4350685528519853,0.00027168895501559733,0.00027191784553249086,0.9991582365017445,5.553117063784177e-15
53,fixed_band,16,2,2,2,4,20260960,1.0,1,0.9999999999999996,118.75987632385487,0.4350685528519853,0.20560138511275966,0.21753427642599266,0.9451447766793998,6.689123516776845e-16
53,fixed_band,16,2,2,2,4,20260960,1.0,2,0.9999999999999996,118.75987632385487,0.4350685528519853,0.10061738962558338,0.10876713821299633,0.9250715912792201,8.899145686559247e-16
53,fixed_band,16,2,2,2,4,20260960,1.0,4,0.9999999999999996,118.75987632385487,0.4350685528519853,0.05004417051870939,0.054383569106498164,0.9202075432141824,2.09874113162685e-15
53,fixed_band,16,2,2,2,4,20260960,1.0,8,0.9999999999999996,118.75987632385487,0.4350685528519853,0.024989275144152532,0.027191784553249082,0.9190009245335324,3.358925924573438e-15
54,fixed_band,16,2,2,2,5,20260961,0.1,1,1.0000000000000004,80.93371653773532,0.4434030629290254,0.0022160337790616,0.0022170153146451274,0.9995572716268384,5.567322365065458e-16
54,fixed_band,16,2,2,2,5,20260961,0.1,2,1.0000000000000004,80.93371653773532,0.4434030629290254,0.001107832945457102,0.0011085076573225637,0.9993913331486663,1.3382766506195606e-15
54,fixed_band,16,2,2,2,5,20260961,0.1,4,1.0000000000000004,80.93371653773532,0.4434030629290254,0.0005538934817324242,0.0005542538286612818,0.9993498521611875,2.8916363260672216e-15
54,fixed_band,16,2,2,2,5,20260961,0.1,8,1.0000000000000004,80.93371653773532,0.4434030629290254,0.00027694386705529674,0.0002771269143306409,0.9993394821438174,3.885985571485083e-15
54,fixed_band,16,2,2,2,5,20260961,1.0,1,1.0000000000000004,80.93371653773532,0.4434030629290254,0.21197901609541195,0.2217015314645127,0.9561459259894332,4.760087135103164e-16
54,fixed_band,16,2,2,2,5,20260961,1.0,2,1.0000000000000004,80.93371653773532,0.4434030629290254,0.10425352645167223,0.11085076573225636,0.9404853973086773,9.061648898274988e-16
54,fixed_band,16,2,2,2,5,20260961,1.0,4,1.0000000000000004,80.93371653773532,0.4434030629290254,0.05191136522618836,0.05542538286612818,0.9365991273632261,2.0051005182506146e-15
54,fixed_band,16,2,2,2,5,20260961,1.0,8,1.0000000000000004,80.93371653773532,0.4434030629290254,0.025928817982430533,0.02771269143306409,0.935629729254474,2.9864117410714427e-15
55,fixed_band,16,2,2,2,6,20260962,0.1,1,1.0000000000000002,124.30870556122905,0.47980071808468683,0.002397860655506586,0.0023990035904234348,0.9995235793220939,4.445229184599473e-16
55,fixed_band,16,2,2,2,6,20260962,0.1,2,1.0000000000000002,124.30870556122905,0.47980071808468683,0.0011987162087752044,0.0011995017952117174,0.9993450727296541,1.0017760415743916e-15
55,fixed_band,16,2,2,2,6,20260962,0.1,4,1.0000000000000002,124.30870556122905,0.47980071808468683,0.0005993313488115878,0.0005997508976058587,0.9993004615817239,2.220482699829566e-15
55,fixed_band,16,2,2,2,6,20260962,0.1,8,1.0000000000000002,124.30870556122905,0.47980071808468683,0.0002996623302491823,0.00029987544880292935,0.9992893097631107,3.998030125918831e-15
55,fixed_band,16,2,2,2,6,20260962,1.0,1,1.0000000000000002,124.30870556122905,0.47980071808468683,0.22869647262763604,0.23990035904234341,0.9532977505351301,6.249757057972939e-16
55,fixed_band,16,2,2,2,6,20260962,1.0,2,1.0000000000000002,124.30870556122905,0.47980071808468683,0.11242601718521546,0.11995017952117171,0.9372726046264216,8.53897207083538e-16
55,fixed_band,16,2,2,2,6,20260962,1.0,4,1.0000000000000002,124.30870556122905,0.47980071808468683,0.05598073945002244,0.059975089760585854,0.9333998443935901,2.2400335130977065e-15
55,fixed_band,16,2,2,2,6,20260962,1.0,8,1.0000000000000002,124.30870556122905,0.47980071808468683,0.027961572853531475,0.029987544880292927,0.932439549991541,4.377839837330162e-15
56,fixed_band,16,2,2,2,7,20260963,0.1,1,1.0,39.79634697775159,0.49378277783558816,0.0024681734420623426,0.0024689138891779414,0.9997000919639828,6.666531326508596e-16
56,fixed_band,16,2,2,2,7,20260963,0.1,2,1.0,39.79634697775159,0.49378277783558816,0.0012339481395501157,0.0012344569445889707,0.9995878308748756,1.1120157227400074e-15
56,fixed_band,16,2,2,2,7,20260963,0.1,4,1.0,39.79634697775159,0.49378277783558816,0.0006169567464788391,0.0006172284722944854,0.9995597646125493,1.778612223894975e-15
56,fixed_band,16,2,2,2,7,20260963,0.1,8,1.0,39.79634697775159,0.49378277783558816,0.00030847620780886627,0.0003086142361472427,0.9995527479869382,2.8902082356598313e-15
56,fixed_band,16,2,2,2,7,20260963,1.0,1,1.0,39.79634697775159,0.49378277783558816,0.23919639368029588,0.24689138891779408,0.9688324681098524,5.539449122160512e-16
56,fixed_band,16,2,2,2,7,20260963,1.0,2,1.0,39.79634697775159,0.49378277783558816,0.11838949572963897,0.12344569445889704,0.9590411091174865,1.2360537084129895e-15
56,fixed_band,16,2,2,2,7,20260963,1.0,4,1.0,39.79634697775159,0.49378277783558816,0.05904221064635146,0.06172284722944852,0.956569784068255,2.519120256445947e-15
56,fixed_band,16,2,2,2,7,20260963,1.0,8,1.0,39.79634697775159,0.49378277783558816,0.029501998371346292,0.03086142361472426,0.9559506631855643,3.268532456354523e-15
57,fixed_band,16,2,2,2,8,20260964,0.1,1,1.0000000000000002,45.74332053292092,0.4583686787017892,0.0022908723639070527,0.0022918433935089464,0.9995763106656224,4.460317158809429e-16
57,fixed_band,16,2,2,2,8,20260964,0.1,2,1.0000000000000002,45.74332053292092,0.4583686787017892,0.0011452542397686538,0.0011459216967544732,0.9994175370029996,8.893549949108866e-16
57,fixed_band,16,2,2,2,8,20260964,0.1,4,1.0000000000000002,45.74332053292092,0.4583686787017892,0.0005726043790086979,0.0005729608483772366,0.9993778468990537,2.889051957995431e-15
57,fixed_band,16,2,2,2,8,20260964,0.1,8,1.0000000000000002,45.74332053292092,0.4583686787017892,0.0002862993469550084,0.0002864804241886183,0.9993679245829004,3.1100716875904766e-15
57,fixed_band,16,2,2,2,8,20260964,1.0,1,1.0000000000000002,45.74332053292092,0.4583686787017892,0.21950352415602892,0.2291843393508946,0.9577597002383142,5.870359265778099e-16
57,fixed_band,16,2,2,2,8,20260964,1.0,2,1.0000000000000002,45.74332053292092,0.4583686787017892,0.10805249386409828,0.1145921696754473,0.942930866656326,1.1383977143722473e-15
57,fixed_band,16,2,2,2,8,20260964,1.0,4,1.0000000000000002,45.74332053292092,0.4583686787017892,0.05381512980522538,0.05729608483772365,0.9392461973212101,1.9534460479386155e-15
57,fixed_band,16,2,2,2,8,20260964,1.0,8,1.0000000000000002,45.74332053292092,0.4583686787017892,0.026881223843634786,0.028648042418861826,0.9383267258057476,4.3114552264334385e-15
58,fixed_band,16,2,2,2,9,20260965,0.1,1,1.0000000000000002,33.8696093845848,0.4386767266858999,0.002192217993206846,0.0021933836334295,0.9994685652774606,4.464241138719588e-16
58,fixed_band,16,2,2,2,9,20260965,0.1,2,1.0000000000000002,33.8696093845848,0.4386767266858999,0.0010958905244187094,0.00109669181671475,0.9992693550878852,1.1107605838365913e-15
58,fixed_band,16,2,2,2,9,20260965,0.1,4,1.0000000000000002,33.8696093845848,0.4386767266858999,0.000547917962067457,0.000548345908357375,0.9992195687368218,1.5553832356756334e-15
58,fixed_band,16,2,2,2,9,20260965,0.1,8,1.0000000000000002,33.8696093845848,0.4386767266858999,0.0002739555687939323,0.0002741729541786875,0.9992071231627992,3.998206824143288e-15
58,fixed_band,16,2,2,2,9,20260965,1.0,1,1.0000000000000002,33.8696093845848,0.4386767266858999,0.20802837568147328,0.21933836334294995,0.948435889239345,7.339838582979244e-16
58,fixed_band,16,2,2,2,9,20260965,1.0,2,1.0000000000000002,33.8696093845848,0.4386767266858999,0.10198169296789078,0.10966918167147498,0.9299029263607269,1.2590872305044521e-15
58,fixed_band,16,2,2,2,9,20260965,1.0,4,1.0000000000000002,33.8696093845848,0.4386767266858999,0.05074488976428063,0.05483459083573749,0.9254174963444523,1.6650603705805754e-15
58,fixed_band,16,2,2,2,9,20260965,1.0,8,1.0000000000000002,33.8696093845848,0.4386767266858999,0.025341945055553795,0.027417295417868744,0.9243050661750402,3.791780717334866e-15
59,fixed_band,16,2,2,2,10,20260966,0.1,1,0.9999999999999998,23.369843281156104,0.4551010602757289,0.0022746115200704695,0.002275505301378645,0.9996072163366818,4.482382623533634e-16
59,fixed_band,16,2,2,2,10,20260966,0.1,2,0.9999999999999998,23.369843281156104,0.4551010602757289,0.0011371383431694995,0.0011377526506893224,0.9994600693573856,1.3323469562517053e-15
59,fixed_band,16,2,2,2,10,20260966,0.1,4,0.9999999999999998,23.369843281156104,0.4551010602757289,0.0005685482518745857,0.0005688763253446612,0.9994232956172386,2.888749127051458e-15
59,fixed_band,16,2,2,2,10,20260966,0.1,8,0.9999999999999998,23.369843281156104,0.4551010602757289,0.00028427151120449974,0.0002844381626723306,0.9994141029942496,7.550297854730496e-15
59,fixed_band,16,2,2,2,10,20260966,1.0,1,0.9999999999999998,23.369843281156104,0.4551010602757289,0.2186663568062004,0.22755053013786444,0.9609573604320699,6.31614122524753e-16
59,fixed_band,16,2,2,2,10,20260966,1.0,2,0.9999999999999998,23.369843281156104,0.4551010602757289,0.10782578614101367,0.11377526506893222,0.9477085030361038,1.1410984315826258e-15
59,fixed_band,16,2,2,2,10,20260966,1.0,4,0.9999999999999998,23.369843281156104,0.4551010602757289,0.05373099420334189,0.05688763253446611,0.9445109913967376,2.1061411061249876e-15
59,fixed_band,16,2,2,2,10,20260966,1.0,8,0.9999999999999998,23.369843281156104,0.4551010602757289,0.0268429564424274,0.028443816267233055,0.9437185288441824,3.609053788618211e-15
60,fixed_band,16,2,2,2,11,20260967,0.1,1,1.0,21.41753542157847,0.47342803922609744,0.0023661156524305694,0.0023671401961304875,0.9995671808110086,4.503693553077529e-16
60,fixed_band,16,2,2,2,11,20260967,0.1,2,1.0,21.41753542157847,0.47342803922609744,0.001182865888674848,0.0011835700980652438,0.9994050125197089,1.4442714994081082e-15
60,fixed_band,16,2,2,2,11,20260967,0.1,4,1.0,21.41753542157847,0.47342803922609744,0.0005914089569970946,0.0005917850490326219,0.9993644786461874,1.7783371290472187e-15
60,fixed_band,16,2,2,2,11,20260967,0.1,8,1.0,21.41753542157847,0.47342803922609744,0.0002957014802325823,0.00029589252451631094,0.9993543456900748,3.1158686425416875e-15
60,fixed_band,16,2,2,2,11,20260967,1.0,1,1.0,21.41753542157847,0.47342803922609744,0.22654355263083514,0.23671401961304872,0.9570347924519257,4.841526941678332e-16
60,fixed_band,16,2,2,2,11,20260967,1.0,2,1.0,21.41753542157847,0.47342803922609744,0.11152013399619434,0.11835700980652436,0.9422351424600358,7.489070563440707e-16
60,fixed_band,16,2,2,2,11,20260967,1.0,4,1.0,21.41753542157847,0.47342803922609744,0.05554503023291564,0.05917850490326218,0.9386014453003485,2.873426773398891e-15
60,fixed_band,16,2,2,2,11,20260967,1.0,8,1.0,21.41753542157847,0.47342803922609744,0.027745758563406372,0.02958925245163109,0.937697179364763,5.6568561708445285e-15
61,fixed_band,16,2,2,2,12,20260968,0.1,1,0.9999999999999992,351.17907351665735,0.46170389527188355,0.0023075337562807087,0.0023085194763594183,0.9995730076835808,6.667089791041107e-16
61,fixed_band,16,2,2,2,12,20260968,0.1,2,0.9999999999999992,351.17907351665735,0.46170389527188355,0.0011535822107494808,0.0011542597381797091,0.9994130199574519,8.909468312599568e-16
61,fixed_band,16,2,2,2,12,20260968,0.1,4,0.9999999999999992,351.17907351665735,0.46170389527188355,0.0005767680259097365,0.0005771298690898546,0.9993730298854766,1.7775623777513362e-15
61,fixed_band,16,2,2,2,12,20260968,0.1,8,0.9999999999999992,351.17907351665735,0.46170389527188355,0.00028838112814613426,0.0002885649345449273,0.9993630327985523,4.109285947497339e-15
61,fixed_band,16,2,2,2,12,20260968,1.0,1,0.9999999999999992,351.17907351665735,0.46170389527188355,0.22105104928436436,0.23085194763594177,0.9575446581588576,5.015635439499342e-16
61,fixed_band,16,2,2,2,12,20260968,1.0,2,0.9999999999999992,351.17907351665735,0.46170389527188355,0.1088330888766779,0.11542597381797089,0.9428821371549345,9.50345608495939e-16
61,fixed_band,16,2,2,2,12,20260968,1.0,4,0.9999999999999992,351.17907351665735,0.46170389527188355,0.0542078858472367,0.05771298690898544,0.9392666841645823,2.1407941086494235e-15
61,fixed_band,16,2,2,2,12,20260968,1.0,8,0.9999999999999992,351.17907351665735,0.46170389527188355,0.027077949858433006,0.02885649345449272,0.9383659141099553,2.619095171367582e-15
62,fixed_band,16,2,2,2,13,20260969,0.1,1,0.9999999999999997,20.192863816937454,0.49311693546324836,0.002464840731739659,0.0024655846773162424,0.9996982680889334,4.442677116750375e-16
62,fixed_band,16,2,2,2,13,20260969,0.1,2,0.9999999999999997,20.192863816937454,0.49311693546324836,0.0012322811339662769,0.0012327923386581212,0.9995853278157124,1.0014498904877053e-15
62,fixed_band,16,2,2,2,13,20260969,0.1,4,0.9999999999999997,20.192863816937454,0.49311693546324836,0.0006161231639937689,0.0006163961693290606,0.9995570943674279,2.0015674045973756e-15
62,fixed_band,16,2,2,2,13,20260969,0.1,8,0.9999999999999997,20.192863816937454,0.49311693546324836,0.0003080594066563225,0.0003081980846645303,0.9995500361127853,4.671142068353074e-15
62,fixed_band,16,2,2,2,13,20260969,1.0,1,0.9999999999999997,20.192863816937454,0.49311693546324836,0.23886170899669604,0.24655846773162418,0.9687832309888218,5.409818050603663e-16
62,fixed_band,16,2,2,2,13,20260969,1.0,2,0.9999999999999997,20.192863816937454,0.49311693546324836,0.1182275463423736,0.12327923386581209,0.9590223968382446,1.2497855679209787e-15
62,fixed_band,16,2,2,2,13,20260969,1.0,4,0.9999999999999997,20.192863816937454,0.49311693546324836,0.05896330458353617,0.061639616932906045,0.9565812949116311,2.382194612809823e-15
62,fixed_band,16,2,2,2,13,20260969,1.0,8,0.9999999999999997,20.192863816937454,0.49311693546324836,0.029462841809495897,0.030819808466453023,0.9559709574952691,6.456535247898396e-15
63,fixed_band,16,2,2,2,14,20260970,0.1,1,1.0,67.16090531704029,0.4140596991173993,0.002069201746158738,0.002070298495586997,0.9994702457492981,6.670901058995319e-16
63,fixed_band,16,2,2,2,14,20260970,0.1,2,1.0,67.16090531704029,0.4140596991173993,0.001034395280512387,0.0010351492477934986,0.9992716342278964,1.3326221426945619e-15
63,fixed_band,16,2,2,2,14,20260970,0.1,4,1.0,67.16090531704029,0.4140596991173993,0.0005171719488714625,0.0005175746238967493,0.9992219961978523,2.6695158835816245e-15
63,fixed_band,16,2,2,2,14,20260970,0.1,8,1.0,67.16090531704029,0.4140596991173993,0.00025858276325339347,0.00025878731194837464,0.9992095876206559,5.220435587860438e-15
63,fixed_band,16,2,2,2,14,20260970,1.0,1,1.0,67.16090531704029,0.4140596991173993,0.19635069549664838,0.20702984955869966,0.9484173220199178,5.583981934375678e-16
63,fixed_band,16,2,2,2,14,20260970,1.0,2,1.0,67.16090531704029,0.4140596991173993,0.09621952368209334,0.10351492477934983,0.9295231956859631,1.1757390003373836e-15
63,fixed_band,16,2,2,2,14,20260970,1.0,4,1.0,67.16090531704029,0.4140596991173993,0.04787253394592437,0.051757462389674914,0.9249397427079897,2.1976682776620233e-15
63,fixed_band,16,2,2,2,14,20260970,1.0,8,1.0,67.16090531704029,0.4140596991173993,0.02390683776235489,0.025878731194837457,0.9238025458962247,5.586012517399452e-15
64,fixed_band,16,2,2,2,15,20260971,0.1,1,1.0000000000000004,11.803433479284998,0.48234583684802373,0.0024106208125677046,0.0024117291842401193,0.9995404244889279,4.473478921664276e-16
64,fixed_band,16,2,2,2,15,20260971,0.1,2,1.0000000000000004,11.803433479284998,0.48234583684802373,0.001205102776011175,0.0012058645921200596,0.9993682407511898,1.113452237800663e-15
64,fixed_band,16,2,2,2,15,20260971,0.1,4,1.0000000000000004,11.803433479284998,0.48234583684802373,0.0006025254442524985,0.0006029322960600298,0.9993252114537736,3.4446645204029417e-15
64,fixed_band,16,2,2,2,15,20260971,0.1,8,1.0000000000000004,11.803433479284998,0.48234583684802373,0.0003012594794707761,0.0003014661480300149,0.9993144551698778,4.4424637202570315e-15
64,fixed_band,16,2,2,2,15,20260971,1.0,1,1.0000000000000004,11.803433479284998,0.48234583684802373,0.2302349791198008,0.24117291842401187,0.9546469007561585,4.115093143682912e-16
64,fixed_band,16,2,2,2,15,20260971,1.0,2,1.0000000000000004,11.803433479284998,0.48234583684802373,0.11324637736664903,0.12058645921200593,0.9391301320784937,8.7970686918156e-16
64,fixed_band,16,2,2,2,15,20260971,1.0,4,1.0000000000000004,11.803433479284998,0.48234583684802373,0.056397982495392546,0.06029322960600297,0.9353949500455587,1.894587134571664e-15
64,fixed_band,16,2,2,2,15,20260971,1.0,8,1.0000000000000004,11.803433479284998,0.48234583684802373,0.028171098476187904,0.030146614803001483,0.9344697127779371,5.969579087793183e-15
65,fixed_band,16,2,2,2,16,20260972,0.1,1,1.0000000000000004,23.906493861759007,0.47689975914615845,0.002383584612469365,0.0023844987957307925,0.9996166140813053,4.453758737021082e-16
65,fixed_band,16,2,2,2,16,20260972,0.1,2,1.0000000000000004,23.906493861759007,0.47689975914615845,0.0011916210742489682,0.0011922493978653963,0.9994729931358716,5.556339752986751e-16
65,fixed_band,16,2,2,2,16,20260972,0.1,4,1.0000000000000004,23.906493861759007,0.47689975914615845,0.000595789135156391,0.0005961246989326981,0.9994370913050441,2.333144304017104e-15
65,fixed_band,16,2,2,2,16,20260972,0.1,8,1.0000000000000004,23.906493861759007,0.47689975914615845,0.0002978918923958355,0.00029806234946634907,0.9994281160608888,3.775537047448475e-15
65,fixed_band,16,2,2,2,16,20260972,1.0,1,1.0000000000000004,23.906493861759007,0.47689975914615845,0.22924629389439502,0.23844987957307923,0.9614024310049462,5.63012488896466e-16
65,fixed_band,16,2,2,2,16,20260972,1.0,2,1.0000000000000004,23.906493861759007,0.47689975914615845,0.11306185518287841,0.11922493978653961,0.9483070856257458,9.465235503001144e-16
65,fixed_band,16,2,2,2,16,20260972,1.0,4,1.0000000000000004,23.906493861759007,0.47689975914615845,0.0563370571482529,0.05961246989326981,0.9450549062825075,1.5757433515721645e-15
65,fixed_band,16,2,2,2,16,20260972,1.0,8,1.0000000000000004,23.906493861759007,0.47689975914615845,0.028144341388112382,0.029806234946634903,0.9442434255283173,4.864982136934238e-15
66,fixed_band,16,2,2,2,17,20260973,0.1,1,0.9999999999999998,256.1876623860178,0.45913314469714284,0.0022944991003133585,0.0022956657234857146,0.9994918148751271,4.447512229284985e-16
66,fixed_band,16,2,2,2,17,20260973,0.1,2,0.9999999999999998,256.1876623860178,0.45913314469714284,0.0011470309229936677,0.0011478328617428573,0.9993013453648888,8.918758512262872e-16
66,fixed_band,16,2,2,2,17,20260973,0.1,4,0.9999999999999998,256.1876623860178,0.45913314469714284,0.0005734881422721176,0.0005739164308714286,0.9992537439664156,1.888689169590779e-15
66,fixed_band,16,2,2,2,17,20260973,0.1,8,0.9999999999999998,256.1876623860178,0.45913314469714284,0.00028674065652011687,0.0002869582154357143,0.9992418446174572,4.671329199283991e-15
66,fixed_band,16,2,2,2,17,20260973,1.0,1,0.9999999999999998,256.1876623860178,0.45913314469714284,0.21812754071166549,0.22956657234857142,0.9501711790184459,5.642189591927852e-16
66,fixed_band,16,2,2,2,17,20260973,1.0,2,0.9999999999999998,256.1876623860178,0.45913314469714284,0.10702788258773922,0.11478328617428571,0.9324343826960071,1.0378781306471885e-15
66,fixed_band,16,2,2,2,17,20260973,1.0,4,0.9999999999999998,256.1876623860178,0.45913314469714284,0.05326774074739905,0.057391643087142855,0.9281445500090996,2.297229267752179e-15
66,fixed_band,16,2,2,2,17,20260973,1.0,8,0.9999999999999998,256.1876623860178,0.45913314469714284,0.02660334697946889,0.028695821543571427,0.9270808622459077,2.563357588497806e-15
67,fixed_band,16,2,2,2,18,20260974,0.1,1,1.0,42.510565619856216,0.4215024726318385,0.0021066644065089266,0.002107512363159193,0.999597650450318,4.442717899234266e-16
67,fixed_band,16,2,2,2,18,20260974,0.1,2,1.0,42.510565619856216,0.4215024726318385,0.0010531733171269223,0.0010537561815795965,0.9994468697191409,1.1119835633321058e-15
67,fixed_band,16,2,2,2,18,20260974,0.1,4,1.0,42.510565619856216,0.4215024726318385,0.0005265668005737774,0.0005268780907897983,0.999409179805609,1.2316959959881658e-15
67,fixed_band,16,2,2,2,18,20260974,0.1,8,1.0,42.510565619856216,0.4215024726318385,0.0002632809181257221,0.0002634390453948991,0.9993997576595376,4.554776706051638e-15
67,fixed_band,16,2,2,2,18,20260974,1.0,1,1.0,42.510565619856216,0.4215024726318385,0.2023444727482126,0.21075123631591924,0.9601104899090377,4.758101775872466e-16
67,fixed_band,16,2,2,2,18,20260974,1.0,2,1.0,42.510565619856216,0.4215024726318385,0.09969566117399842,0.10537561815795962,0.9460979960710943,1.295344838663561e-15
67,fixed_band,16,2,2,2,18,20260974,1.0,4,1.0,42.510565619856216,0.4215024726318385,0.049665503564175956,0.05268780907897981,0.9426374797579194,1.5957961294583885e-15
67,fixed_band,16,2,2,2,18,20260974,1.0,8,1.0,42.510565619856216,0.4215024726318385,0.024810034997913736,0.026343904539489905,0.9417751632345587,3.2018051895460543e-15
68,fixed_band,16,2,2,2,19,20260975,0.1,1,1.0,19.98967337451118,0.4657836243487477,0.002327670453233108,0.002328918121743739,0.9994642712000126,3.3346730600120734e-16
68,fixed_band,16,2,2,2,19,20260975,0.1,2,1.0,19.98967337451118,0.4657836243487477,0.0011636014433232876,0.0011644590608718695,0.9992635056247149,1.000004491596669e-15
68,fixed_band,16,2,2,2,19,20260975,0.1,4,1.0,19.98967337451118,0.4657836243487477,0.0005817715103623863,0.0005822295304359347,0.9992133341756033,2.889893927946514e-15
68,fixed_band,16,2,2,2,19,20260975,0.1,8,1.0,19.98967337451118,0.4657836243487477,0.00029088210413128027,0.00029111476521796737,0.9992007925585193,3.222240470406661e-15
68,fixed_band,16,2,2,2,19,20260975,1.0,1,1.0,19.98967337451118,0.4657836243487477,0.2208042953323306,0.23289181217437385,0.9480981459623281,4.47818064570377e-16
68,fixed_band,16,2,2,2,19,20260975,1.0,2,1.0,19.98967337451118,0.4657836243487477,0.1082942643701359,0.11644590608718693,0.9299963219750498,8.617860332331873e-16
68,fixed_band,16,2,2,2,19,20260975,1.0,4,1.0,19.98967337451118,0.4657836243487477,0.05389379959298491,0.05822295304359346,0.9256452442842057,2.393009457295155e-15
68,fixed_band,16,2,2,2,19,20260975,1.0,8,1.0,19.98967337451118,0.4657836243487477,0.02691553400866025,0.02911147652179673,0.9245678070814338,2.8017081077286248e-15
69,fixed_band,16,2,2,2,20,20260976,0.1,1,1.0000000000000004,33.35747048662309,0.4441987350853799,0.0022200161443469294,0.0022209936754269,0.9995598676886,6.673154642608346e-16
69,fixed_band,16,2,2,2,20,20260976,0.1,2,1.0000000000000004,33.35747048662309,0.4441987350853799,0.0011098248814563263,0.00111049683771345,0.9993949048441171,9.993140898966552e-16
69,fixed_band,16,2,2,2,20,20260976,0.1,4,1.0000000000000004,33.35747048662309,0.4441987350853799,0.0005548895433507977,0.000555248418856725,0.9993536667665507,1.556672660160559e-15
69,fixed_band,16,2,2,2,20,20260976,0.1,8,1.0000000000000004,33.35747048662309,0.4441987350853799,0.00027744190954921526,0.0002776242094283625,0.9993433574128042,3.331763872707742e-15
69,fixed_band,16,2,2,2,20,20260976,1.0,1,1.0000000000000004,33.35747048662309,0.4441987350853799,0.21238878556508314,0.22209936754268994,0.9562782096813476,5.751746424204189e-16
69,fixed_band,16,2,2,2,20,20260976,1.0,2,1.0000000000000004,33.35747048662309,0.4441987350853799,0.10446150510955064,0.11104968377134497,0.9406735936739846,1.0885786228688829e-15
69,fixed_band,16,2,2,2,20,20260976,1.0,4,1.0000000000000004,33.35747048662309,0.4441987350853799,0.052015145105892675,0.055524841885672485,0.9367905128481699,1.8985293681049063e-15
69,fixed_band,16,2,2,2,20,20260976,1.0,8,1.0000000000000004,33.35747048662309,0.4441987350853799,0.025980663514698535,0.027762420942836243,0.9358212516189994,3.807994739041397e-15
70,fixed_band,16,2,2,2,21,20260977,0.1,1,0.9999999999999997,49.56497483082168,0.4799653737294088,0.0023989146895120306,0.0023998268686470444,0.9996198979405844,6.67568125753912e-16
70,fixed_band,16,2,2,2,21,20260977,0.1,2,0.9999999999999997,49.56497483082168,0.4799653737294088,0.0011992865044268084,0.0011999134343235222,0.9994775207287623,1.443377583609964e-15
70,fixed_band,16,2,2,2,21,20260977,0.1,4,0.9999999999999997,49.56497483082168,0.4799653737294088,0.0005996218995796243,0.0005999567171617611,0.999441930438381,1.6668620974008913e-15
70,fixed_band,16,2,2,2,21,20260977,0.1,8,0.9999999999999997,49.56497483082168,0.4799653737294088,0.00029980828078630966,0.00029997835858088054,0.999433033118204,4.444363149409816e-15
70,fixed_band,16,2,2,2,21,20260977,1.0,1,0.9999999999999997,49.56497483082168,0.4799653737294088,0.23078662103324976,0.2399826868647044,0.9616802947262645,5.661711881077639e-16
70,fixed_band,16,2,2,2,21,20260977,1.0,2,0.9999999999999997,49.56497483082168,0.4799653737294088,0.11384912641910261,0.1199913434323522,0.9488111655595188,1.3569453089744009e-15
70,fixed_band,16,2,2,2,21,20260977,1.0,4,0.9999999999999997,49.56497483082168,0.4799653737294088,0.056733119552763535,0.0599956717161761,0.945620207756872,2.22514033623966e-15
70,fixed_band,16,2,2,2,21,20260977,1.0,8,0.9999999999999997,49.56497483082168,0.4799653737294088,0.028342683080200805,0.02999783585808805,0.9448242604660769,4.0130764498455655e-15
71,fixed_band,16,2,2,2,22,20260978,0.1,1,1.0000000000000002,37.327401913602635,0.4853931833097016,0.002426155238245426,0.0024269659165485086,0.9996659704623148,6.670386861289563e-16
71,fixed_band,16,2,2,2,22,20260978,0.1,2,1.0000000000000002,37.327401913602635,0.4853931833097016,0.001212925837154978,0.0012134829582742543,0.9995408908584357,1.1104642934357418e-15
71,fixed_band,16,2,2,2,22,20260978,0.1,4,1.0000000000000002,37.327401913602635,0.4853931833097016,0.0006064439462231306,0.0006067414791371272,0.9995096216028947,1.7791040446491124e-15
71,fixed_band,16,2,2,2,22,20260978,0.1,8,1.0000000000000002,37.327401913602635,0.4853931833097016,0.0003032196015802944,0.0003033707395685636,0.9995018043319401,5.334076481483403e-15
71,fixed_band,16,2,2,2,22,20260978,1.0,1,1.0000000000000002,37.327401913602635,0.4853931833097016,0.2344000487596227,0.2426965916548508,0.9658151651877049,5.839197321277594e-16
71,fixed_band,16,2,2,2,22,20260978,1.0,2,1.0000000000000002,37.327401913602635,0.4853931833097016,0.11584849795808813,0.1213482958274254,0.9546775846184212,1.4629878854120332e-15
71,fixed_band,16,2,2,2,22,20260978,1.0,4,1.0000000000000002,37.327401913602635,0.4853931833097016,0.05775483937769327,0.0606741479137127,0.9518854629788769,2.0665119547378585e-15
71,fixed_band,16,2,2,2,22,20260978,1.0,8,1.0000000000000002,37.327401913602635,0.4853931833097016,0.028856233964328626,0.03033707395685635,0.9511871186181736,3.992559119770471e-15
72,fixed_band,16,2,2,2,23,20260979,0.1,1,0.9999999999999997,33.64478585324973,0.46710512748159005,0.002334483906631206,0.002335525637407951,0.9995539630308229,4.453568416443753e-16
72,fixed_band,16,2,2,2,23,20260979,0.1,2,0.9999999999999997,33.64478585324973,0.46710512748159005,0.0011670467912623928,0.0011677628187039754,0.9993868382944601,1.1117495831158115e-15
72,fixed_band,16,2,2,2,23,20260979,0.1,4,0.9999999999999997,33.64478585324973,0.46710512748159005,0.0005834990088733511,0.0005838814093519877,0.9993450716660751,1.777108523315769e-15
72,fixed_band,16,2,2,2,23,20260979,0.1,8,0.9999999999999997,33.64478585324973,0.46710512748159005,0.0002917464563583906,0.00029194070467599385,0.9993346309216495,4.001850792842798e-15
72,fixed_band,16,2,2,2,23,20260979,1.0,1,0.9999999999999997,33.64478585324973,0.46710512748159005,0.22325023857232243,0.23355256374079503,0.9558886230856943,5.07085989438119e-16
72,fixed_band,16,2,2,2,23,20260979,1.0,2,0.9999999999999997,33.64478585324973,0.46710512748159005,0.10984654716873123,0.11677628187039751,0.9406580292618226,1.172129533288882e-15
72,fixed_band,16,2,2,2,23,20260979,1.0,4,0.9999999999999997,33.64478585324973,0.46710512748159005,0.054708591026860036,0.05838814093519876,0.9369812114343148,1.983365923978138e-15
72,fixed_band,16,2,2,2,23,20260979,1.0,8,0.9999999999999997,33.64478585324973,0.46710512748159005,0.027327694007841196,0.02919407046759938,0.9360700159359568,5.180146443342264e-15
73,fixed_band,16,4,2,4,0,20260980,0.1,1,0.999999999999999,766.3244831122664,0.6521858708684212,0.0013033510095541666,0.0032609293543421065,0.3996869812032828,4.49803053595408e-16
73,fixed_band,16,4,2,4,0,20260980,0.1,2,0.999999999999999,766.3244831122664,0.6521858708684212,0.000651543436897433,0.0016304646771710533,0.3996059810555952,1.5559325094118614e-15
73,fixed_band,16,4,2,4,0,20260980,0.1,4,0.999999999999999,766.3244831122664,0.6521858708684212,0.00032575523889915404,0.0008152323385855266,0.3995857665121056,3.554481339627077e-15
73,fixed_band,16,4,2,4,0,20260980,0.1,8,0.999999999999999,766.3244831122664,0.6521858708684212,0.0001628755604127259,0.0004076161692927633,0.3995807151009835,7.78487866796418e-15
73,fixed_band,16,4,2,4,0,20260980,1.0,1,0.999999999999999,766.3244831122664,0.6521858708684212,0.12760053922478562,0.3260929354342106,0.3913011456530897,9.813346109430145e-16
73,fixed_band,16,4,2,4,0,20260980,1.0,2,0.999999999999999,766.3244831122664,0.6521858708684212,0.0627582283567466,0.1630464677171053,0.384910076467499,1.1740829311223692e-15
73,fixed_band,16,4,2,4,0,20260980,1.0,4,0.999999999999999,766.3244831122664,0.6521858708684212,0.03133179444636534,0.08152323385855265,0.384329631730848,2.548659584186108e-15
73,fixed_band,16,4,2,4,0,20260980,1.0,8,0.999999999999999,766.3244831122664,0.6521858708684212,0.015663153022139394,0.04076161692927632,0.3842623085663122,7.196644920972134e-15
74,fixed_band,16,4,2,4,1,20260981,0.1,1,0.9999999999999994,259.2194555264058,0.9919972221854969,0.0023160020656937132,0.0049599861109274855,0.46693720786662357,1.333435424870292e-15
74,fixed_band,16,4,2,4,1,20260981,0.1,2,0.9999999999999994,259.2194555264058,0.9919972221854969,0.0011577194880343714,0.0024799930554637428,0.46682368141465835,1.5552812536352545e-15
74,fixed_band,16,4,2,4,1,20260981,0.1,4,0.9999999999999994,259.2194555264058,0.9919972221854969,0.0005788246398560695,0.0012399965277318714,0.4667953715280328,2.110830021742655e-15
74,fixed_band,16,4,2,4,1,20260981,0.1,8,0.9999999999999994,259.2194555264058,0.9919972221854969,0.00028940793469470346,0.0006199982638659357,0.466788298551241,5.109696779176769e-15
74,fixed_band,16,4,2,4,1,20260981,1.0,1,0.9999999999999994,259.2194555264058,0.9919972221854969,0.2231855926871537,0.49599861109274845,0.44997221301778906,7.607874459013895e-16
74,fixed_band,16,4,2,4,1,20260981,1.0,2,0.9999999999999994,259.2194555264058,0.9919972221854969,0.10987944365933544,0.24799930554637423,0.44306351349354367,1.0582406448932654e-15
74,fixed_band,16,4,2,4,1,20260981,1.0,4,0.9999999999999994,259.2194555264058,0.9919972221854969,0.05480753122329487,0.12399965277318711,0.4419974572311552,3.103125639341237e-15
74,fixed_band,16,4,2,4,1,20260981,1.0,8,0.9999999999999994,259.2194555264058,0.9919972221854969,0.027389581371304962,0.06199982638659356,0.44176867852048546,8.04251127963349e-15
75,fixed_band,16,4,2,4,2,20260982,0.1,1,1.0,19.4445407343997,0.9529598294274881,0.0021279609999379475,0.004764799147137441,0.44660035695657124,6.670150505857365e-16
75,fixed_band,16,4,2,4,2,20260982,0.1,2,1.0,19.4445407343997,0.9529598294274881,0.00106388666887423,0.0023823995735687206,0.4465609718358784,1.7769858357600605e-15
75,fixed_band,16,4,2,4,2,20260982,0.1,4,1.0,19.4445407343997,0.9529598294274881,0.0005319315957816016,0.0011911997867843603,0.4465511173550065,3.0013337854139626e-15
75,fixed_band,16,4,2,4,2,20260982,0.1,8,1.0,19.4445407343997,0.9529598294274881,0.0002659643302527832,0.0005955998933921802,0.4465486532208892,4.555545265139881e-15
75,fixed_band,16,4,2,4,2,20260982,1.0,1,1.0,19.4445407343997,0.9529598294274881,0.20564774011337023,0.47647991471374407,0.4315979200023944,8.326289959425008e-16
75,fixed_band,16,4,2,4,2,20260982,1.0,2,1.0,19.4445407343997,0.9529598294274881,0.10200931534829977,0.23823995735687203,0.4281788683981953,1.033882740791742e-15
75,fixed_band,16,4,2,4,2,20260982,1.0,4,1.0,19.4445407343997,0.9529598294274881,0.050892782692309915,0.11911997867843602,0.4272396894033604,2.8119813184524665e-15
75,fixed_band,16,4,2,4,2,20260982,1.0,8,1.0,19.4445407343997,0.9529598294274881,0.02543197716677663,0.05955998933921801,0.42699767828921736,6.663856687648208e-15
76,fixed_band,16,4,2,4,3,20260983,0.1,1,0.9999999999999999,159.7667849895268,0.6582717183117881,0.0016979256831797735,0.003291358591558941,0.5158738058910672,7.772354309409158e-16
76,fixed_band,16,4,2,4,3,20260983,0.1,2,0.9999999999999999,159.7667849895268,0.6582717183117881,0.0008490239692980807,0.0016456792957794705,0.5159109502534899,1.3372674025810198e-15
76,fixed_band,16,4,2,4,3,20260983,0.1,4,0.9999999999999999,159.7667849895268,0.6582717183117881,0.00042451963895330405,0.0008228396478897353,0.5159202525571445,1.7797221357424243e-15
76,fixed_band,16,4,2,4,3,20260983,0.1,8,0.9999999999999999,159.7667849895268,0.6582717183117881,0.00021226077668270337,0.00041141982394486763,0.5159225791490967,7.439249904109584e-15
76,fixed_band,16,4,2,4,3,20260983,1.0,1,0.9999999999999999,159.7667849895268,0.6582717183117881,0.16678351005203168,0.32913585915589405,0.5067315074078126,1.1436869083330985e-15
76,fixed_band,16,4,2,4,3,20260983,1.0,2,0.9999999999999999,159.7667849895268,0.6582717183117881,0.08409968833512617,0.16456792957794703,0.5110332769623418,1.6627957470658886e-15
76,fixed_band,16,4,2,4,3,20260983,1.0,4,0.9999999999999999,159.7667849895268,0.6582717183117881,0.042149083744662294,0.08228396478897351,0.5122393391319726,3.574587148133671e-15
76,fixed_band,16,4,2,4,3,20260983,1.0,8,0.9999999999999999,159.7667849895268,0.6582717183117881,0.021087276681153438,0.041141982394486756,0.512548872316353,7.392970115361912e-15
77,fixed_band,16,4,2,4,4,20260984,0.1,1,1.0,227.31647095812235,0.6010304201402159,0.0014772619161084331,0.00300515210070108,0.4915764216273109,1.1125718538262323e-15
77,fixed_band,16,4,2,4,4,20260984,0.1,2,1.0,227.31647095812235,0.6010304201402159,0.000738546948649044,0.00150257605035054,0.4915205113756115,1.3344523788715826e-15
77,fixed_band,16,4,2,4,4,20260984,0.1,4,1.0,227.31647095812235,0.6010304201402159,0.00036926297694185595,0.00075128802517527,0.49150653886132367,3.556605505273917e-15
77,fixed_band,16,4,2,4,4,20260984,0.1,8,1.0,227.31647095812235,0.6010304201402159,0.00018463017641734094,0.000375644012587635,0.49150304605019646,8.994540202768949e-15
77,fixed_band,16,4,2,4,4,20260984,1.0,1,1.0,227.31647095812235,0.6010304201402159,0.13995735378396906,0.30051521007010795,0.46572469244175047,5.491843758930193e-16
77,fixed_band,16,4,2,4,4,20260984,1.0,2,1.0,227.31647095812235,0.6010304201402159,0.0691964598974731,0.15025760503505398,0.4605188528150045,1.828950776774142e-15
77,fixed_band,16,4,2,4,4,20260984,1.0,4,1.0,227.31647095812235,0.6010304201402159,0.03450403763443438,0.07512880251752699,0.4592651084300838,2.7562574456656712e-15
77,fixed_band,16,4,2,4,4,20260984,1.0,8,1.0,227.31647095812235,0.6010304201402159,0.017240351391460285,0.037564401258763494,0.4589545104871927,3.658404157102027e-15
78,fixed_band,16,4,2,4,5,20260985,0.1,1,1.0,55.13834068069762,0.5084985058982042,0.0013010697455562753,0.0025424925294910217,0.5117300170855309,6.663645284191927e-16
78,fixed_band,16,4,2,4,5,20260985,0.1,2,1.0,55.13834068069762,0.5084985058982042,0.0006503354788180973,0.0012712462647455109,0.5115731678852068,1.5544959314138082e-15
78,fixed_band,16,4,2,4,5,20260985,0.1,4,1.0,55.13834068069762,0.5084985058982042,0.0003251427993226069,0.0006356231323727554,0.5115339306624382,3.1088808615444465e-15
78,fixed_band,16,4,2,4,5,20260985,0.1,8,1.0,55.13834068069762,0.5084985058982042,0.00016256828165420208,0.0003178115661863777,0.5115241197951411,3.555647812673073e-15
78,fixed_band,16,4,2,4,5,20260985,1.0,1,1.0,55.13834068069762,0.5084985058982042,0.1295672061430632,0.2542492529491021,0.5096070279073784,5.6163891649371e-16
78,fixed_band,16,4,2,4,5,20260985,1.0,2,1.0,55.13834068069762,0.5084985058982042,0.06300831444723196,0.12712462647455106,0.49564208127561754,1.5295673871517355e-15
78,fixed_band,16,4,2,4,5,20260985,1.0,4,1.0,55.13834068069762,0.5084985058982042,0.031271351727125474,0.06356231323727553,0.49197944716692094,2.7875154202099577e-15
78,fixed_band,16,4,2,4,5,20260985,1.0,8,1.0,55.13834068069762,0.5084985058982042,0.01560613351898925,0.031781156618637764,0.4910498918040377,6.916260030199929e-15
79,fixed_band,16,4,2,4,6,20260986,0.1,1,0.9999999999999998,148.24414881433842,1.4487035991373962,0.003569378259977015,0.007243517995686982,0.4927686052691986,6.676050926709217e-16
79,fixed_band,16,4,2,4,6,20260986,0.1,2,0.9999999999999998,148.24414881433842,1.4487035991373962,0.0017852922450581124,0.003621758997843491,0.4929351307254656,1.779812838046468e-15
79,fixed_band,16,4,2,4,6,20260986,0.1,4,0.9999999999999998,148.24414881433842,1.4487035991373962,0.0008927215628823557,0.0018108794989217455,0.49297679023585506,3.666923019640667e-15
79,fixed_band,16,4,2,4,6,20260986,0.1,8,0.9999999999999998,148.24414881433842,1.4487035991373962,0.0004463702130787606,0.0009054397494608728,0.4929872068732828,7.1079641361015e-15
79,fixed_band,16,4,2,4,6,20260986,1.0,1,0.9999999999999998,148.24414881433842,1.4487035991373962,0.3357780162942964,0.7243517995686981,0.4635565432352473,7.441136954983345e-16
79,fixed_band,16,4,2,4,6,20260986,1.0,2,0.9999999999999998,148.24414881433842,1.4487035991373962,0.17371923360820826,0.36217589978434905,0.47965431634641115,2.064881706236113e-15
79,fixed_band,16,4,2,4,6,20260986,1.0,4,0.9999999999999998,148.24414881433842,1.4487035991373962,0.08763792048717114,0.18108794989217453,0.48395224828241484,2.0974848430302256e-15
79,fixed_band,16,4,2,4,6,20260986,1.0,8,0.9999999999999998,148.24414881433842,1.4487035991373962,0.043917830625066226,0.09054397494608726,0.48504420809022675,7.117437546088946e-15
80,fixed_band,16,4,2,4,7,20260987,0.1,1,0.9999999999999993,10.468605912906186,0.7465460693411485,0.0011362836406856292,0.003732730346705743,0.30441085616817637,6.70242450866543e-16
80,fixed_band,16,4,2,4,7,20260987,0.1,2,0.9999999999999993,10.468605912906186,0.7465460693411485,0.0005679444843162969,0.0018663651733528716,0.3043051233623273,1.5559270040962918e-15
80,fixed_band,16,4,2,4,7,20260987,0.1,4,0.9999999999999993,10.468605912906186,0.7465460693411485,0.0002839475642196391,0.0009331825866764358,0.30427867844269235,3.5596487549121465e-15
80,fixed_band,16,4,2,4,7,20260987,0.1,8,0.9999999999999993,10.468605912906186,0.7465460693411485,0.0001419706970173482,0.0004665912933382179,0.3042720664623245,6.9960198754244865e-15
80,fixed_band,16,4,2,4,7,20260987,1.0,1,0.9999999999999993,10.468605912906186,0.7465460693411485,0.1135874799976104,0.37327303467057427,0.3043013275734077,7.668440886307876e-16
80,fixed_band,16,4,2,4,7,20260987,1.0,2,0.9999999999999993,10.468605912906186,0.7465460693411485,0.05510340080250617,0.18663651733528713,0.29524447621102196,1.94197425506931e-15
80,fixed_band,16,4,2,4,7,20260987,1.0,4,0.9999999999999993,10.468605912906186,0.7465460693411485,0.02734008022076727,0.09331825866764357,0.29297675086437236,2.790631025870948e-15
80,fixed_band,16,4,2,4,7,20260987,1.0,8,0.9999999999999993,10.468605912906186,0.7465460693411485,0.01364277368800674,0.04665912933382178,0.29239237599998485,5.695630139308025e-15
81,fixed_band,16,4,2,4,8,20260988,0.1,1,1.0000000000000002,16.35419370967459,0.6335496054034543,0.0017288317530677313,0.003167748027017272,0.5457605018842318,5.596676977546795e-16
81,fixed_band,16,4,2,4,8,20260988,0.1,2,1.0000000000000002,16.35419370967459,0.6335496054034543,0.0008642781740606088,0.001583874013508636,0.5456735615896866,8.89122777721891e-16
81,fixed_band,16,4,2,4,8,20260988,0.1,4,1.0000000000000002,16.35419370967459,0.6335496054034543,0.0004321218778395802,0.000791937006754318,0.5456518310851421,3.3331709952114833e-15
81,fixed_band,16,4,2,4,8,20260988,0.1,8,1.0000000000000002,16.35419370967459,0.6335496054034543,0.00021605878788538447,0.000395968503377159,0.545646398748006,6.552164721891331e-15
81,fixed_band,16,4,2,4,8,20260988,1.0,1,1.0000000000000002,16.35419370967459,0.6335496054034543,0.16623743308971767,0.31677480270172714,0.5247811116032661,6.877453773782371e-16
81,fixed_band,16,4,2,4,8,20260988,1.0,2,1.0000000000000002,16.35419370967459,0.6335496054034543,0.08179362080605428,0.15838740135086357,0.5164149427823687,1.6865392578693578e-15
81,fixed_band,16,4,2,4,8,20260988,1.0,4,1.0000000000000002,16.35419370967459,0.6335496054034543,0.04073451789380334,0.07919370067543179,0.5143656319427485,2.2666485940906084e-15
81,fixed_band,16,4,2,4,8,20260988,1.0,8,1.0000000000000002,16.35419370967459,0.6335496054034543,0.020347076885137916,0.03959685033771589,0.5138559433793496,5.59422146802012e-15
82,fixed_band,16,4,2,4,9,20260989,0.1,1,0.9999999999999998,226.3710467853994,0.5935752824857584,0.0015787061971423882,0.0029678764124287924,0.5319312456984816,6.689202623380047e-16
82,fixed_band,16,4,2,4,9,20260989,0.1,2,0.9999999999999998,226.3710467853994,0.5935752824857584,0.000789230819539538,0.0014839382062143962,0.5318488439979634,1.554637572052997e-15
82,fixed_band,16,4,2,4,9,20260989,0.1,4,0.9999999999999998,226.3710467853994,0.5935752824857584,0.0003946001257335255,0.0007419691031071981,0.5318282447086136,2.8926303953196766e-15
82,fixed_band,16,4,2,4,9,20260989,0.1,8,0.9999999999999998,226.3710467853994,0.5935752824857584,0.0001972981523887848,0.00037098455155359906,0.5318230949578492,5.780263968728444e-15
82,fixed_band,16,4,2,4,9,20260989,1.0,1,0.9999999999999998,226.3710467853994,0.5935752824857584,0.1513114832966603,0.2967876412428792,0.5098308092041912,9.045314648088305e-16
82,fixed_band,16,4,2,4,9,20260989,1.0,2,0.9999999999999998,226.3710467853994,0.5935752824857584,0.07441893925926847,0.1483938206214396,0.5014962142467851,1.2197998785906736e-15
82,fixed_band,16,4,2,4,9,20260989,1.0,4,0.9999999999999998,226.3710467853994,0.5935752824857584,0.037053980663975604,0.0741969103107198,0.4994005883641509,4.3694991052017794e-15
82,fixed_band,16,4,2,4,9,20260989,1.0,8,0.9999999999999998,226.3710467853994,0.5935752824857584,0.018507508690861048,0.0370984551553599,0.4988754548769162,3.053236822531693e-15
83,fixed_band,16,4,2,4,10,20260990,0.1,1,1.0,43.73358496976255,1.131048996441205,0.0030762868201150207,0.005655244982206026,0.5439705671097218,7.772872426469402e-16
83,fixed_band,16,4,2,4,10,20260990,0.1,2,1.0,43.73358496976255,1.131048996441205,0.0015380010779333616,0.002827622491103013,0.543920230784913,1.3355946180372427e-15
83,fixed_band,16,4,2,4,10,20260990,0.1,4,1.0,43.73358496976255,1.131048996441205,0.0007689827425379859,0.0014138112455515065,0.543907643228582,3.5628464459676576e-15
83,fixed_band,16,4,2,4,10,20260990,0.1,8,1.0,43.73358496976255,1.131048996441205,0.0003844891465633423,0.0007069056227757532,0.5439044961243874,7.22336643205908e-15
83,fixed_band,16,4,2,4,10,20260990,1.0,1,1.0,43.73358496976255,1.131048996441205,0.29259502490507155,0.5655244982206025,0.5173870023769239,9.505688485781464e-16
83,fixed_band,16,4,2,4,10,20260990,1.0,2,1.0,43.73358496976255,1.131048996441205,0.14516690049203598,0.28276224911030123,0.5133885479720053,1.2283286978767109e-15
83,fixed_band,16,4,2,4,10,20260990,1.0,4,1.0,43.73358496976255,1.131048996441205,0.07243664746793382,0.14138112455515062,0.5123502001830336,3.974411608963628e-15
83,fixed_band,16,4,2,4,10,20260990,1.0,8,1.0,43.73358496976255,1.131048996441205,0.03619981426738858,0.07069056227757531,0.5120883623084719,5.810787915803396e-15
84,fixed_band,16,4,2,4,11,20260991,0.1,1,1.0000000000000002,34.29390251089792,0.6914905677557077,0.0020208616566318497,0.0034574528387785394,0.584494352017188,6.661929326100067e-16
84,fixed_band,16,4,2,4,11,20260991,0.1,2,1.0000000000000002,34.29390251089792,0.6914905677557077,0.001010433044913843,0.0017287264193892697,0.5844956342315936,2.0002633161914577e-15
84,fixed_band,16,4,2,4,11,20260991,0.1,4,1.0000000000000002,34.29390251089792,0.6914905677557077,0.000505216802574799,0.0008643632096946349,0.5844959583058651,3.896254909939976e-15
84,fixed_band,16,4,2,4,11,20260991,0.1,8,1.0000000000000002,34.29390251089792,0.6914905677557077,0.0002526084363989255,0.00043218160484731743,0.5844960395483927,5.112902073383597e-15
84,fixed_band,16,4,2,4,11,20260991,1.0,1,1.0000000000000002,34.29390251089792,0.6914905677557077,0.197644924773633,0.34574528387785386,0.5716489392331312,8.925774154484095e-16
84,fixed_band,16,4,2,4,11,20260991,1.0,2,1.0000000000000002,34.29390251089792,0.6914905677557077,0.09894427318582993,0.17287264193892693,0.5723535666261486,2.6827421177564377e-15
84,fixed_band,16,4,2,4,11,20260991,1.0,4,1.0000000000000002,34.29390251089792,0.6914905677557077,0.04949040869720791,0.08643632096946346,0.5725649604486528,3.061575598864493e-15
84,fixed_band,16,4,2,4,11,20260991,1.0,8,1.0000000000000002,34.29390251089792,0.6914905677557077,0.02474758725629043,0.04321816048473173,0.5726200971703399,6.271158582634602e-15
85,fixed_band,16,4,2,4,12,20260992,0.1,1,1.0,35.69147027243576,0.6135786933696696,0.0016940947585488309,0.003067893466848349,0.5522012993134265,6.67997698667178e-16
85,fixed_band,16,4,2,4,12,20260992,0.1,2,1.0,35.69147027243576,0.6135786933696696,0.0008470240013131665,0.0015339467334241745,0.5521860589137833,1.2212863910248114e-15
85,fixed_band,16,4,2,4,12,20260992,0.1,4,1.0,35.69147027243576,0.6135786933696696,0.00042350908357086586,0.0007669733667120872,0.552182255540884,2.4442976477011184e-15
85,fixed_band,16,4,2,4,12,20260992,0.1,8,1.0,35.69147027243576,0.6135786933696696,0.00021175417731137547,0.0003834866833560436,0.5521813051192049,7.109294752461363e-15
85,fixed_band,16,4,2,4,12,20260992,1.0,1,1.0,35.69147027243576,0.6135786933696696,0.16569259125545047,0.3067893466848348,0.5400858701448545,6.670027275336049e-16
85,fixed_band,16,4,2,4,12,20260992,1.0,2,1.0,35.69147027243576,0.6135786933696696,0.0826912976237596,0.1533946733424174,0.5390754178221743,1.3722829834428694e-15
85,fixed_band,16,4,2,4,12,20260992,1.0,4,1.0,35.69147027243576,0.6135786933696696,0.041331220049302946,0.0766973366712087,0.5388872918297594,3.075896898706316e-15
85,fixed_band,16,4,2,4,12,20260992,1.0,8,1.0,35.69147027243576,0.6135786933696696,0.020663959491337716,0.03834866833560435,0.5388442516569086,4.657840354843825e-15
86,fixed_band,16,4,2,4,13,20260993,0.1,1,0.9999999999999998,57.95600581604334,0.49266579493018225,0.0013737203577805644,0.002463328974650912,0.5576682497209857,1.1108725345389185e-15
86,fixed_band,16,4,2,4,13,20260993,0.1,2,0.9999999999999998,57.95600581604334,0.49266579493018225,0.0006867786573519545,0.001231664487325456,0.5576020616160541,1.1135104727298525e-15
86,fixed_band,16,4,2,4,13,20260993,0.1,4,0.9999999999999998,57.95600581604334,0.49266579493018225,0.0003433791420285496,0.000615832243662728,0.5575855203460369,3.555761520652473e-15
86,fixed_band,16,4,2,4,13,20260993,0.1,8,0.9999999999999998,57.95600581604334,0.49266579493018225,0.00017168829779374382,0.000307916121831364,0.5575813853870637,5.1113838221321356e-15
86,fixed_band,16,4,2,4,13,20260993,1.0,1,0.9999999999999998,57.95600581604334,0.49266579493018225,0.13002334494263443,0.24633289746509113,0.5278358931374993,8.353932662558606e-16
86,fixed_band,16,4,2,4,13,20260993,1.0,2,0.9999999999999998,57.95600581604334,0.49266579493018225,0.06423700385042654,0.12316644873254556,0.5215462856278044,2.2778733813248563e-15
86,fixed_band,16,4,2,4,13,20260993,1.0,4,0.9999999999999998,57.95600581604334,0.49266579493018225,0.03202504959937267,0.06158322436627278,0.520028789153687,3.4881294573973324e-15
86,fixed_band,16,4,2,4,13,20260993,1.0,8,0.9999999999999998,57.95600581604334,0.49266579493018225,0.01600094449154954,0.03079161218313639,0.519652702703003,6.4488440358172585e-15
87,fixed_band,16,4,2,4,14,20260994,0.1,1,1.0,160.3465137500795,0.5879189485039451,0.0016166441809475868,0.002939594742519726,0.5499547803524275,8.883291685555893e-16
87,fixed_band,16,4,2,4,14,20260994,0.1,2,1.0,160.3465137500795,0.5879189485039451,0.0008083740456339985,0.001469797371259863,0.5499901288713601,1.8876500663817646e-15
87,fixed_band,16,4,2,4,14,20260994,0.1,4,1.0,160.3465137500795,0.5879189485039451,0.0004041935141467139,0.0007348986856299315,0.5499989618300272,3.4419138428820927e-15
87,fixed_band,16,4,2,4,14,20260994,0.1,8,1.0,160.3465137500795,0.5879189485039451,0.00020209756839454995,0.00036744934281496576,0.5500011698110969,8.109384265978073e-15
87,fixed_band,16,4,2,4,14,20260994,1.0,1,1.0,160.3465137500795,0.5879189485039451,0.1576867809806909,0.29395947425197255,0.536423537230601,8.241075808986114e-16
87,fixed_band,16,4,2,4,14,20260994,1.0,2,1.0,160.3465137500795,0.5879189485039451,0.07938872421041011,0.14697973712598628,0.5401338018611413,1.4650991752660177e-15
87,fixed_band,16,4,2,4,14,20260994,1.0,4,1.0,160.3465137500795,0.5879189485039451,0.039759577893189506,0.07348986856299314,0.5410212138168254,2.5823737918583464e-15
87,fixed_band,16,4,2,4,14,20260994,1.0,8,1.0,160.3465137500795,0.5879189485039451,0.01988784332705614,0.03674493428149657,0.5412404108468074,5.665525950543943e-15
88,fixed_band,16,4,2,4,15,20260995,0.1,1,0.9999999999999996,27.480973576725194,1.2366735841994454,0.0025252713806824803,0.0061833679209972285,0.4083973997580294,7.775736717518554e-16
88,fixed_band,16,4,2,4,15,20260995,0.1,2,0.9999999999999996,27.480973576725194,1.2366735841994454,0.0012626629129242955,0.0030916839604986143,0.40840620485693446,1.3328568388357167e-15
88,fixed_band,16,4,2,4,15,20260995,0.1,4,0.9999999999999996,27.480973576725194,1.2366735841994454,0.0006313349041091696,0.0015458419802493071,0.4084084351282467,2.887727879925397e-15
88,fixed_band,16,4,2,4,15,20260995,0.1,8,0.9999999999999996,27.480973576725194,1.2366735841994454,0.00031566788441262316,0.0007729209901246536,0.4084089945101808,4.885160443133093e-15
88,fixed_band,16,4,2,4,15,20260995,1.0,1,0.9999999999999996,27.480973576725194,1.2366735841994454,0.24386695464686484,0.6183367920997227,0.394391790627162,6.010588212459094e-16
88,fixed_band,16,4,2,4,15,20260995,1.0,2,0.9999999999999996,27.480973576725194,1.2366735841994454,0.12244288584741084,0.30916839604986135,0.39603946396792694,1.140712346186076e-15
88,fixed_band,16,4,2,4,15,20260995,1.0,4,0.9999999999999996,27.480973576725194,1.2366735841994454,0.06132714512448794,0.15458419802493067,0.39672324796482344,3.0687523443464623e-15
88,fixed_band,16,4,2,4,15,20260995,1.0,8,0.9999999999999996,27.480973576725194,1.2366735841994454,0.030678107707875848,0.07729209901246534,0.3969113027054449,6.964171360225136e-15
89,fixed_band,16,4,2,4,16,20260996,0.1,1,1.0000000000000002,96.21584963951418,0.7226022342734556,0.002029285819914869,0.0036130111713672786,0.5616605439796973,5.561087793549914e-16
89,fixed_band,16,4,2,4,16,20260996,0.1,2,1.0000000000000002,96.21584963951418,0.7226022342734556,0.0010145686672881793,0.0018065055856836393,0.5616194465871159,1.333862199635128e-15
89,fixed_band,16,4,2,4,16,20260996,0.1,4,1.0000000000000002,96.21584963951418,0.7226022342734556,0.0005072750554944212,0.0009032527928418197,0.5616091746568855,4.107940718134247e-15
89,fixed_band,16,4,2,4,16,20260996,0.1,8,1.0000000000000002,96.21584963951418,0.7226022342734556,0.00025363636804761247,0.0004516263964209098,0.5616066068273536,4.002938295565476e-15
89,fixed_band,16,4,2,4,16,20260996,1.0,1,1.0000000000000002,96.21584963951418,0.7226022342734556,0.19604926707625286,0.3613011171367278,0.5426201519384221,8.460960137627628e-16
89,fixed_band,16,4,2,4,16,20260996,1.0,2,1.0000000000000002,96.21584963951418,0.7226022342734556,0.0974006393915839,0.1806505585683639,0.5391660018295732,1.4239630709041537e-15
89,fixed_band,16,4,2,4,16,20260996,1.0,4,1.0000000000000002,96.21584963951418,0.7226022342734556,0.04862395268287538,0.09032527928418195,0.5383205351615288,3.679671305721922e-15
89,fixed_band,16,4,2,4,16,20260996,1.0,8,1.0000000000000002,96.21584963951418,0.7226022342734556,0.024302476702435065,0.045162639642090975,0.5381101922967647,5.951103886753531e-15
90,fixed_band,16,4,2,4,17,20260997,0.1,1,1.0,353.3171041607623,0.6330013630849493,0.0015365839281496893,0.003165006815424747,0.4854915068937942,7.783472769471924e-16
90,fixed_band,16,4,2,4,17,20260997,0.1,2,1.0,353.3171041607623,0.6330013630849493,0.0007682891828549438,0.0015825034077123735,0.4854897494126493,1.1140752334104212e-15
90,fixed_band,16,4,2,4,17,20260997,0.1,4,1.0,353.3171041607623,0.6330013630849493,0.0003841443332294088,0.0007912517038561867,0.4854894230966846,3.3313490723376632e-15
90,fixed_band,16,4,2,4,17,20260997,0.1,8,1.0,353.3171041607623,0.6330013630849493,0.00019207213713883173,0.00039562585192809337,0.48548934859226955,8.44340170980036e-15
90,fixed_band,16,4,2,4,17,20260997,1.0,1,1.0,353.3171041607623,0.6330013630849493,0.15119304855870896,0.3165006815424746,0.47770212633307946,6.7324602145109945e-16
90,fixed_band,16,4,2,4,17,20260997,1.0,2,1.0,353.3171041607623,0.6330013630849493,0.07580058756525455,0.1582503407712373,0.4789916229932798,1.3203088132959784e-15
90,fixed_band,16,4,2,4,17,20260997,1.0,4,1.0,353.3171041607623,0.6330013630849493,0.037966875048840616,0.07912517038561866,0.4798330905805071,3.0270619315532162e-15
90,fixed_band,16,4,2,4,17,20260997,1.0,8,1.0,353.3171041607623,0.6330013630849493,0.01899274906989518,0.03956258519280933,0.48006845299248024,7.385729606664986e-15
91,fixed_band,16,4,2,4,18,20260998,0.1,1,0.9999999999999997,28.845744940303167,1.8256875494846971,0.00400781487789311,0.009128437747423487,0.4390471829666934,6.686616004483652e-16
91,fixed_band,16,4,2,4,18,20260998,0.1,2,0.9999999999999997,28.845744940303167,1.8256875494846971,0.0020040864557121438,0.004564218873711744,0.4390864047416656,1.5544858965334504e-15
91,fixed_band,16,4,2,4,18,20260998,0.1,4,0.9999999999999997,28.845744940303167,1.8256875494846971,0.0010020656593997164,0.002282109436855872,0.4390962340440129,2.8923611925910627e-15
91,fixed_band,16,4,2,4,18,20260998,0.1,8,0.9999999999999997,28.845744940303167,1.8256875494846971,0.0005010356353461367,0.001141054718427936,0.43909869286236164,8.899570362272792e-15
91,fixed_band,16,4,2,4,18,20260998,1.0,1,0.9999999999999997,28.845744940303167,1.8256875494846971,0.3761346268222209,0.9128437747423486,0.41204709637022546,5.354393756632996e-16
91,fixed_band,16,4,2,4,18,20260998,1.0,2,0.9999999999999997,28.845744940303167,1.8256875494846971,0.1901081042116952,0.4564218873711743,0.4165183780003396,2.269966995265672e-15
91,fixed_band,16,4,2,4,18,20260998,1.0,4,0.9999999999999997,28.845744940303167,1.8256875494846971,0.09536041078804257,0.22821094368558714,0.4178608144201155,4.591775632786565e-15
91,fixed_band,16,4,2,4,18,20260998,1.0,8,0.9999999999999997,28.845744940303167,1.8256875494846971,0.047720147891289644,0.11410547184279357,0.41821086334084906,7.393880339685864e-15
92,fixed_band,16,4,2,4,19,20260999,0.1,1,0.9999999999999993,24.87049271398152,0.8158455516322513,0.0016003263719254195,0.004079227758161257,0.3923111105340141,8.884305949721388e-16
92,fixed_band,16,4,2,4,19,20260999,0.1,2,0.9999999999999993,24.87049271398152,0.8158455516322513,0.0007999745340373758,0.0020396138790806286,0.39221861659323987,2.4442414297006125e-15
92,fixed_band,16,4,2,4,19,20260999,0.1,4,0.9999999999999993,24.87049271398152,0.8158455516322513,0.0003999636885917401,0.0010198069395403143,0.39219549611226096,3.55384899997695e-15
92,fixed_band,16,4,2,4,19,20260999,0.1,8,0.9999999999999993,24.87049271398152,0.8158455516322513,0.00019997889708917778,0.0005099034697701572,0.3921897161816133,3.219798338177955e-15
92,fixed_band,16,4,2,4,19,20260999,1.0,1,0.9999999999999993,24.87049271398152,0.8158455516322513,0.15974718159972429,0.4079227758161256,0.3916113320226365,9.111828765240586e-16
92,fixed_band,16,4,2,4,19,20260999,1.0,2,0.9999999999999993,24.87049271398152,0.8158455516322513,0.07817920321833459,0.2039613879080628,0.3833039381629158,2.038263509305219e-15
92,fixed_band,16,4,2,4,19,20260999,1.0,4,0.9999999999999993,24.87049271398152,0.8158455516322513,0.0388802542172199,0.1019806939540314,0.38125112420538615,4.425666792833998e-15
92,fixed_band,16,4,2,4,19,20260999,1.0,8,0.9999999999999993,24.87049271398152,0.8158455516322513,0.019414041413367344,0.0509903469770157,0.3807395431554599,7.631980916888358e-15
93,fixed_band,16,4,2,4,20,20261000,0.1,1,0.9999999999999993,98.93960795169028,1.7460918020683271,0.0032469746866244952,0.008730459010341637,0.37191339914411164,4.579625169708423e-16
93,fixed_band,16,4,2,4,20,20261000,0.1,2,0.9999999999999993,98.93960795169028,1.7460918020683271,0.0016237868841622626,0.004365229505170818,0.3719820188695259,8.889358723018042e-16
93,fixed_band,16,4,2,4,20,20261000,0.1,4,0.9999999999999993,98.93960795169028,1.7460918020683271,0.0008119309729066639,0.002182614752585409,0.37199921421995963,1.555140884788836e-15
93,fixed_band,16,4,2,4,20,20261000,0.1,8,0.9999999999999993,98.93960795169028,1.7460918020683271,0.0004059701805649116,0.0010913073762927046,0.3720035155851677,4.775168058458935e-15
93,fixed_band,16,4,2,4,20,20261000,1.0,1,0.9999999999999993,98.93960795169028,1.7460918020683271,0.3103078718495813,0.8730459010341636,0.3554313369801143,7.820647845464131e-16
93,fixed_band,16,4,2,4,20,20261000,1.0,2,0.9999999999999993,98.93960795169028,1.7460918020683271,0.15834997933266304,0.4365229505170818,0.36275293004661063,1.2533225258078273e-15
93,fixed_band,16,4,2,4,20,20261000,1.0,4,0.9999999999999993,98.93960795169028,1.7460918020683271,0.0796473243118432,0.2182614752585409,0.3649170070783093,2.9973534630051485e-15
93,fixed_band,16,4,2,4,20,20261000,1.0,8,0.9999999999999993,98.93960795169028,1.7460918020683271,0.039884933539610735,0.10913073762927045,0.3654784564464725,1.044477726883478e-14
94,fixed_band,16,4,2,4,21,20261001,0.1,1,0.9999999999999993,189.32646415160008,0.7555969910892846,0.0018727580891004041,0.0037779849554464237,0.49570289749317187,6.705801296652062e-16
94,fixed_band,16,4,2,4,21,20261001,0.1,2,0.9999999999999993,189.32646415160008,0.7555969910892846,0.0009363417746903038,0.0018889924777232118,0.49568316747288976,2.5571768166978685e-15
94,fixed_band,16,4,2,4,21,20261001,0.1,4,0.9999999999999993,189.32646415160008,0.7555969910892846,0.0004681662290605157,0.0009444962388616059,0.49567823544198847,2.777060560585425e-15
94,fixed_band,16,4,2,4,21,20261001,0.1,8,0.9999999999999993,189.32646415160008,0.7555969910892846,0.00023408253225864947,0.00047224811943080296,0.4956770024638475,5.77630189236815e-15
94,fixed_band,16,4,2,4,21,20261001,1.0,1,0.9999999999999993,189.32646415160008,0.7555969910892846,0.17960305843361024,0.3777984955446423,0.4753937894185912,7.620035539814176e-16
94,fixed_band,16,4,2,4,21,20261001,1.0,2,0.9999999999999993,189.32646415160008,0.7555969910892846,0.0894747184045545,0.18889924777232114,0.47366370940977864,1.3753937797969596e-15
94,fixed_band,16,4,2,4,21,20261001,1.0,4,0.9999999999999993,189.32646415160008,0.7555969910892846,0.044696795185786856,0.09444962388616057,0.4732342316117592,3.635934025328539e-15
94,fixed_band,16,4,2,4,21,20261001,1.0,8,0.9999999999999993,189.32646415160008,0.7555969910892846,0.02234333572488747,0.047224811943080286,0.47312704499104674,4.128929726843249e-15
95,fixed_band,16,4,2,4,22,20261002,0.1,1,0.9999999999999999,5.8040365694187,0.8733415457810856,0.0017240393757800186,0.004366707728905429,0.39481446499561607,6.663036556743979e-16
95,fixed_band,16,4,2,4,22,20261002,0.1,2,0.9999999999999999,5.8040365694187,0.8733415457810856,0.000861993190388702,0.0021833538644527146,0.39480232884959837,8.89206482077138e-16
95,fixed_band,16,4,2,4,22,20261002,0.1,4,0.9999999999999999,5.8040365694187,0.8733415457810856,0.0004309932860635012,0.0010916769322263573,0.3947992976132022,4.223104733320434e-15
95,fixed_band,16,4,2,4,22,20261002,0.1,8,0.9999999999999999,5.8040365694187,0.8733415457810856,0.00021549622948642097,0.0005458384661131786,0.3947985399800281,6.003144054252414e-15
95,fixed_band,16,4,2,4,22,20261002,1.0,1,0.9999999999999999,5.8040365694187,0.8733415457810856,0.16825131612290603,0.4366707728905428,0.38530473429482404,8.9541129871404e-16
95,fixed_band,16,4,2,4,22,20261002,1.0,2,0.9999999999999999,5.8040365694187,0.8733415457810856,0.08391355443061503,0.2183353864452714,0.3843332764185207,1.0753648774400293e-15
95,fixed_band,16,4,2,4,22,20261002,1.0,4,0.9999999999999999,5.8040365694187,0.8733415457810856,0.04193245410226168,0.1091676932226357,0.3841104713712781,3.842930974501016e-15
95,fixed_band,16,4,2,4,22,20261002,1.0,8,0.9999999999999999,5.8040365694187,0.8733415457810856,0.020963236834438407,0.05458384661131785,0.38405568929053313,6.0572945927761256e-15
96,fixed_band,16,4,2,4,23,20261003,0.1,1,1.0000000000000002,18.010660078680782,1.5122716599652002,0.004200164128239786,0.007561358299826002,0.5554774633991935,8.887422788841707e-16
96,fixed_band,16,4,2,4,23,20261003,0.1,2,1.0000000000000002,18.010660078680782,1.5122716599652002,0.002100819391221705,0.003780679149913001,0.5556724884390276,1.5608498948604238e-15
96,fixed_band,16,4,2,4,23,20261003,0.1,4,1.0000000000000002,18.010660078680782,1.5122716599652002,0.001050500052692961,0.0018903395749565006,0.5557202878308966,5.115031066611093e-15
96,fixed_band,16,4,2,4,23,20261003,0.1,8,1.0000000000000002,18.010660078680782,1.5122716599652002,0.0005252612548214151,0.0009451697874782503,0.5557321676805101,5.1131352005919606e-15
96,fixed_band,16,4,2,4,23,20261003,1.0,1,1.0000000000000002,18.010660078680782,1.5122716599652002,0.39190562268031587,0.7561358299826001,0.5183005581012267,6.210201459770821e-16
96,fixed_band,16,4,2,4,23,20261003,1.0,2,1.0000000000000002,18.010660078680782,1.5122716599652002,0.20484458143143053,0.37806791499130005,0.5418195337632508,1.9352249495560995e-15
96,fixed_band,16,4,2,4,23,20261003,1.0,4,1.0000000000000002,18.010660078680782,1.5122716599652002,0.10370674445608752,0.18903395749565002,0.5486143644772077,2.7099359088572162e-15
96,fixed_band,16,4,2,4,23,20261003,1.0,8,1.0000000000000002,18.010660078680782,1.5122716599652002,0.05202018837646855,0.09451697874782501,0.5503792976208057,4.685694559687086e-15
97,fixed_band,32,2,2,2,0,20261004,0.1,1,1.0,172.7166596076201,0.45886866543916693,0.002293275739681975,0.002294343327195835,0.9995346871145196,6.673519591387164e-16
97,fixed_band,32,2,2,2,0,20261004,0.1,2,1.0,172.7166596076201,0.45886866543916693,0.001146437813715829,0.0011471716635979175,0.999360296365945,1.2226253245625715e-15
97,fixed_band,32,2,2,2,0,20261004,0.1,4,1.0,172.7166596076201,0.45886866543916693,0.0005731939059774798,0.0005735858317989587,0.9993167093750386,2.2246738067989066e-15
97,fixed_band,32,2,2,2,0,20261004,0.1,8,1.0,172.7166596076201,0.45886866543916693,0.0002865938280704963,0.0002867929158994794,0.9993058132961247,3.5543907507232194e-15
97,fixed_band,32,2,2,2,0,20261004,1.0,1,1.0,172.7166596076201,0.45886866543916693,0.21894711915464704,0.22943433271958347,0.9542910015226275,8.318237617441624e-16
97,fixed_band,32,2,2,2,0,20261004,1.0,2,1.0,172.7166596076201,0.45886866543916693,0.1076191502025233,0.11471716635979173,0.938125945902406,1.6877446863336583e-15
97,fixed_band,32,2,2,2,0,20261004,1.0,4,1.0,172.7166596076201,0.45886866543916693,0.05358331684944022,0.05735858317989587,0.9341813182760261,2.8011770702568756e-15
97,fixed_band,32,2,2,2,0,20261004,1.0,8,1.0,172.7166596076201,0.45886866543916693,0.02676355205508261,0.028679291589947933,0.9332012951276388,4.274709453802697e-15
98,fixed_band,32,2,2,2,1,20261005,0.1,1,1.0000000000000004,1430.7638165851954,0.4352210662280065,0.002175054334046281,0.0021761053311400327,0.9995170283907163,4.455529225095959e-16
98,fixed_band,32,2,2,2,1,20261005,0.1,2,1.0000000000000004,1430.7638165851954,0.4352210662280065,0.0010873301742868736,0.0010880526655700164,0.9993359776543865,8.881992830514184e-16
98,fixed_band,32,2,2,2,1,20261005,0.1,4,1.0000000000000004,1430.7638165851954,0.4352210662280065,0.0005436404682383867,0.0005440263327850082,0.9992907245047383,2.442512283151691e-15
98,fixed_band,32,2,2,2,1,20261005,0.1,8,1.0000000000000004,1430.7638165851954,0.4352210662280065,0.0002718171569184006,0.0002720131663925041,0.9992794118141303,4.444141926141891e-15
98,fixed_band,32,2,2,2,1,20261005,1.0,1,1.0000000000000004,1430.7638165851954,0.4352210662280065,0.20743929190137825,0.21761053311400325,0.9532594260623569,5.921700858538655e-16
98,fixed_band,32,2,2,2,1,20261005,1.0,2,1.0000000000000004,1430.7638165851954,0.4352210662280065,0.10254896059422987,0.10880526655700162,0.9424999711802171,1.1838223797481117e-15
98,fixed_band,32,2,2,2,1,20261005,1.0,4,1.0000000000000004,1430.7638165851954,0.4352210662280065,0.05113026853222453,0.05440263327850081,0.9398491479350968,2.4513282410617625e-15
98,fixed_band,32,2,2,2,1,20261005,1.0,8,1.0000000000000004,1430.7638165851954,0.4352210662280065,0.025547169496730332,0.027201316639250406,0.9391887104415672,6.5568586035306764e-15
99,fixed_band,32,2,2,2,2,20261006,0.1,1,1.0,39.79991431219863,0.4653103189720944,0.002325363135633371,0.0023265515948604726,0.99948917564101,6.684847013244207e-16
99,fixed_band,32,2,2,2,2,20261006,0.1,2,1.0,39.79991431219863,0.4653103189720944,0.0011624589076961722,0.0011632757974302363,0.9992977677900042,1.2237275097139278e-15
99,fixed_band,32,2,2,2,2,20261006,0.1,4,1.0,39.79991431219863,0.4653103189720944,0.0005812016309163489,0.0005816378987151181,0.9992499323037014,2.112861439355794e-15
99,fixed_band,32,2,2,2,2,20261006,0.1,8,1.0,39.79991431219863,0.4653103189720944,0.00029059733789165527,0.00029081894935755907,0.9992379744635164,4.4464187671296014e-15
99,fixed_band,32,2,2,2,2,20261006,1.0,1,1.0,39.79991431219863,0.4653103189720944,0.22113044572412158,0.2326551594860472,0.950464396373652,5.277519858760265e-16
99,fixed_band,32,2,2,2,2,20261006,1.0,2,1.0,39.79991431219863,0.4653103189720944,0.10858094512347673,0.1163275797430236,0.933406724040337,1.0320099477398772e-15
99,fixed_band,32,2,2,2,2,20261006,1.0,4,1.0,39.79991431219863,0.4653103189720944,0.05405032275849666,0.0581637898715118,0.9292778699238461,1.7935233773199312e-15
99,fixed_band,32,2,2,2,2,20261006,1.0,8,1.0,39.79991431219863,0.4653103189720944,0.0269953783914091,0.0290818949357559,0.9282537623852891,3.863263310605388e-15
100,fixed_band,32,2,2,2,3,20261007,0.1,1,1.0000000000000002,1073.7094330758266,0.4501516233885138,0.002249581581844698,0.002250758116942569,0.999477271640602,5.561160874223195e-16
100,fixed_band,32,2,2,2,3,20261007,0.1,2,1.0000000000000002,1073.7094330758266,0.4501516233885138,0.0011245702884097478,0.0011253790584712846,0.999281335426096,8.931849194041593e-16
100,fixed_band,32,2,2,2,3,20261007,0.1,4,1.0000000000000002,1073.7094330758266,0.4501516233885138,0.0005622575903889874,0.0005626895292356423,0.9992323673638611,2.2209659914036003e-15
100,fixed_band,32,2,2,2,3,20261007,0.1,8,1.0000000000000002,1073.7094330758266,0.4501516233885138,0.00028112535124852605,0.00028134476461782115,0.9992201263471415,3.668065820969443e-15
100,fixed_band,32,2,2,2,3,20261007,1.0,1,1.0000000000000002,1073.7094330758266,0.4501516233885138,0.2136247786948266,0.2250758116942569,0.9491236623196748,4.545023123857362e-16
100,fixed_band,32,2,2,2,3,20261007,1.0,2,1.0000000000000002,1073.7094330758266,0.4501516233885138,0.10476238356872418,0.11253790584712844,0.9309075264918601,1.36428236673819e-15
100,fixed_band,32,2,2,2,3,20261007,1.0,4,1.0000000000000002,1073.7094330758266,0.4501516233885138,0.05213309813498925,0.05626895292356422,0.9264984583204682,1.7883113334282797e-15
100,fixed_band,32,2,2,2,3,20261007,1.0,8,1.0000000000000002,1073.7094330758266,0.4501516233885138,0.026035785711638143,0.02813447646178211,0.9254050185367824,6.0399282720424254e-15
101,fixed_band,32,2,2,2,4,20261008,0.1,1,1.0000000000000002,1000.4420705660488,0.4386435522462552,0.0021919976646133338,0.0021932177612312763,0.999443695633188,5.558012636669489e-16
101,fixed_band,32,2,2,2,4,20261008,0.1,2,1.0000000000000002,1000.4420705660488,0.4386435522462552,0.0010957701746691065,0.0010966088806156381,0.9992351822410367,1.3324540087671315e-15
101,fixed_band,32,2,2,2,4,20261008,0.1,4,1.0000000000000002,1000.4420705660488,0.4386435522462552,0.0005478565174898151,0.0005483044403078191,0.9991830764351416,2.2227035404414116e-15
101,fixed_band,32,2,2,2,4,20261008,0.1,8,1.0000000000000002,1000.4420705660488,0.4386435522462552,0.0002739246879002472,0.00027415222015390953,0.9991700513913965,4.113312802772373e-15
101,fixed_band,32,2,2,2,4,20261008,1.0,1,1.0000000000000002,1000.4420705660488,0.4386435522462552,0.2074657234430166,0.2193217761231276,0.9459422001331277,4.776996566000844e-16
101,fixed_band,32,2,2,2,4,20261008,1.0,2,1.0000000000000002,1000.4420705660488,0.4386435522462552,0.10162024894547568,0.1096608880615638,0.9266772387291439,1.4709635312319537e-15
101,fixed_band,32,2,2,2,4,20261008,1.0,4,1.0000000000000002,1000.4420705660488,0.4386435522462552,0.050557331779734656,0.0548304440307819,0.9220667947053591,2.373034327293989e-15
101,fixed_band,32,2,2,2,4,20261008,1.0,8,1.0000000000000002,1000.4420705660488,0.4386435522462552,0.025247401844585363,0.02741522201539095,0.9209264046963191,3.5730299126061775e-15
102,fixed_band,32,2,2,2,5,20261009,0.1,1,0.9999999999999998,318.4608782802095,0.46865498534144534,0.0023422267819519977,0.0023432749267072272,0.9995527009044977,4.45645206751551e-16
102,fixed_band,32,2,2,2,5,20261009,0.1,2,0.9999999999999998,318.4608782802095,0.46865498534144534,0.001170917008395888,0.0011716374633536136,0.999385087127836,1.7797505482622507e-15
102,fixed_band,32,2,2,2,5,20261009,0.1,4,0.9999999999999998,318.4608782802095,0.46865498534144534,0.0005854339617413502,0.0005858187316768068,0.9993431928433643,2.444803447704553e-15
102,fixed_band,32,2,2,2,5,20261009,0.1,8,0.9999999999999998,318.4608782802095,0.46865498534144534,0.00029271391323135247,0.0002929093658384034,0.9993327198449544,4.667636160942721e-15
102,fixed_band,32,2,2,2,5,20261009,1.0,1,0.9999999999999998,318.4608782802095,0.46865498534144534,0.22397063073954093,0.23432749267072267,0.9558017635355522,8.917745587503466e-16
102,fixed_band,32,2,2,2,5,20261009,1.0,2,0.9999999999999998,318.4608782802095,0.46865498534144534,0.11018042447542443,0.11716374633536134,0.9403969053708104,1.5398793452534068e-15
102,fixed_band,32,2,2,2,5,20261009,1.0,4,0.9999999999999998,318.4608782802095,0.46865498534144534,0.05486918998640564,0.05858187316768067,0.9366240275272848,1.9815048878305393e-15
102,fixed_band,32,2,2,2,5,20261009,1.0,8,0.9999999999999998,318.4608782802095,0.46865498534144534,0.027407113390776682,0.029290936583840334,0.935685798654081,4.0841459634573855e-15
103,fixed_band,32,2,2,2,6,20261010,0.1,1,1.0,25.24936676768359,0.4681947756913466,0.0023398057106691654,0.0023409738784567332,0.9995009906781455,4.552616356955481e-16
103,fixed_band,32,2,2,2,6,20261010,0.1,2,1.0,25.24936676768359,0.4681947756913466,0.0011696839672646164,0.0011704869392283666,0.9993139846871939,1.112908099504865e-15
103,fixed_band,32,2,2,2,6,20261010,0.1,4,1.0,25.24936676768359,0.4681947756913466,0.0005848146323943156,0.0005852434696141833,0.9992672498846499,2.6691896101167616e-15
103,fixed_band,32,2,2,2,6,20261010,0.1,8,1.0,25.24936676768359,0.4681947756913466,0.00029240389759751693,0.00029262173480709165,0.9992555672266848,4.670282244340372e-15
103,fixed_band,32,2,2,2,6,20261010,1.0,1,1.0,25.24936676768359,0.4681947756913466,0.22266892021215745,0.2340973878456733,0.9511807126995797,6.74550673989543e-16
103,fixed_band,32,2,2,2,6,20261010,1.0,2,1.0,25.24936676768359,0.4681947756913466,0.10933046722925478,0.11704869392283665,0.9340596940050434,1.4883120775626958e-15
103,fixed_band,32,2,2,2,6,20261010,1.0,4,1.0,25.24936676768359,0.4681947756913466,0.054423339095482345,0.058524346961418325,0.9299264651574919,2.2012794971985785e-15
103,fixed_band,32,2,2,2,6,20261010,1.0,8,1.0,25.24936676768359,0.4681947756913466,0.0271816914021306,0.029262173480709162,0.9289019976609016,4.339253309121227e-15
104,fixed_band,32,2,2,2,7,20261011,0.1,1,0.9999999999999998,24.616257825682844,0.4153191349597135,0.0020756511283281267,0.002076595674798568,0.9995451466638865,6.682763191110019e-16
104,fixed_band,32,2,2,2,7,20261011,0.1,2,0.9999999999999998,24.616257825682844,0.4153191349597135,0.0010376485078532945,0.001038297837399284,0.9993746211129402,1.3336836876171874e-15
104,fixed_band,32,2,2,2,7,20261011,0.1,4,0.9999999999999998,24.616257825682844,0.4153191349597135,0.0005188021222742108,0.000519148918699642,0.9993319904695173,2.000269320532202e-15
104,fixed_band,32,2,2,2,7,20261011,0.1,8,0.9999999999999998,24.616257825682844,0.4153191349597135,0.00025939829469301276,0.000259574459349821,0.9993213328566706,4.665998461848695e-15
104,fixed_band,32,2,2,2,7,20261011,1.0,1,0.9999999999999998,24.616257825682844,0.4153191349597135,0.19834236388267865,0.20765956747985675,0.9551323172331952,6.954423259892213e-16
104,fixed_band,32,2,2,2,7,20261011,1.0,2,0.9999999999999998,24.616257825682844,0.4153191349597135,0.0974664282921068,0.10382978373992838,0.938713582763878,1.1220411694078745e-15
104,fixed_band,32,2,2,2,7,20261011,1.0,4,0.9999999999999998,24.616257825682844,0.4153191349597135,0.04852027120911291,0.05191489186996419,0.9346118129388754,2.765799682994992e-15
104,fixed_band,32,2,2,2,7,20261011,1.0,8,0.9999999999999998,24.616257825682844,0.4153191349597135,0.024233534580300583,0.025957445934982094,0.9335870193469903,5.418352091655744e-15
105,fixed_band,32,2,2,2,8,20261012,0.1,1,1.0000000000000002,6.499578182202474,0.41964596684065364,0.002097056359929188,0.0020982298342032686,0.999440731298854,6.662426779555331e-16
105,fixed_band,32,2,2,2,8,20261012,0.1,2,1.0000000000000002,6.499578182202474,0.41964596684065364,0.0010483082499011813,0.0010491149171016343,0.9992310973876136,1.5572662867604285e-15
105,fixed_band,32,2,2,2,8,20261012,0.1,4,1.0000000000000002,6.499578182202474,0.41964596684065364,0.0005241266441306273,0.0005245574585508171,0.9991787088084114,2.4429251490238222e-15
105,fixed_band,32,2,2,2,8,20261012,0.1,8,1.0000000000000002,6.499578182202474,0.41964596684065364,0.0002620598872889241,0.0002622787292754086,0.9991656129069671,4.670170955345099e-15
105,fixed_band,32,2,2,2,8,20261012,1.0,1,1.0000000000000002,6.499578182202474,0.41964596684065364,0.19836392347585521,0.20982298342032682,0.9453870126252265,7.475475584114259e-16
105,fixed_band,32,2,2,2,8,20261012,1.0,2,1.0000000000000002,6.499578182202474,0.41964596684065364,0.0971269229062002,0.10491149171016341,0.9257987025342328,1.570304406614042e-15
105,fixed_band,32,2,2,2,8,20261012,1.0,4,1.0000000000000002,6.499578182202474,0.41964596684065364,0.048316034202461146,0.052455745855081705,0.921081826497001,2.07815167882176e-15
105,fixed_band,32,2,2,2,8,20261012,1.0,8,1.0000000000000002,6.499578182202474,0.41964596684065364,0.024127372556899798,0.026227872927540852,0.9199134304011591,5.153983673622616e-15
106,fixed_band,32,2,2,2,9,20261013,0.1,1,1.0000000000000002,134.60560690321762,0.4250948868372017,0.0021242771166607483,0.002125474434186009,0.9994366822267994,4.497993468548811e-16
106,fixed_band,32,2,2,2,9,20261013,0.1,2,1.0000000000000002,134.60560690321762,0.4250948868372017,0.0010619140958273293,0.0010627372170930044,0.9992254705561864,1.3333303674029138e-15
106,fixed_band,32,2,2,2,9,20261013,0.1,4,1.0000000000000002,134.60560690321762,0.4250948868372017,0.0005309289981883762,0.0005313686085465022,0.9991726828588379,2.44393185686488e-15
106,fixed_band,32,2,2,2,9,20261013,0.1,8,1.0000000000000002,134.60560690321762,0.4250948868372017,0.0002654609931310587,0.0002656843042732511,0.9991594868849959,4.889366450846561e-15
106,fixed_band,32,2,2,2,9,20261013,1.0,1,1.0000000000000002,134.60560690321762,0.4250948868372017,0.2009356292012529,0.21254744341860085,0.9453683656195333,6.690635605952422e-16
106,fixed_band,32,2,2,2,9,20261013,1.0,2,1.0000000000000002,134.60560690321762,0.4250948868372017,0.09832015513159492,0.10627372170930043,0.925159611898588,1.5424622703018054e-15
106,fixed_band,32,2,2,2,9,20261013,1.0,4,1.0000000000000002,134.60560690321762,0.4250948868372017,0.04889984350088388,0.05313686085465021,0.9202621817394105,2.1276823635688677e-15
106,fixed_band,32,2,2,2,9,20261013,1.0,8,1.0000000000000002,134.60560690321762,0.4250948868372017,0.024417632673447084,0.026568430427325106,0.9190468642940244,4.586752498171227e-15
107,fixed_band,32,2,2,2,10,20261014,0.1,1,1.0,686.295501089867,0.43640513960227384,0.0021809483489951416,0.00218202569801137,0.9995062619944348,6.718037568864951e-16
107,fixed_band,32,2,2,2,10,20261014,0.1,2,1.0,686.295501089867,0.43640513960227384,0.001090272264370169,0.001091012849005685,0.9993211953129691,1.1109674131411324e-15
107,fixed_band,32,2,2,2,10,20261014,0.1,4,1.0,686.295501089867,0.43640513960227384,0.0005451109010526637,0.0005455064245028425,0.99927494263603,2.887016712516893e-15
107,fixed_band,32,2,2,2,10,20261014,0.1,8,1.0,686.295501089867,0.43640513960227384,0.0002725522968729825,0.00027275321225142123,0.999263380340124,6.006429158144512e-15
107,fixed_band,32,2,2,2,10,20261014,1.0,1,1.0,686.295501089867,0.43640513960227384,0.20770041956894825,0.21820256980113692,0.9518697225162838,4.532579949056903e-16
107,fixed_band,32,2,2,2,10,20261014,1.0,2,1.0,686.295501089867,0.43640513960227384,0.10228104999008647,0.10910128490056846,0.9374871256860289,1.2377242385345163e-15
107,fixed_band,32,2,2,2,10,20261014,1.0,4,1.0,686.295501089867,0.43640513960227384,0.05101836621598314,0.05455064245028423,0.9352477610594541,2.3433680807044863e-15
107,fixed_band,32,2,2,2,10,20261014,1.0,8,1.0,686.295501089867,0.43640513960227384,0.025493916959927653,0.027275321225142115,0.9346880555315924,4.5740978962647234e-15
108,fixed_band,32,2,2,2,11,20261015,0.1,1,1.0000000000000004,259.3393169953834,0.4465231240476694,0.0022315253717865844,0.0022326156202383475,0.9995116721204134,6.663611983778733e-16
108,fixed_band,32,2,2,2,11,20261015,0.1,2,1.0000000000000004,259.3393169953834,0.4465231240476694,0.0011155583868850871,0.0011163078101191738,0.9993286589708562,1.333240664887793e-15
108,fixed_band,32,2,2,2,11,20261015,0.1,4,1.0000000000000004,259.3393169953834,0.4465231240476694,0.0005577536655011151,0.0005581539050595869,0.9992829225866849,1.77754991162282e-15
108,fixed_band,32,2,2,2,11,20261015,0.1,8,1.0000000000000004,259.3393169953834,0.4465231240476694,0.0002788736420531606,0.00027907695252979344,0.9992714895487074,4.441812120149699e-15
108,fixed_band,32,2,2,2,11,20261015,1.0,1,1.0000000000000004,259.3393169953834,0.4465231240476694,0.21259479963068617,0.2232615620238347,0.9522230235403899,6.840739125677416e-16
108,fixed_band,32,2,2,2,11,20261015,1.0,2,1.0000000000000004,259.3393169953834,0.4465231240476694,0.10441624029040202,0.11163078101191735,0.9353714033341294,1.240844475524682e-15
108,fixed_band,32,2,2,2,11,20261015,1.0,4,1.0000000000000004,259.3393169953834,0.4465231240476694,0.05198128010272508,0.05581539050595868,0.9313072905433802,2.467190601071167e-15
108,fixed_band,32,2,2,2,11,20261015,1.0,8,1.0000000000000004,259.3393169953834,0.4465231240476694,0.02596252960477262,0.02790769525297934,0.9303000254741903,5.42837873423776e-15
109,fixed_band,32,2,2,2,12,20261016,0.1,1,1.0000000000000002,208.4590588213672,0.4667778668563677,0.002332685790645056,0.0023338893342818388,0.9994843184639888,5.557421261346987e-16
109,fixed_band,32,2,2,2,12,20261016,0.1,2,1.0000000000000002,208.4590588213672,0.4667778668563677,0.0011661173803116578,0.0011669446671409194,0.9992910659326388,1.2215060589724936e-15
109,fixed_band,32,2,2,2,12,20261016,0.1,4,1.0000000000000002,208.4590588213672,0.4667778668563677,0.0005830305112308559,0.0005834723335704597,0.9992427707121946,2.444521696042163e-15
109,fixed_band,32,2,2,2,12,20261016,0.1,8,1.0000000000000002,208.4590588213672,0.4667778668563677,0.0002915117335768302,0.00029173616678522985,0.9992306980280409,3.331847721109791e-15
109,fixed_band,32,2,2,2,12,20261016,1.0,1,1.0000000000000002,208.4590588213672,0.4667778668563677,0.22167274749459842,0.23338893342818384,0.9497997365963772,6.591348249640275e-16
109,fixed_band,32,2,2,2,12,20261016,1.0,2,1.0000000000000002,208.4590588213672,0.4667778668563677,0.10879043527491898,0.11669446671409192,0.9322672988554096,1.6051960527045998e-15
109,fixed_band,32,2,2,2,12,20261016,1.0,4,1.0000000000000002,208.4590588213672,0.4667778668563677,0.05414870619834585,0.05834723335704596,0.9280423952065056,2.29124690030253e-15
109,fixed_band,32,2,2,2,12,20261016,1.0,8,1.0000000000000002,208.4590588213672,0.4667778668563677,0.02704381342439068,0.02917361667852298,0.9269955700864398,3.4305196083214165e-15
110,fixed_band,32,2,2,2,13,20261017,0.1,1,0.9999999999999997,1604.125841386441,0.45079822534864794,0.0022527013884183706,0.00225399112674324,0.9994277979582231,6.665726058714622e-16
110,fixed_band,32,2,2,2,13,20261017,0.1,2,0.9999999999999997,1604.125841386441,0.45079822534864794,0.0011261089552797292,0.00112699556337162,0.999213299394686,1.1119335342761719e-15
110,fixed_band,32,2,2,2,13,20261017,0.1,4,0.9999999999999997,1604.125841386441,0.45079822534864794,0.0005630242712033413,0.00056349778168581,0.9991596941499006,2.66752979511721e-15
110,fixed_band,32,2,2,2,13,20261017,0.1,8,0.9999999999999997,1604.125841386441,0.45079822534864794,0.0002815083601384237,0.000281748890842905,0.9991462940501321,5.110142101616203e-15
110,fixed_band,32,2,2,2,13,20261017,1.0,1,0.9999999999999997,1604.125841386441,0.45079822534864794,0.2128726696202397,0.22539911267432397,0.9444254997037919,6.188684412774647e-16
110,fixed_band,32,2,2,2,13,20261017,1.0,2,0.9999999999999997,1604.125841386441,0.45079822534864794,0.10417514941139373,0.11269955633716199,0.9243616638537078,1.6057710030916925e-15
110,fixed_band,32,2,2,2,13,20261017,1.0,4,0.9999999999999997,1604.125841386441,0.45079822534864794,0.05181481674621464,0.05634977816858099,0.919521219608014,3.322945675498719e-15
110,fixed_band,32,2,2,2,13,20261017,1.0,8,0.9999999999999997,1604.125841386441,0.45079822534864794,0.025873610624264444,0.028174889084290496,0.9183216497093797,5.738101634819882e-15
111,fixed_band,32,2,2,2,14,20261018,0.1,1,1.0,52.3353934264034,0.4253001207673403,0.002125330670056848,0.002126500603836702,0.9994498314377419,5.559822475909681e-16
111,fixed_band,32,2,2,2,14,20261018,0.1,2,1.0,52.3353934264034,0.4253001207673403,0.0010624460889113363,0.001063250301918351,0.9992436277651991,1.1103425059908743e-15
111,fixed_band,32,2,2,2,14,20261018,0.1,4,1.0,52.3353934264034,0.4253001207673403,0.0005311956513604733,0.0005316251509591755,0.9991921006785942,2.2239707126188415e-15
111,fixed_band,32,2,2,2,14,20261018,0.1,8,1.0,52.3353934264034,0.4253001207673403,0.0002655944019392938,0.00026581257547958774,0.9991792203965509,5.337756925328613e-15
111,fixed_band,32,2,2,2,14,20261018,1.0,1,1.0,52.3353934264034,0.4253001207673403,0.20131222011858368,0.21265006038367015,0.9466831081795586,7.725898077647029e-16
111,fixed_band,32,2,2,2,14,20261018,1.0,2,1.0,52.3353934264034,0.4253001207673403,0.09864793598389446,0.10632503019183508,0.9277959837482355,1.4133611600157918e-15
111,fixed_band,32,2,2,2,14,20261018,1.0,4,1.0,52.3353934264034,0.4253001207673403,0.04908452489065968,0.05316251509591754,0.9232920000511599,2.192213974920044e-15
111,fixed_band,32,2,2,2,14,20261018,1.0,8,1.0,52.3353934264034,0.4253001207673403,0.02451267504324598,0.02658125754795877,0.9221789074132183,3.887012672927629e-15
112,fixed_band,32,2,2,2,15,20261019,0.1,1,0.9999999999999996,185.15323151233818,0.4320673519110144,0.002159255387622145,0.0021603367595550726,0.9994994428863256,6.70450392835953e-16
112,fixed_band,32,2,2,2,15,20261019,0.1,2,0.9999999999999996,185.15323151233818,0.4320673519110144,0.001079424998940118,0.0010801683797775363,0.9993117917064269,1.112939525136723e-15
112,fixed_band,32,2,2,2,15,20261019,0.1,4,0.9999999999999996,185.15323151233818,0.4320673519110144,0.0005396871665115402,0.0005400841898887681,0.9992648861331976,1.7765176053585294e-15
112,fixed_band,32,2,2,2,15,20261019,0.1,8,0.9999999999999996,185.15323151233818,0.4320673519110144,0.0002698404167583538,0.0002700420949443841,0.9992531601931477,5.001739133823327e-15
112,fixed_band,32,2,2,2,15,20261019,1.0,1,0.9999999999999996,185.15323151233818,0.4320673519110144,0.20541047430383558,0.2160336759555072,0.9508261774249515,5.6726196182288875e-16
112,fixed_band,32,2,2,2,15,20261019,1.0,2,0.9999999999999996,185.15323151233818,0.4320673519110144,0.10077099239039011,0.1080168379777536,0.9329192955189468,1.3487599214979012e-15
112,fixed_band,32,2,2,2,15,20261019,1.0,4,0.9999999999999996,185.15323151233818,0.4320673519110144,0.0501471122745711,0.0540084189888768,0.9285054666180665,2.2414733576930566e-15
112,fixed_band,32,2,2,2,15,20261019,1.0,8,0.9999999999999996,185.15323151233818,0.4320673519110144,0.025043870154906268,0.0270042094944384,0.9274061571794623,5.406020425609221e-15
113,fixed_band,32,2,2,2,16,20261020,0.1,1,1.0000000000000013,3810.339037134844,0.45108073463993725,0.002254148794036159,0.0022554036731996865,0.9994436121664432,4.448678079168413e-16
113,fixed_band,32,2,2,2,16,20261020,0.1,2,1.0000000000000013,3810.339037134844,0.45108073463993725,0.0011268391964443698,0.0011277018365998433,0.9992350458893687,8.89240875791947e-16
113,fixed_band,32,2,2,2,16,20261020,0.1,4,1.0000000000000013,3810.339037134844,0.45108073463993725,0.0005633902082327285,0.0005638509182999216,0.9991829222011693,1.88984163600105e-15
113,fixed_band,32,2,2,2,16,20261020,0.1,8,1.0000000000000013,3810.339037134844,0.45108073463993725,0.00028169143068269706,0.0002819254591499608,0.9991698923964889,4.77915594471916e-15
113,fixed_band,32,2,2,2,16,20261020,1.0,1,1.0000000000000013,3810.339037134844,0.45108073463993725,0.21332777774503547,0.22554036731996863,0.9458518680267668,4.952226739009232e-16
113,fixed_band,32,2,2,2,16,20261020,1.0,2,1.0000000000000013,3810.339037134844,0.45108073463993725,0.10446208354512382,0.11277018365998431,0.9263271562994841,1.110564812186509e-15
113,fixed_band,32,2,2,2,16,20261020,1.0,4,1.0000000000000013,3810.339037134844,0.45108073463993725,0.05196486731422806,0.05638509182999216,0.9216065032031586,2.2491624717706346e-15
113,fixed_band,32,2,2,2,16,20261020,1.0,8,1.0000000000000013,3810.339037134844,0.45108073463993725,0.02594943479825951,0.02819254591499608,0.9204360215107987,5.1755509466716216e-15
114,fixed_band,32,2,2,2,17,20261021,0.1,1,1.0000000000000002,38.39489496751674,0.45755450583747154,0.0022870040707177785,0.002287772529187358,0.9996641018895998,4.445141750145283e-16
114,fixed_band,32,2,2,2,17,20261021,0.1,2,1.0000000000000002,38.39489496751674,0.45755450583747154,0.001143358114411105,0.001143886264593679,0.9995382843566519,8.891810227311587e-16
114,fixed_band,32,2,2,2,17,20261021,0.1,4,1.0000000000000002,38.39489496751674,0.45755450583747154,0.0005716610666271176,0.0005719431322968395,0.9995068291692056,2.1097386934916807e-15
114,fixed_band,32,2,2,2,17,20261021,0.1,8,1.0000000000000002,38.39489496751674,0.45755450583747154,0.00028582828447676887,0.00028597156614841975,0.9994989653216904,4.996656604798621e-15
114,fixed_band,32,2,2,2,17,20261021,1.0,1,1.0000000000000002,38.39489496751674,0.45755450583747154,0.22095935752964718,0.22877725291873577,0.965827479396015,5.723455820487123e-16
114,fixed_band,32,2,2,2,17,20261021,1.0,2,1.0000000000000002,38.39489496751674,0.45755450583747154,0.10916644248313559,0.11438862645936788,0.954346999890874,1.4500581523540626e-15
114,fixed_band,32,2,2,2,17,20261021,1.0,4,1.0000000000000002,38.39489496751674,0.45755450583747154,0.05441804252443751,0.05719431322968394,0.9514589729559766,2.0838813336352446e-15
114,fixed_band,32,2,2,2,17,20261021,1.0,8,1.0000000000000002,38.39489496751674,0.45755450583747154,0.027188349907372015,0.02859715661484197,0.9507361264462642,5.079818027610573e-15
115,fixed_band,32,2,2,2,18,20261022,0.1,1,1.0000000000000002,189.39285955428244,0.4613733813599328,0.0023058300006007205,0.0023068669067996643,0.9995505132108456,4.477588112565434e-16
115,fixed_band,32,2,2,2,18,20261022,0.1,2,1.0000000000000002,189.39285955428244,0.4613733813599328,0.0011527207247635075,0.0011534334533998322,0.9993820808350722,8.890795653279675e-16
115,fixed_band,32,2,2,2,18,20261022,0.1,4,1.0000000000000002,189.39285955428244,0.4613733813599328,0.0005763360869100684,0.0005767167266999161,0.9993399882954224,2.5561415107158474e-15
115,fixed_band,32,2,2,2,18,20261022,0.1,8,1.0000000000000002,189.39285955428244,0.4613733813599328,0.00028816500930252625,0.00028835836334995804,0.9993294661365617,6.336135740726966e-15
115,fixed_band,32,2,2,2,18,20261022,1.0,1,1.0000000000000002,189.39285955428244,0.4613733813599328,0.22048808687864285,0.2306866906799664,0.9557902375240531,6.459053364432057e-16
115,fixed_band,32,2,2,2,18,20261022,1.0,2,1.0000000000000002,189.39285955428244,0.4613733813599328,0.10846961405951039,0.1153433453399832,0.9404063471523912,1.3693688115160751e-15
115,fixed_band,32,2,2,2,18,20261022,1.0,4,1.0000000000000002,189.39285955428244,0.4613733813599328,0.054020968918755054,0.0576716726699916,0.936698493693315,2.2290739063626513e-15
115,fixed_band,32,2,2,2,18,20261022,1.0,8,1.0000000000000002,189.39285955428244,0.4613733813599328,0.02698399203173409,0.0288358363349958,0.9357797609284434,4.363385796986155e-15
116,fixed_band,32,2,2,2,19,20261023,0.1,1,0.9999999999999993,35.71587305171917,0.43154220848517655,0.0021565891984558806,0.002157711042425883,0.9994800768277381,6.66512588175125e-16
116,fixed_band,32,2,2,2,19,20261023,0.1,2,0.9999999999999993,35.71587305171917,0.43154220848517655,0.0010780843111145564,0.0010788555212129416,0.9992851590567771,1.3323477117422293e-15
116,fixed_band,32,2,2,2,19,20261023,0.1,4,0.9999999999999993,35.71587305171917,0.43154220848517655,0.0005390158762340921,0.0005394277606064708,0.9992364420178976,2.8905521042861054e-15
116,fixed_band,32,2,2,2,19,20261023,0.1,8,0.9999999999999993,35.71587305171917,0.43154220848517655,0.0002695046534109381,0.0002697138803032354,0.9992242635341493,4.45141698999253e-15
116,fixed_band,32,2,2,2,19,20261023,1.0,1,0.9999999999999993,35.71587305171917,0.43154220848517655,0.20486070551347993,0.21577110424258827,0.9494353112414814,6.227398685657838e-16
116,fixed_band,32,2,2,2,19,20261023,1.0,2,0.9999999999999993,35.71587305171917,0.43154220848517655,0.10044331701687806,0.10788555212129414,0.9310173145700836,1.3047552568403774e-15
116,fixed_band,32,2,2,2,19,20261023,1.0,4,0.9999999999999993,35.71587305171917,0.43154220848517655,0.04997958388418594,0.05394277606064707,0.9265296956166036,2.222640880162549e-15
116,fixed_band,32,2,2,2,19,20261023,1.0,8,0.9999999999999993,35.71587305171917,0.43154220848517655,0.024959731541368286,0.026971388030323534,0.9254151663720988,4.269822460056444e-15
117,fixed_band,32,2,2,2,20,20261024,0.1,1,1.0000000000000004,172.48764849552217,0.44791204121767125,0.0022383608151050833,0.0022395602060883567,0.9994644524491849,4.451483305141417e-16
117,fixed_band,32,2,2,2,20,20261024,0.1,2,1.0000000000000004,172.48764849552217,0.44791204121767125,0.0011189556364164083,0.0011197801030441783,0.9992637245245485,9.997856390725972e-16
117,fixed_band,32,2,2,2,20,20261024,0.1,4,1.0000000000000004,172.48764849552217,0.44791204121767125,0.0005594497322853919,0.0005598900515220892,0.9992135612420684,2.2225815646993616e-15
117,fixed_band,32,2,2,2,20,20261024,0.1,8,1.0000000000000004,172.48764849552217,0.44791204121767125,0.0002797213557296494,0.0002799450257610446,0.9992010215906243,4.889835165817262e-15
117,fixed_band,32,2,2,2,20,20261024,1.0,1,1.0000000000000004,172.48764849552217,0.44791204121767125,0.21227382933109334,0.22395602060883563,0.9478371188861828,6.784979601834521e-16
117,fixed_band,32,2,2,2,20,20261024,1.0,2,1.0000000000000004,172.48764849552217,0.44791204121767125,0.10405967079649105,0.11197801030441781,0.9292866564926421,1.33743102775235e-15
117,fixed_band,32,2,2,2,20,20261024,1.0,4,1.0000000000000004,172.48764849552217,0.44791204121767125,0.051779577794326806,0.05598900515220891,0.9248168931303823,2.2498186751159726e-15
117,fixed_band,32,2,2,2,20,20261024,1.0,8,1.0000000000000004,172.48764849552217,0.44791204121767125,0.025858789601022607,0.027994502576104453,0.9237095580006894,3.592347642050827e-15
118,fixed_band,32,2,2,2,21,20261025,0.1,1,1.0000000000000002,4068.7225093594734,0.44346288903438136,0.0022161773123159337,0.0022173144451719073,0.9994871576025449,5.55866340586174e-16
118,fixed_band,32,2,2,2,21,20261025,0.1,2,1.0000000000000002,4068.7225093594734,0.44346288903438136,0.0011078755228467747,0.0011086572225859537,0.9992949130504416,1.6672934383275333e-15
118,fixed_band,32,2,2,2,21,20261025,0.1,4,1.0000000000000002,4068.7225093594734,0.44346288903438136,0.0005539111271591574,0.0005543286112929768,0.9992468652613011,1.6660827374128776e-15
118,fixed_band,32,2,2,2,21,20261025,0.1,8,1.0000000000000002,4068.7225093594734,0.44346288903438136,0.00027695223452811905,0.0002771643056464884,0.99923485414951,6.4434937410973405e-15
118,fixed_band,32,2,2,2,21,20261025,1.0,1,1.0000000000000002,4068.7225093594734,0.44346288903438136,0.21063101855042937,0.22173144451719068,0.9499375201792785,4.895331356598224e-16
118,fixed_band,32,2,2,2,21,20261025,1.0,2,1.0000000000000002,4068.7225093594734,0.44346288903438136,0.10331091720055537,0.11086572225859534,0.9318562590480552,1.2200150171045065e-15
118,fixed_band,32,2,2,2,21,20261025,1.0,4,1.0000000000000002,4068.7225093594734,0.44346288903438136,0.051411757400713624,0.05543286112929767,0.9274599281605764,2.5325287509273316e-15
118,fixed_band,32,2,2,2,21,20261025,1.0,8,1.0000000000000002,4068.7225093594734,0.44346288903438136,0.025675631652752082,0.027716430564648835,0.926368624302593,4.3487666073954926e-15
119,fixed_band,32,2,2,2,22,20261026,0.1,1,1.000000000000001,83.75405687387206,0.47638358357659844,0.002380887165527301,0.0023819179178829926,0.9995672594979227,6.66463343638909e-16
119,fixed_band,32,2,2,2,22,20261026,0.1,2,1.000000000000001,83.75405687387206,0.47638358357659844,0.0011902506205174644,0.0011909589589414963,0.9994052369154168,1.3341980983210995e-15
119,fixed_band,32,2,2,2,22,20261026,0.1,4,1.000000000000001,83.75405687387206,0.47638358357659844,0.0005951012014789391,0.0005954794794707481,0.999364750583605,1.7815600636167865e-15
119,fixed_band,32,2,2,2,22,20261026,0.1,8,1.000000000000001,83.75405687387206,0.47638358357659844,0.00029754758750108256,0.0002977397397353741,0.9993546302066957,4.225300633027331e-15
119,fixed_band,32,2,2,2,22,20261026,1.0,1,1.000000000000001,83.75405687387206,0.47638358357659844,0.22839405428352189,0.23819179178829922,0.9588661832919693,7.469420834784555e-16
119,fixed_band,32,2,2,2,22,20261026,1.0,2,1.000000000000001,83.75405687387206,0.47638358357659844,0.11266542423775992,0.11909589589414961,0.9460059340575012,1.8702087043421144e-15
119,fixed_band,32,2,2,2,22,20261026,1.0,4,1.000000000000001,83.75405687387206,0.47638358357659844,0.05614931059094864,0.059547947947074804,0.9429260373649346,2.121690190715526e-15
119,fixed_band,32,2,2,2,22,20261026,1.0,8,1.000000000000001,83.75405687387206,0.47638358357659844,0.02805194941045788,0.029773973973537402,0.9421634288855754,5.4301205070474016e-15
120,fixed_band,32,2,2,2,23,20261027,0.1,1,0.9999999999999997,94.21033367572205,0.4473902907746333,0.0022360322209567865,0.002236951453873167,0.9995890689023273,5.552745295286757e-16
120,fixed_band,32,2,2,2,23,20261027,0.1,2,0.9999999999999997,94.21033367572205,0.4473902907746333,0.0011178438679821426,0.0011184757269365835,0.9994350713750656,7.783080718774819e-16
120,fixed_band,32,2,2,2,23,20261027,0.1,4,0.9999999999999997,94.21033367572205,0.4473902907746333,0.000558900404029919,0.0005592378634682917,0.9993965726206736,2.8890386370407705e-15
120,fixed_band,32,2,2,2,23,20261027,0.1,8,0.9999999999999997,94.21033367572205,0.4473902907746333,0.00027944751078085256,0.00027961893173414587,0.9993869479715476,4.108826944875259e-15
120,fixed_band,32,2,2,2,23,20261027,1.0,1,0.9999999999999997,94.21033367572205,0.4473902907746333,0.21450388033391277,0.22369514538731666,0.9589116471996311,5.48673300310276e-16
120,fixed_band,32,2,2,2,23,20261027,1.0,2,0.9999999999999997,94.21033367572205,0.4473902907746333,0.10563255952654979,0.11184757269365833,0.9444331869040111,1.2678792792980064e-15
120,fixed_band,32,2,2,2,23,20261027,1.0,4,0.9999999999999997,94.21033367572205,0.4473902907746333,0.05261374145599336,0.055923786346829166,0.9408115024560836,2.112410100737044e-15
120,fixed_band,32,2,2,2,23,20261027,1.0,8,0.9999999999999997,94.21033367572205,0.4473902907746333,0.0262815607343064,0.027961893173414583,0.9399063422248606,4.552775320469637e-15
121,fixed_band,32,4,2,4,0,20261028,0.1,1,0.9999999999999997,1906.528595051227,0.7547099082036504,0.002037297462676057,0.0037735495410182525,0.5398888872481356,6.716381216205303e-16
121,fixed_band,32,4,2,4,0,20261028,0.1,2,0.9999999999999997,1906.528595051227,0.7547099082036504,0.0010185059646521087,0.0018867747705091263,0.5398132201954744,1.7785408888945816e-15
121,fixed_band,32,4,2,4,0,20261028,0.1,4,0.9999999999999997,1906.528595051227,0.7547099082036504,0.0005092351348968506,0.0009433873852545631,0.5397943017432216,2.889047132930085e-15
121,fixed_band,32,4,2,4,0,20261028,0.1,8,0.9999999999999997,1906.528595051227,0.7547099082036504,0.00025461533646971334,0.00047169369262728156,0.5397895720240272,7.777336916673054e-15
121,fixed_band,32,4,2,4,0,20261028,1.0,1,0.9999999999999997,1906.528595051227,0.7547099082036504,0.19790432026445584,0.3773549541018252,0.5244513636650269,9.343385116319187e-16
121,fixed_band,32,4,2,4,0,20261028,1.0,2,0.9999999999999997,1906.528595051227,0.7547099082036504,0.09766662667163542,0.1886774770509126,0.5176379724713042,1.944975946250803e-15
121,fixed_band,32,4,2,4,0,20261028,1.0,4,0.9999999999999997,1906.528595051227,0.7547099082036504,0.048670684873114635,0.0943387385254563,0.5159140946111058,3.8165692546910684e-15
121,fixed_band,32,4,2,4,0,20261028,1.0,8,0.9999999999999997,1906.528595051227,0.7547099082036504,0.024314951504656127,0.04716936926272815,0.5154818028035216,6.5004683659369695e-15
122,fixed_band,32,4,2,4,1,20261029,0.1,1,1.000000000000001,216.68495547295203,0.7033358867342089,0.0017491571681098289,0.0035166794336710452,0.497388858183156,6.675264603196323e-16
122,fixed_band,32,4,2,4,1,20261029,0.1,2,1.000000000000001,216.68495547295203,0.7033358867342089,0.0008745543724109088,0.0017583397168355226,0.4973750885777869,1.5581353093137087e-15
122,fixed_band,32,4,2,4,1,20261029,0.1,4,1.000000000000001,216.68495547295203,0.7033358867342089,0.00043727416027573797,0.0008791698584177613,0.4973716467744909,3.554410872264834e-15
122,fixed_band,32,4,2,4,1,20261029,0.1,8,1.000000000000001,216.68495547295203,0.7033358867342089,0.00021863670191391853,0.00043958492920888066,0.4973707863629406,4.9967252964708086e-15
122,fixed_band,32,4,2,4,1,20261029,1.0,1,1.000000000000001,216.68495547295203,0.7033358867342089,0.17079518683007144,0.35166794336710444,0.4856717538561062,9.076855417156484e-16
122,fixed_band,32,4,2,4,1,20261029,1.0,2,1.000000000000001,216.68495547295203,0.7033358867342089,0.08522220727369714,0.17583397168355222,0.48467430074929574,1.877254708646951e-15
122,fixed_band,32,4,2,4,1,20261029,1.0,4,1.000000000000001,216.68495547295203,0.7033358867342089,0.04258968022983451,0.08791698584177611,0.48443062307075685,2.6682477880210753e-15
122,fixed_band,32,4,2,4,1,20261029,1.0,8,1.000000000000001,216.68495547295203,0.7033358867342089,0.02129217493610649,0.043958492920888055,0.4843699936307176,5.0322802205526836e-15
123,fixed_band,32,4,2,4,2,20261030,0.1,1,1.0000000000000007,604.9123146385454,0.775208420339824,0.0021263705384618045,0.0038760421016991206,0.5485932512264711,9.9977655077229e-16
123,fixed_band,32,4,2,4,2,20261030,0.1,2,1.0000000000000007,604.9123146385454,0.775208420339824,0.001063095336484039,0.0019380210508495603,0.5485468468043809,2.0022398664485032e-15
123,fixed_band,32,4,2,4,2,20261030,0.1,4,1.0000000000000007,604.9123146385454,0.775208420339824,0.0005315364326000397,0.0009690105254247801,0.5485352518405646,4.002274616092735e-15
123,fixed_band,32,4,2,4,2,20261030,0.1,8,1.0000000000000007,604.9123146385454,0.775208420339824,0.0002657668120309982,0.0004845052627123901,0.5485323534839734,6.9006099003606135e-15
123,fixed_band,32,4,2,4,2,20261030,1.0,1,1.0000000000000007,604.9123146385454,0.775208420339824,0.20587978007372038,0.387604210169912,0.5311598137271779,9.141836807020447e-16
123,fixed_band,32,4,2,4,2,20261030,1.0,2,1.0000000000000007,604.9123146385454,0.775208420339824,0.1021910445092593,0.193802105084956,0.5272958436878813,1.4081566009953032e-15
123,fixed_band,32,4,2,4,2,20261030,1.0,4,1.0000000000000007,604.9123146385454,0.775208420339824,0.05100702232510349,0.096901052542478,0.5263825416420922,3.797295768688594e-15
123,fixed_band,32,4,2,4,2,20261030,1.0,8,1.0000000000000007,604.9123146385454,0.775208420339824,0.02549259646086198,0.048450526271239,0.5261572664484099,6.770196479351529e-15
124,fixed_band,32,4,2,4,3,20261031,0.1,1,1.0000000000000009,80.45520736686721,0.9914508170125622,0.0025727838175274758,0.004957254085062812,0.5189937359232367,1.3333610941805408e-15
124,fixed_band,32,4,2,4,3,20261031,0.1,2,1.0000000000000009,80.45520736686721,0.9914508170125622,0.001286196739649332,0.002478627042531406,0.518914995107835,1.777584040759498e-15
124,fixed_band,32,4,2,4,3,20261031,0.1,4,1.0000000000000009,80.45520736686721,0.9914508170125622,0.0006430739872726495,0.001239313521265703,0.5188953208675413,3.337965585259458e-15
124,fixed_band,32,4,2,4,3,20261031,0.1,8,1.0000000000000009,80.45520736686721,0.9914508170125622,0.00032153394624300164,0.0006196567606328515,0.5188904029944272,6.226660248067651e-15
124,fixed_band,32,4,2,4,3,20261031,1.0,1,1.0000000000000009,80.45520736686721,0.9914508170125622,0.24526368836692447,0.4957254085062811,0.4947571461102883,9.110107623687732e-16
124,fixed_band,32,4,2,4,3,20261031,1.0,2,1.0000000000000009,80.45520736686721,0.9914508170125622,0.12095239291735489,0.24786270425314055,0.48798141407279655,1.2249444562627647e-15
124,fixed_band,32,4,2,4,3,20261031,1.0,4,1.0000000000000009,80.45520736686721,0.9914508170125622,0.06027911557776338,0.12393135212657028,0.4863911717528968,4.9263079531630756e-15
124,fixed_band,32,4,2,4,3,20261031,1.0,8,1.0000000000000009,80.45520736686721,0.9914508170125622,0.030115313629435887,0.06196567606328514,0.48599992032168443,6.490142148367244e-15
125,fixed_band,32,4,2,4,4,20261032,0.1,1,1.0000000000000002,105.9471575088212,0.8517636756585357,0.001908989926900665,0.0042588183782926795,0.4482440332818234,7.779634987000684e-16
125,fixed_band,32,4,2,4,4,20261032,0.1,2,1.0000000000000002,105.9471575088212,0.8517636756585357,0.0009546577185690123,0.0021294091891463397,0.4483204653360802,2.2222789739700286e-15
125,fixed_band,32,4,2,4,4,20261032,0.1,4,1.0000000000000002,105.9471575088212,0.8517636756585357,0.0004773492164731444,0.0010647045945731699,0.4483395853706344,2.7762782318375506e-15
125,fixed_band,32,4,2,4,4,20261032,0.1,8,1.0000000000000002,105.9471575088212,0.8517636756585357,0.00023867715328568364,0.0005323522972865849,0.4483443661316538,5.995862975170263e-15
125,fixed_band,32,4,2,4,4,20261032,1.0,1,1.0000000000000002,105.9471575088212,0.8517636756585357,0.18561789348966554,0.42588183782926786,0.4358436472326816,6.940784722705213e-16
125,fixed_band,32,4,2,4,4,20261032,1.0,2,1.0000000000000002,105.9471575088212,0.8517636756585357,0.09441603098037864,0.21294091891463393,0.44339073702518,1.91870449458584e-15
125,fixed_band,32,4,2,4,4,20261032,1.0,4,1.0000000000000002,105.9471575088212,0.8517636756585357,0.04742144336154298,0.10647045945731697,0.44539531061715576,2.9208003481610382e-15
125,fixed_band,32,4,2,4,4,20261032,1.0,8,1.0000000000000002,105.9471575088212,0.8517636756585357,0.023737813105817948,0.05323522972865848,0.4459042109296846,7.507192260999914e-15
126,fixed_band,32,4,2,4,5,20261033,0.1,1,1.0000000000000002,56.88202306254241,0.625271548502146,0.0015403498854068933,0.00312635774251073,0.4926978971286446,6.666092934202441e-16
126,fixed_band,32,4,2,4,5,20261033,0.1,2,1.0000000000000002,56.88202306254241,0.625271548502146,0.0007701261196686023,0.001563178871255365,0.49266666395645803,1.3356501713704065e-15
126,fixed_band,32,4,2,4,5,20261033,0.1,4,1.0000000000000002,56.88202306254241,0.625271548502146,0.0003850569595064963,0.0007815894356276825,0.49265885892797784,3.775021135800706e-15
126,fixed_band,32,4,2,4,5,20261033,0.1,8,1.0000000000000002,56.88202306254241,0.625271548502146,0.00019252771729156852,0.00039079471781384127,0.49265690787376737,7.106575593977142e-15
126,fixed_band,32,4,2,4,5,20261033,1.0,1,1.0000000000000002,56.88202306254241,0.625271548502146,0.14944620304234116,0.312635774251073,0.47802016068168585,8.621768815960001e-16
126,fixed_band,32,4,2,4,5,20261033,1.0,2,1.0000000000000002,56.88202306254241,0.625271548502146,0.07428779751109518,0.1563178871255365,0.47523542492252213,1.5085797864045112e-15
126,fixed_band,32,4,2,4,5,20261033,1.0,4,1.0000000000000002,56.88202306254241,0.625271548502146,0.03709183434770965,0.07815894356276824,0.4745692899229347,2.8999958788509158e-15
126,fixed_band,32,4,2,4,5,20261033,1.0,8,1.0000000000000002,56.88202306254241,0.625271548502146,0.018539478774755983,0.03907947178138412,0.4744045384868134,9.951401535090394e-15
127,fixed_band,32,4,2,4,6,20261034,0.1,1,1.0000000000000004,2309.229069094475,0.8414002494441221,0.0024187844306829136,0.004207001247220611,0.5749426464470156,8.91094319337082e-16
127,fixed_band,32,4,2,4,6,20261034,0.1,2,1.0000000000000004,2309.229069094475,0.8414002494441221,0.0012091304635548465,0.0021035006236103057,0.5748182101698535,1.6675319620364773e-15
127,fixed_band,32,4,2,4,6,20261034,0.1,4,1.0000000000000004,2309.229069094475,0.8414002494441221,0.000604532522130104,0.0010517503118051528,0.5747871099676932,3.2240578270951213e-15
127,fixed_band,32,4,2,4,6,20261034,0.1,8,1.0000000000000004,2309.229069094475,0.8414002494441221,0.0003022621726512907,0.0005258751559025764,0.5747793354727101,5.441929210141799e-15
127,fixed_band,32,4,2,4,6,20261034,1.0,1,1.0000000000000004,2309.229069094475,0.8414002494441221,0.23041146833697004,0.42070012472206103,0.5476857618932089,8.06041316091365e-16
127,fixed_band,32,4,2,4,6,20261034,1.0,2,1.0000000000000004,2309.229069094475,0.8414002494441221,0.11286027513730297,0.21035006236103052,0.5365354964506608,2.223225430467481e-15
127,fixed_band,32,4,2,4,6,20261034,1.0,4,1.0000000000000004,2309.229069094475,0.8414002494441221,0.056145181493579874,0.10517503118051526,0.5338261454585748,2.71532641114119e-15
127,fixed_band,32,4,2,4,6,20261034,1.0,8,1.0000000000000004,2309.229069094475,0.8414002494441221,0.02803724133952811,0.05258751559025763,0.5331539439509535,7.144840987224858e-15
128,fixed_band,32,4,2,4,7,20261035,0.1,1,1.0000000000000004,1033.3793786954536,0.7001021643078393,0.001963373205651175,0.0035005108215391974,0.560881912882608,8.913191939576858e-16
128,fixed_band,32,4,2,4,7,20261035,0.1,2,1.0000000000000004,1033.3793786954536,0.7001021643078393,0.0009815153749440774,0.0017502554107695987,0.5607840826571127,1.5545192570060173e-15
128,fixed_band,32,4,2,4,7,20261035,0.1,4,1.0000000000000004,1033.3793786954536,0.7001021643078393,0.0004907362800014484,0.0008751277053847994,0.560759620546659,3.3326593728225527e-15
128,fixed_band,32,4,2,4,7,20261035,0.1,8,1.0000000000000004,1033.3793786954536,0.7001021643078393,0.0002453654639431072,0.0004375638526923997,0.5607535047361308,6.441374845268944e-15
128,fixed_band,32,4,2,4,7,20261035,1.0,1,1.0000000000000004,1033.3793786954536,0.7001021643078393,0.18973154830188518,0.35005108215391967,0.5420110320312023,9.681445435123953e-16
128,fixed_band,32,4,2,4,7,20261035,1.0,2,1.0000000000000004,1033.3793786954536,0.7001021643078393,0.0932751940247138,0.17502554107695983,0.5329233290797263,1.7189542731194355e-15
128,fixed_band,32,4,2,4,7,20261035,1.0,4,1.0000000000000004,1033.3793786954536,0.7001021643078393,0.04643428825478508,0.08751277053847992,0.5306001394889861,4.077494051049393e-15
128,fixed_band,32,4,2,4,7,20261035,1.0,8,1.0000000000000004,1033.3793786954536,0.7001021643078393,0.023191587025288965,0.04375638526923996,0.5300160624006637,6.297674932042559e-15
129,fixed_band,32,4,2,4,8,20261036,0.1,1,0.9999999999999997,360.2074495254575,0.6074365005688149,0.0014590111573124372,0.0030371825028440752,0.48038310373057647,8.911964983909742e-16
129,fixed_band,32,4,2,4,8,20261036,0.1,2,0.9999999999999997,360.2074495254575,0.6074365005688149,0.0007294330797391037,0.0015185912514220376,0.48033536282791617,1.780853081509413e-15
129,fixed_band,32,4,2,4,8,20261036,0.1,4,0.9999999999999997,360.2074495254575,0.6074365005688149,0.00036470748152626464,0.0007592956257110188,0.48032343289841245,2.8865951107160397e-15
129,fixed_band,32,4,2,4,8,20261036,0.1,8,0.9999999999999997,360.2074495254575,0.6074365005688149,0.00018235260859609883,0.0003796478128555094,0.48032045074760016,4.777847111170929e-15
129,fixed_band,32,4,2,4,8,20261036,1.0,1,0.9999999999999997,360.2074495254575,0.6074365005688149,0.13892044787937866,0.30371825028440746,0.4573990787491069,8.984953893801205e-16
129,fixed_band,32,4,2,4,8,20261036,1.0,2,0.9999999999999997,360.2074495254575,0.6074365005688149,0.06878789857901806,0.15185912514220373,0.45297178233184066,1.6206901312514546e-15
129,fixed_band,32,4,2,4,8,20261036,1.0,4,0.9999999999999997,360.2074495254575,0.6074365005688149,0.03431363865981953,0.07592956257110187,0.4519140832358622,3.4447525784047794e-15
129,fixed_band,32,4,2,4,8,20261036,1.0,8,0.9999999999999997,360.2074495254575,0.6074365005688149,0.017146889536052243,0.03796478128555093,0.4516525304619152,6.2743350505030915e-15
130,fixed_band,32,4,2,4,9,20261037,0.1,1,0.9999999999999998,80.29687573805784,0.8511165488685604,0.002175954437229947,0.004255582744342803,0.5113176192197347,8.882695716739759e-16
130,fixed_band,32,4,2,4,9,20261037,0.1,2,0.9999999999999998,80.29687573805784,0.8511165488685604,0.0010879759519444247,0.0021277913721714013,0.5113170239214525,1.3328497151072076e-15
130,fixed_band,32,4,2,4,9,20261037,0.1,4,0.9999999999999998,80.29687573805784,0.8511165488685604,0.0005439878139829437,0.0010638956860857007,0.5113168716609717,3.113326194432293e-15
130,fixed_band,32,4,2,4,9,20261037,0.1,8,0.9999999999999998,80.29687573805784,0.8511165488685604,0.00027199388662984853,0.0005319478430428503,0.511316833383491,5.556536376704603e-15
130,fixed_band,32,4,2,4,9,20261037,1.0,1,0.9999999999999998,80.29687573805784,0.8511165488685604,0.2118154849851225,0.4255582744342802,0.4977355575254679,9.173478024705108e-16
130,fixed_band,32,4,2,4,9,20261037,1.0,2,0.9999999999999998,80.29687573805784,0.8511165488685604,0.10600622488822198,0.2127791372171401,0.49819839611457367,1.4997207315058204e-15
130,fixed_band,32,4,2,4,9,20261037,1.0,4,0.9999999999999998,80.29687573805784,0.8511165488685604,0.05301195746232545,0.10638956860857005,0.49828153413581144,3.133411766892086e-15
130,fixed_band,32,4,2,4,9,20261037,1.0,8,0.9999999999999998,80.29687573805784,0.8511165488685604,0.02650697751653905,0.05319478430428502,0.4983003101378084,6.478908065124135e-15
131,fixed_band,32,4,2,4,10,20261038,0.1,1,1.0000000000000004,510.9216367928448,0.803467985141218,0.0018996238173707859,0.004017339925706091,0.4728561317939523,8.890433133997747e-16
131,fixed_band,32,4,2,4,10,20261038,0.1,2,1.0000000000000004,510.9216367928448,0.803467985141218,0.0009497320496409852,0.0020086699628530454,0.47281637461836623,2.111157770654395e-15
131,fixed_band,32,4,2,4,10,20261038,0.1,4,1.0000000000000004,510.9216367928448,0.803467985141218,0.0004748560433423528,0.0010043349814265227,0.47280643622298574,3.554939522905965e-15
131,fixed_band,32,4,2,4,10,20261038,0.1,8,1.0000000000000004,510.9216367928448,0.803467985141218,0.00023742677401586578,0.0005021674907132613,0.4728039516828001,9.106547012389883e-15
131,fixed_band,32,4,2,4,10,20261038,1.0,1,1.0000000000000004,510.9216367928448,0.803467985141218,0.183105459037555,0.401733992570609,0.4557878158776228,6.875092282340463e-16
131,fixed_band,32,4,2,4,10,20261038,1.0,2,1.0000000000000004,510.9216367928448,0.803467985141218,0.09086379850482115,0.2008669962853045,0.4523580288708125,1.446766237902053e-15
131,fixed_band,32,4,2,4,10,20261038,1.0,4,1.0000000000000004,510.9216367928448,0.803467985141218,0.04534651866475099,0.10043349814265225,0.4515079082513125,3.843376001910313e-15
131,fixed_band,32,4,2,4,10,20261038,1.0,8,1.0000000000000004,510.9216367928448,0.803467985141218,0.022662613558918816,0.050216749071326124,0.45129591178293177,7.801089182662478e-15
132,fixed_band,32,4,2,4,11,20261039,0.1,1,1.0000000000000004,465.2747324525836,0.6701557608613247,0.0018593711741861315,0.003350778804306624,0.5549071671924016,8.899053093119811e-16
132,fixed_band,32,4,2,4,11,20261039,0.1,2,1.0000000000000004,465.2747324525836,0.6701557608613247,0.0009298483620012644,0.001675389402153312,0.5550043236552451,1.776589015347085e-15
132,fixed_band,32,4,2,4,11,20261039,0.1,4,1.0000000000000004,465.2747324525836,0.6701557608613247,0.0004649445335684997,0.000837694701076656,0.5550286195805284,4.4415535905813044e-15
132,fixed_band,32,4,2,4,11,20261039,0.1,8,1.0000000000000004,465.2747324525836,0.6701557608613247,0.00023247481103435237,0.000418847350538328,0.5550346939894968,8.9089990756161e-15
132,fixed_band,32,4,2,4,11,20261039,1.0,1,1.0000000000000004,465.2747324525836,0.6701557608613247,0.1802346303596435,0.33507788043066233,0.5378887741798863,9.12530210608691e-16
132,fixed_band,32,4,2,4,11,20261039,1.0,2,1.0000000000000004,465.2747324525836,0.6701557608613247,0.09171831818426085,0.16753894021533117,0.5474447795024782,2.1561641249721847e-15
132,fixed_band,32,4,2,4,11,20261039,1.0,4,1.0000000000000004,465.2747324525836,0.6701557608613247,0.046064896505595525,0.08376947010766558,0.5499007746663568,2.7889379564785126e-15
132,fixed_band,32,4,2,4,11,20261039,1.0,8,1.0000000000000004,465.2747324525836,0.6701557608613247,0.023058347971016135,0.04188473505383279,0.5505191316449812,6.3124130771213036e-15
133,fixed_band,32,4,2,4,12,20261040,0.1,1,1.0000000000000002,1251.2869155440271,0.6646099671479964,0.0016182735644733061,0.0033230498357399827,0.48698444033805655,8.887592061296626e-16
133,fixed_band,32,4,2,4,12,20261040,0.1,2,1.0000000000000002,1251.2869155440271,0.6646099671479964,0.0008090618622477419,0.0016615249178699913,0.48693934923643933,1.6654004230717259e-15
133,fixed_band,32,4,2,4,12,20261040,0.1,4,1.0000000000000002,1251.2869155440271,0.6646099671479964,0.0004045215654926215,0.0008307624589349957,0.48692807569952307,3.221548546714188e-15
133,fixed_band,32,4,2,4,12,20261040,0.1,8,1.0000000000000002,1251.2869155440271,0.6646099671479964,0.00020225961202304963,0.00041538122946749783,0.4869252572686984,7.330964117084064e-15
133,fixed_band,32,4,2,4,12,20261040,1.0,1,1.0000000000000002,1251.2869155440271,0.6646099671479964,0.15800226692271843,0.3323049835739982,0.47547366044100947,8.035265151074202e-16
133,fixed_band,32,4,2,4,12,20261040,1.0,2,1.0000000000000002,1251.2869155440271,0.6646099671479964,0.07832224556512844,0.1661524917869991,0.47138772775995713,1.339548785740875e-15
133,fixed_band,32,4,2,4,12,20261040,1.0,4,1.0000000000000002,1251.2869155440271,0.6646099671479964,0.03907547994020403,0.08307624589349955,0.47035683329139893,3.0364453379117187e-15
133,fixed_band,32,4,2,4,12,20261040,1.0,8,1.0000000000000002,1251.2869155440271,0.6646099671479964,0.019527011922429057,0.04153812294674977,0.470098563371819,6.993059271432222e-15
134,fixed_band,32,4,2,4,13,20261041,0.1,1,0.9999999999999999,157.65516566704363,0.6274051822129162,0.0013613243666912966,0.0031370259110645817,0.43395381653998427,8.892746069532808e-16
134,fixed_band,32,4,2,4,13,20261041,0.1,2,0.9999999999999999,157.65516566704363,0.6274051822129162,0.0006806552328155011,0.0015685129555322909,0.43394938525357213,1.5559470780562877e-15
134,fixed_band,32,4,2,4,13,20261041,0.1,4,0.9999999999999999,157.65516566704363,0.6274051822129162,0.0003403267510086861,0.0007842564777661454,0.4339482817892221,3.5539031040318995e-15
134,fixed_band,32,4,2,4,13,20261041,0.1,8,0.9999999999999999,157.65516566704363,0.6274051822129162,0.00017016326743675745,0.0003921282388830727,0.4339480061967631,6.4405598983513855e-15
134,fixed_band,32,4,2,4,13,20261041,1.0,1,0.9999999999999999,157.65516566704363,0.6274051822129162,0.1326857514872293,0.3137025911064581,0.422966705564128,9.000928341017672e-16
134,fixed_band,32,4,2,4,13,20261041,1.0,2,0.9999999999999999,157.65516566704363,0.6274051822129162,0.06635561705865603,0.15685129555322905,0.4230479373766957,1.830165984380903e-15
134,fixed_band,32,4,2,4,13,20261041,1.0,4,0.9999999999999999,157.65516566704363,0.6274051822129162,0.0331823149459992,0.07842564777661452,0.4231053983833809,3.3440934550318728e-15
134,fixed_band,32,4,2,4,13,20261041,1.0,8,0.9999999999999999,157.65516566704363,0.6274051822129162,0.016591808088612336,0.03921282388830726,0.4231219902925632,7.293656631918099e-15
135,fixed_band,32,4,2,4,14,20261042,0.1,1,0.9999999999999996,9760.437969790766,0.6654397469615972,0.0019125821297277463,0.003327198734807987,0.5748325489905314,7.777350334175242e-16
135,fixed_band,32,4,2,4,14,20261042,0.1,2,0.9999999999999996,9760.437969790766,0.6654397469615972,0.0009561436024585391,0.0016635993674039935,0.5747439084150279,1.778045177376477e-15
135,fixed_band,32,4,2,4,14,20261042,0.1,4,0.9999999999999996,9760.437969790766,0.6654397469615972,0.00047805337095262375,0.0008317996837019967,0.5747217513055616,3.2255853231520966e-15
135,fixed_band,32,4,2,4,14,20261042,0.1,8,0.9999999999999996,9760.437969790766,0.6654397469615972,0.00023902438177165743,0.0004158998418509984,0.5747162122203717,6.222342151050191e-15
135,fixed_band,32,4,2,4,14,20261042,1.0,1,0.9999999999999996,9760.437969790766,0.6654397469615972,0.18422596625565826,0.3327198734807986,0.5536969112435359,1.3396566511509325e-15
135,fixed_band,32,4,2,4,14,20261042,1.0,2,0.9999999999999996,9760.437969790766,0.6654397469615972,0.09072970950849281,0.1663599367403993,0.5453819668738775,2.0498946284632897e-15
135,fixed_band,32,4,2,4,14,20261042,1.0,4,0.9999999999999996,9760.437969790766,0.6654397469615972,0.0451939847795739,0.08317996837019966,0.543327746632869,2.9003680033365683e-15
135,fixed_band,32,4,2,4,14,20261042,1.0,8,0.9999999999999996,9760.437969790766,0.6654397469615972,0.022575697821764957,0.04158998418509983,0.5428157347040542,9.202293307897918e-15
136,fixed_band,32,4,2,4,15,20261043,0.1,1,1.0,731.2198850534364,0.7765462257341733,0.0021098246995733217,0.0038827311286708673,0.5433867629911203,6.677628640625659e-16
136,fixed_band,32,4,2,4,15,20261043,0.1,2,1.0,731.2198850534364,0.7765462257341733,0.0010549261373164573,0.0019413655643354337,0.543393864966168,2.0020947298035765e-15
136,fixed_band,32,4,2,4,15,20261043,0.1,4,1.0,731.2198850534364,0.7765462257341733,0.0005274647901563442,0.0009706827821677168,0.5433956384581339,3.108785443742818e-15
136,fixed_band,32,4,2,4,15,20261043,0.1,8,1.0,731.2198850534364,0.7765462257341733,0.0002637326102052216,0.0004853413910838584,0.5433960817070582,7.111848110546753e-15
136,fixed_band,32,4,2,4,15,20261043,1.0,1,1.0,731.2198850534364,0.7765462257341733,0.20265168549057602,0.38827311286708666,0.5219307718583841,1.2459714062202489e-15
136,fixed_band,32,4,2,4,15,20261043,1.0,2,1.0,731.2198850534364,0.7765462257341733,0.10150531519589086,0.19413655643354333,0.5228552368530245,2.051370941824733e-15
136,fixed_band,32,4,2,4,15,20261043,1.0,4,1.0,731.2198850534364,0.7765462257341733,0.05077293362161618,0.09706827821677166,0.5230641209915221,4.5261902333360386e-15
136,fixed_band,32,4,2,4,15,20261043,1.0,8,1.0,731.2198850534364,0.7765462257341733,0.02538890265244372,0.04853413910838583,0.5231143092029621,7.359961096738272e-15
137,fixed_band,32,4,2,4,16,20261044,0.1,1,1.0000000000000007,555.47004135331,0.9844614664706621,0.001957186624522622,0.0049223073323533114,0.39761568962962507,8.882040496112882e-16
137,fixed_band,32,4,2,4,16,20261044,0.1,2,1.0000000000000007,555.47004135331,0.9844614664706621,0.0009785202715297224,0.0024611536661766557,0.3975860121931479,1.5554823855500297e-15
137,fixed_band,32,4,2,4,16,20261044,0.1,4,1.0000000000000007,555.47004135331,0.9844614664706621,0.000489251003635912,0.0012305768330883279,0.39757859117830047,2.8914658720048683e-15
137,fixed_band,32,4,2,4,16,20261044,0.1,8,1.0000000000000007,555.47004135331,0.9844614664706621,0.0002446243602387519,0.0006152884165441639,0.3975767358220587,5.110614473606845e-15
137,fixed_band,32,4,2,4,16,20261044,1.0,1,1.0000000000000007,555.47004135331,0.9844614664706621,0.19006204424555062,0.49223073323533106,0.38612388746292214,1.0650314129340883e-15
137,fixed_band,32,4,2,4,16,20261044,1.0,2,1.0000000000000007,555.47004135331,0.9844614664706621,0.09439717042640387,0.24611536661766553,0.3835484623479349,1.5919403665894992e-15
137,fixed_band,32,4,2,4,16,20261044,1.0,4,1.0000000000000007,555.47004135331,0.9844614664706621,0.04711743614762428,0.12305768330883277,0.3828890231045192,4.281904837342474e-15
137,fixed_band,32,4,2,4,16,20261044,1.0,8,1.0000000000000007,555.47004135331,0.9844614664706621,0.023548513266731786,0.06152884165441638,0.3827231690626429,6.653441791800829e-15
138,fixed_band,32,4,2,4,17,20261045,0.1,1,1.0000000000000002,2777.988348011837,1.0032774950136267,0.0020688355422325126,0.005016387475068135,0.41241541896729433,1.0017405170923207e-15
138,fixed_band,32,4,2,4,17,20261045,0.1,2,1.0000000000000002,2777.988348011837,1.0032774950136267,0.0010343764254852103,0.0025081937375340674,0.41239893474184264,1.7768327770578845e-15
138,fixed_band,32,4,2,4,17,20261045,0.1,4,1.0000000000000002,2777.988348011837,1.0032774950136267,0.000517183044958486,0.0012540968687670337,0.412394814020192,3.110243423687865e-15
138,fixed_band,32,4,2,4,17,20261045,0.1,8,1.0000000000000002,2777.988348011837,1.0032774950136267,0.00025859087651941895,0.0006270484343835168,0.41239378386081577,5.107537928323097e-15
138,fixed_band,32,4,2,4,17,20261045,1.0,1,1.0000000000000002,2777.988348011837,1.0032774950136267,0.20002241689843592,0.5016387475068134,0.39873797208163064,9.259990348704442e-16
138,fixed_band,32,4,2,4,17,20261045,1.0,2,1.0000000000000002,2777.988348011837,1.0032774950136267,0.09968100364642804,0.2508193737534067,0.39742146770699427,2.019232687728996e-15
138,fixed_band,32,4,2,4,17,20261045,1.0,4,1.0000000000000002,2777.988348011837,1.0032774950136267,0.04979947192804679,0.12540968687670334,0.3970943008334531,3.0946882637740756e-15
138,fixed_band,32,4,2,4,17,20261045,1.0,8,1.0000000000000002,2777.988348011837,1.0032774950136267,0.02489460963275381,0.06270484343835167,0.3970125474793501,6.915663815891687e-15
139,fixed_band,32,4,2,4,18,20261046,0.1,1,1.0,1290.624021540605,0.7273796170872031,0.0018734750960556006,0.0036368980854360163,0.5151299409675363,4.549798290942992e-16
139,fixed_band,32,4,2,4,18,20261046,0.1,2,1.0,1290.624021540605,0.7273796170872031,0.0009366453636566797,0.0018184490427180081,0.5150792470140874,1.443978193951939e-15
139,fixed_band,32,4,2,4,18,20261046,0.1,4,1.0,1290.624021540605,0.7273796170872031,0.0004683111705165554,0.0009092245213590041,0.5150665864318945,3.997401713731116e-15
139,fixed_band,32,4,2,4,18,20261046,0.1,8,1.0,1290.624021540605,0.7273796170872031,0.00023415414671073176,0.00045461226067950204,0.5150634220923676,6.884210047253152e-15
139,fixed_band,32,4,2,4,18,20261046,1.0,1,1.0,1290.624021540605,0.7273796170872031,0.1821440377762175,0.36368980854360156,0.5008224962519973,9.282595315416156e-16
139,fixed_band,32,4,2,4,18,20261046,1.0,2,1.0,1290.624021540605,0.7273796170872031,0.09040238979626682,0.18184490427180078,0.4971400774648255,1.8781577101746386e-15
139,fixed_band,32,4,2,4,18,20261046,1.0,4,1.0,1290.624021540605,0.7273796170872031,0.04512335436201279,0.09092245213590039,0.4962839573944575,3.220887078050433e-15
139,fixed_band,32,4,2,4,18,20261046,1.0,8,1.0,1290.624021540605,0.7273796170872031,0.022552117227381263,0.045461226067950194,0.4960736693214776,9.091899972112725e-15
140,fixed_band,32,4,2,4,19,20261047,0.1,1,1.0000000000000004,267.08863662638004,0.9625768566992938,0.0024684500501227172,0.00481288428349647,0.512883731401378,7.777506563910216e-16
140,fixed_band,32,4,2,4,19,20261047,0.1,2,1.0000000000000004,267.08863662638004,0.9625768566992938,0.0012340221027454495,0.002406442141748235,0.5127994067827268,2.2222657737487476e-15
140,fixed_band,32,4,2,4,19,20261047,0.1,4,1.0000000000000004,267.08863662638004,0.9625768566992938,0.0006169856923638811,0.0012032210708741175,0.5127783308479236,3.2223159072227365e-15
140,fixed_band,32,4,2,4,19,20261047,0.1,8,1.0000000000000004,267.08863662638004,0.9625768566992938,0.00030848967650209377,0.0006016105354370588,0.5127730621904448,8.661853180742162e-15
140,fixed_band,32,4,2,4,19,20261047,1.0,1,1.0000000000000004,267.08863662638004,0.9625768566992938,0.2360563712748644,0.4812884283496469,0.490467581122424,9.607494563978992e-16
140,fixed_band,32,4,2,4,19,20261047,1.0,2,1.0000000000000004,267.08863662638004,0.9625768566992938,0.11620639048966387,0.24064421417482346,0.4828970889166782,1.9142794897349093e-15
140,fixed_band,32,4,2,4,19,20261047,1.0,4,1.0000000000000004,267.08863662638004,0.9625768566992938,0.05788095985311502,0.12032210708741173,0.481050085094218,3.954005814055094e-15
140,fixed_band,32,4,2,4,19,20261047,1.0,8,1.0000000000000004,267.08863662638004,0.9625768566992938,0.028912873771864495,0.060161053543705864,0.48059121422898354,5.966115819106724e-15
141,fixed_band,32,4,2,4,20,20261048,0.1,1,0.9999999999999999,918.6640394682319,1.169184350617261,0.002838764407484402,0.0058459217530863064,0.4855974006127775,6.669367291276226e-16
141,fixed_band,32,4,2,4,20,20261048,0.1,2,0.9999999999999999,918.6640394682319,1.169184350617261,0.001419266217948529,0.0029229608765431532,0.4855577196869729,1.9987811265222285e-15
141,fixed_band,32,4,2,4,20,20261048,0.1,4,0.9999999999999999,918.6640394682319,1.169184350617261,0.0007096186361610659,0.0014614804382715766,0.48554781684269277,3.109272204142831e-15
141,fixed_band,32,4,2,4,20,20261048,0.1,8,0.9999999999999999,918.6640394682319,1.169184350617261,0.00035480750977301466,0.0007307402191357883,0.48554534221837226,7.118294254081137e-15
141,fixed_band,32,4,2,4,20,20261048,1.0,1,0.9999999999999999,918.6640394682319,1.169184350617261,0.2731547099246455,0.5845921753086305,0.46725686976640735,9.687998967546534e-16
141,fixed_band,32,4,2,4,20,20261048,1.0,2,0.9999999999999999,918.6640394682319,1.169184350617261,0.1359923474037904,0.29229608765431525,0.46525544866211865,1.896785743320167e-15
141,fixed_band,32,4,2,4,20,20261048,1.0,4,0.9999999999999999,918.6640394682319,1.169184350617261,0.06795242814404756,0.14614804382715763,0.4649561250673439,3.3822876232842366e-15
141,fixed_band,32,4,2,4,20,20261048,1.0,8,0.9999999999999999,918.6640394682319,1.169184350617261,0.03397162051385581,0.07307402191357881,0.4648932633546904,7.586212488485475e-15
142,fixed_band,32,4,2,4,21,20261049,0.1,1,0.9999999999999994,155.69465169155077,0.5439163980690384,0.0014225708508588124,0.002719581990345192,0.5230843769039109,7.7747504948409105e-16
142,fixed_band,32,4,2,4,21,20261049,0.1,2,0.9999999999999994,155.69465169155077,0.5439163980690384,0.0007112339858236555,0.001359790995172596,0.5230465478508186,1.554428815335086e-15
142,fixed_band,32,4,2,4,21,20261049,0.1,4,0.9999999999999994,155.69465169155077,0.5439163980690384,0.00035561056634305754,0.000679895497586298,0.5230370955617638,2.4443348828669295e-15
142,fixed_band,32,4,2,4,21,20261049,0.1,8,0.9999999999999994,155.69465169155077,0.5439163980690384,0.00017780447995630847,0.000339947748793149,0.5230347328009479,5.00840320018946e-15
142,fixed_band,32,4,2,4,21,20261049,1.0,1,0.9999999999999994,155.69465169155077,0.5439163980690384,0.13763418353561668,0.2719581990345192,0.5060858029808729,1.2648008836251945e-15
142,fixed_band,32,4,2,4,21,20261049,1.0,2,0.9999999999999994,155.69465169155077,0.5439163980690384,0.06833917396551616,0.1359790995172596,0.5025711613632358,1.630939619812231e-15
142,fixed_band,32,4,2,4,21,20261049,1.0,4,0.9999999999999994,155.69465169155077,0.5439163980690384,0.034112935496935774,0.0679895497586298,0.5017379232255598,3.603029440481749e-15
142,fixed_band,32,4,2,4,21,20261049,1.0,8,0.9999999999999994,155.69465169155077,0.5439163980690384,0.017049475030562623,0.0339947748793149,0.5015322234399284,9.93789887315469e-15
143,fixed_band,32,4,2,4,22,20261050,0.1,1,1.0000000000000004,3491.9061731201473,0.6845985537055218,0.00177030669874908,0.0034229927685276097,0.5171809636952789,7.771972209911821e-16
143,fixed_band,32,4,2,4,22,20261050,0.1,2,1.0000000000000004,3491.9061731201473,0.6845985537055218,0.0008849635458667363,0.0017114963842638049,0.5170700645373556,1.3373173542568738e-15
143,fixed_band,32,4,2,4,22,20261050,0.1,4,1.0000000000000004,3491.9061731201473,0.6845985537055218,0.00044245805850677024,0.0008557481921319024,0.5170423526160031,3.7748881497273646e-15
143,fixed_band,32,4,2,4,22,20261050,0.1,8,1.0000000000000004,3491.9061731201473,0.6845985537055218,0.00022122606529504702,0.0004278740960659512,0.5170354254419457,7.665499198501694e-15
143,fixed_band,32,4,2,4,22,20261050,1.0,1,1.0000000000000004,3491.9061731201473,0.6845985537055218,0.1674323377271931,0.3422992768527609,0.489140202885131,8.304959070544393e-16
143,fixed_band,32,4,2,4,22,20261050,1.0,2,1.0000000000000004,3491.9061731201473,0.6845985537055218,0.08193033498063852,0.17114963842638045,0.47870586075401284,1.5000438434296885e-15
143,fixed_band,32,4,2,4,22,20261050,1.0,4,1.0000000000000004,3491.9061731201473,0.6845985537055218,0.040752436364964166,0.08557481921319023,0.4762199527811882,4.84893238235791e-15
143,fixed_band,32,4,2,4,22,20261050,1.0,8,1.0000000000000004,3491.9061731201473,0.6845985537055218,0.02034993890127089,0.04278740960659511,0.47560577021082895,9.108519156731606e-15
144,fixed_band,32,4,2,4,23,20261051,0.1,1,0.9999999999999998,200.17776478957222,0.8955379373453638,0.0023744811281489315,0.0044776896867268195,0.5302915776382601,6.703849350755306e-16
144,fixed_band,32,4,2,4,23,20261051,0.1,2,0.9999999999999998,200.17776478957222,0.8955379373453638,0.0011872233433031455,0.0022388448433634097,0.5302838858272928,1.7804673665808666e-15
144,fixed_band,32,4,2,4,23,20261051,0.1,4,0.9999999999999998,200.17776478957222,0.8955379373453638,0.000593609521964282,0.0011194224216817049,0.5302819654733234,2.9979900121063608e-15
144,fixed_band,32,4,2,4,23,20261051,0.1,8,0.9999999999999998,200.17776478957222,0.8955379373453638,0.0002968044923621728,0.0005597112108408524,0.5302814855473135,6.3327358016412665e-15
144,fixed_band,32,4,2,4,23,20261051,1.0,1,0.9999999999999998,200.17776478957222,0.8955379373453638,0.23013601981639925,0.4477689686726819,0.5139615201531041,7.26825579626158e-16
144,fixed_band,32,4,2,4,23,20261051,1.0,2,0.9999999999999998,200.17776478957222,0.8955379373453638,0.11504184620830853,0.22388448433634095,0.5138446576560506,1.5067418644331028e-15
144,fixed_band,32,4,2,4,23,20261051,1.0,4,0.9999999999999998,200.17776478957222,0.8955379373453638,0.057520058967094154,0.11194224216817047,0.5138369381656832,3.1550867339008737e-15
144,fixed_band,32,4,2,4,23,20261051,1.0,8,0.9999999999999998,200.17776478957222,0.8955379373453638,0.02875998033549063,0.05597112108408524,0.5138360600689881,6.824831304668151e-15
145,fixed_band,64,2,2,2,0,20261052,0.1,1,1.0,2338.0245428425997,0.4448785106197545,0.0022232664447229067,0.002224392553098773,0.9994937456635982,6.672554938519661e-16
145,fixed_band,64,2,2,2,0,20261052,0.1,2,1.0,2338.0245428425997,0.4448785106197545,0.001111422185588728,0.0011121962765493864,0.9993039978851034,9.99221202211621e-16
145,fixed_band,64,2,2,2,0,20261052,0.1,4,1.0,2338.0245428425997,0.4448785106197545,0.0005556847203081368,0.0005560981382746932,0.9992565737266463,2.8865969227630853e-15
145,fixed_band,64,2,2,2,0,20261052,0.1,8,1.0,2338.0245428425997,0.4448785106197545,0.00027783906381533203,0.0002780490691373466,0.9992447184856035,6.00132501736528e-15
145,fixed_band,64,2,2,2,0,20261052,1.0,1,1.0,2338.0245428425997,0.4448785106197545,0.21145523179018022,0.22243925530987724,0.9506201209656303,5.883929347230722e-16
145,fixed_band,64,2,2,2,0,20261052,1.0,2,1.0,2338.0245428425997,0.4448785106197545,0.10377845123568813,0.11121962765493862,0.9330947551601512,1.3849926991813209e-15
145,fixed_band,64,2,2,2,0,20261052,1.0,4,1.0,2338.0245428425997,0.4448785106197545,0.051652015867995636,0.05560981382746931,0.9288291456656764,2.8162161299231856e-15
145,fixed_band,64,2,2,2,0,20261052,1.0,8,1.0,2338.0245428425997,0.4448785106197545,0.025796554971500574,0.027804906913734655,0.9277698735527137,5.957206956123184e-15
146,fixed_band,64,2,2,2,1,20261053,0.1,1,1.0000000000000004,14755.14610520199,0.43547175159256524,0.002176285708239693,0.0021773587579628265,0.999507178263936,4.467748277677124e-16
146,fixed_band,64,2,2,2,1,20261053,0.1,2,1.0000000000000004,14755.14610520199,0.43547175159256524,0.001087941735715211,0.0010886793789814133,0.9993224421437169,1.1116286308312306e-15
146,fixed_band,64,2,2,2,1,20261053,0.1,4,1.0000000000000004,14755.14610520199,0.43547175159256524,0.0005439457331814636,0.0005443396894907066,0.9992762675277056,3.555820899269075e-15
146,fixed_band,64,2,2,2,1,20261053,0.1,8,1.0000000000000004,14755.14610520199,0.43547175159256524,0.00027196972491629984,0.0002721698447453533,0.9992647244618862,4.219835551745043e-15
146,fixed_band,64,2,2,2,1,20261053,1.0,1,1.0000000000000004,14755.14610520199,0.43547175159256524,0.2072256938387194,0.21773587579628262,0.9517296728473137,6.242338742291748e-16
146,fixed_band,64,2,2,2,1,20261053,1.0,2,1.0000000000000004,14755.14610520199,0.43547175159256524,0.10171886138297691,0.10886793789814131,0.9343325808021348,1.2025619981305245e-15
146,fixed_band,64,2,2,2,1,20261053,1.0,4,1.0000000000000004,14755.14610520199,0.43547175159256524,0.050627335083471225,0.054433968949070655,0.9300687798613219,1.958019566307685e-15
146,fixed_band,64,2,2,2,1,20261053,1.0,8,1.0000000000000004,14755.14610520199,0.43547175159256524,0.025284804073945514,0.027216984474535327,0.9290082851611429,4.476235648000087e-15
147,fixed_band,64,2,2,2,2,20261054,0.1,1,1.0000000000000002,177250.43480830805,0.4736177625127496,0.002366870712509219,0.0023680888125637485,0.9994856189311536,6.665406080958503e-16
147,fixed_band,64,2,2,2,2,20261054,0.1,2,1.0000000000000002,177250.43480830805,0.4736177625127496,0.0011832071231963185,0.0011840444062818742,0.9992928617532303,1.1137379876047225e-15
147,fixed_band,64,2,2,2,2,20261054,0.1,4,1.0000000000000002,177250.43480830805,0.4736177625127496,0.0005915750433215307,0.0005920222031409371,0.9992446907953215,3.1114177819127747e-15
147,fixed_band,64,2,2,2,2,20261054,0.1,8,1.0000000000000002,177250.43480830805,0.4736177625127496,0.0002957839572153202,0.00029601110157046856,0.9992326492015222,5.553674115318561e-15
147,fixed_band,64,2,2,2,2,20261054,1.0,1,1.0000000000000002,177250.43480830805,0.4736177625127496,0.22491597340637667,0.2368088812563748,0.9497784551537888,6.071205031299292e-16
147,fixed_band,64,2,2,2,2,20261054,1.0,2,1.0000000000000002,177250.43480830805,0.4736177625127496,0.11038654089555167,0.1184044406281874,0.9322837919752226,1.557244423266087e-15
147,fixed_band,64,2,2,2,2,20261054,1.0,4,1.0000000000000002,177250.43480830805,0.4736177625127496,0.05494392894054841,0.0592022203140937,0.9280721001517648,2.559020060617914e-15
147,fixed_band,64,2,2,2,2,20261054,1.0,8,1.0000000000000002,177250.43480830805,0.4736177625127496,0.027441083617594772,0.02960111015704685,0.9270288672285535,4.8232787215726676e-15
148,fixed_band,64,2,2,2,3,20261055,0.1,1,0.9999999999999988,8374.957149482892,0.4233752323609085,0.0021158413167878176,0.002116876161804543,0.9995111452264438,6.677441949270318e-16
148,fixed_band,64,2,2,2,3,20261055,0.1,2,0.9999999999999988,8374.957149482892,0.4233752323609085,0.001057726692759733,0.0010584380809022715,0.9993278887491159,1.111413945978549e-15
148,fixed_band,64,2,2,2,3,20261055,0.1,4,0.9999999999999988,8374.957149482892,0.4233752323609085,0.0005288391065245116,0.0005292190404511358,0.9992820856817617,3.3327136401805105e-15
148,fixed_band,64,2,2,2,3,20261055,0.1,8,0.9999999999999988,8374.957149482892,0.4233752323609085,0.00026441652346342583,0.0002646095202255679,0.9992706356068461,5.1135786082368186e-15
148,fixed_band,64,2,2,2,3,20261055,1.0,1,0.9999999999999988,8374.957149482892,0.4233752323609085,0.20156474787964732,0.21168761618045426,0.9521801582754013,7.634757154551762e-16
148,fixed_band,64,2,2,2,3,20261055,1.0,2,0.9999999999999988,8374.957149482892,0.4233752323609085,0.09895007182455808,0.10584380809022713,0.9348687808001725,1.5788419086877832e-15
148,fixed_band,64,2,2,2,3,20261055,1.0,4,0.9999999999999988,8374.957149482892,0.4233752323609085,0.04925146308554837,0.052921904045113564,0.9306442006236906,2.911473311442998e-15
148,fixed_band,64,2,2,2,3,20261055,1.0,8,0.9999999999999988,8374.957149482892,0.4233752323609085,0.024597958508597015,0.026460952022556782,0.9295946150247486,4.852946726594334e-15
149,fixed_band,64,2,2,2,4,20261056,0.1,1,0.9999999999999989,1685.8729109424962,0.4735495643447945,0.0023665745950482244,0.002367747821723973,0.9995044967774928,7.77750724629598e-16
149,fixed_band,64,2,2,2,4,20261056,0.1,2,0.9999999999999989,1685.8729109424962,0.4735495643447945,0.001183067479466715,0.0011838739108619865,0.9993188198609052,1.2212922688608164e-15
149,fixed_band,64,2,2,2,4,20261056,0.1,4,0.9999999999999989,1685.8729109424962,0.4735495643447945,0.0005915062721090109,0.0005919369554309933,0.9992724169051604,2.4462278265545825e-15
149,fixed_band,64,2,2,2,4,20261056,0.1,8,0.9999999999999989,1685.8729109424962,0.4735495643447945,0.00029574970290229533,0.00029596847771549663,0.9992608171826609,4.440985118831545e-15
149,fixed_band,64,2,2,2,4,20261056,1.0,1,0.9999999999999989,1685.8729109424962,0.4735495643447945,0.22531281676191942,0.23677478217239725,0.951591274605704,6.772695118841923e-16
149,fixed_band,64,2,2,2,4,20261056,1.0,2,0.9999999999999989,1685.8729109424962,0.4735495643447945,0.11066845999018537,0.11838739108619863,0.9347993817146198,1.3338061877084012e-15
149,fixed_band,64,2,2,2,4,20261056,1.0,4,0.9999999999999989,1685.8729109424962,0.4735495643447945,0.05509416123033781,0.05919369554309931,0.930743734190804,2.444447105370972e-15
149,fixed_band,64,2,2,2,4,20261056,1.0,8,0.9999999999999989,1685.8729109424962,0.4735495643447945,0.027517322029129734,0.029596847771549657,0.929738269478181,3.941130261986323e-15
150,fixed_band,64,2,2,2,5,20261057,0.1,1,1.0,1885.9034829343088,0.4455419980451917,0.0022266162607932818,0.002227709990225959,0.9995090341931957,6.680077710995225e-16
150,fixed_band,64,2,2,2,5,20261057,0.1,2,1.0,1885.9034829343088,0.4455419980451917,0.0011131031416893407,0.0011138549951129795,0.9993249988311427,1.4441906704135102e-15
150,fixed_band,64,2,2,2,5,20261057,0.1,4,1.0,1885.9034829343088,0.4455419980451917,0.000556525953538935,0.0005569274975564897,0.9992790012715901,2.5545451664896496e-15
150,fixed_band,64,2,2,2,5,20261057,0.1,8,1.0,1885.9034829343088,0.4455419980451917,0.00027825977480325497,0.00027846374877824487,0.9992675025891706,5.113781314705752e-15
150,fixed_band,64,2,2,2,5,20261057,1.0,1,1.0,1885.9034829343088,0.4455419980451917,0.21206705189219516,0.22277099902259584,0.9519508949667412,7.844298417529897e-16
150,fixed_band,64,2,2,2,5,20261057,1.0,2,1.0,1885.9034829343088,0.4455419980451917,0.10410924528567211,0.11138549951129792,0.9346750316912861,1.449768946736626e-15
150,fixed_band,64,2,2,2,5,20261057,1.0,4,1.0,1885.9034829343088,0.4455419980451917,0.05181989298497804,0.05569274975564896,0.9304603060961613,2.725201836873616e-15
150,fixed_band,64,2,2,2,5,20261057,1.0,8,1.0,1885.9034829343088,0.4455419980451917,0.025880789944866193,0.02784637487782448,0.9294132560671808,4.769566269916505e-15
151,fixed_band,64,2,2,2,6,20261058,0.1,1,0.9999999999999988,10224.306231459796,0.41534745197356654,0.0020756111560733957,0.002076737259867833,0.9994577533633172,6.674070355765958e-16
151,fixed_band,64,2,2,2,6,20261058,0.1,2,0.9999999999999988,10224.306231459796,0.41534745197356654,0.0010375944649679298,0.0010383686299339165,0.9992544411072627,1.3353349096362287e-15
151,fixed_band,64,2,2,2,6,20261058,0.1,4,0.9999999999999988,10224.306231459796,0.41534745197356654,0.0005187708488203673,0.0005191843149669582,0.9992036235790034,2.5545531472442697e-15
151,fixed_band,64,2,2,2,6,20261058,0.1,8,0.9999999999999988,10224.306231459796,0.41534745197356654,0.0002593821266231624,0.0002595921574834791,0.9991909198553887,4.888574056391826e-15
151,fixed_band,64,2,2,2,6,20261058,1.0,1,0.9999999999999988,10224.306231459796,0.41534745197356654,0.1966850975963593,0.20767372598678327,0.9470870552439392,6.155404972189198e-16
151,fixed_band,64,2,2,2,6,20261058,1.0,2,0.9999999999999988,10224.306231459796,0.41534745197356654,0.09634061192632483,0.10383686299339163,0.9278074197258456,1.657760934674771e-15
151,fixed_band,64,2,2,2,6,20261058,1.0,4,0.9999999999999988,10224.306231459796,0.41534745197356654,0.047988302526011786,0.05191843149669582,0.9243018547096487,2.8258750457113673e-15
151,fixed_band,64,2,2,2,6,20261058,1.0,8,0.9999999999999988,10224.306231459796,0.41534745197356654,0.023971568025481605,0.02595921574834791,0.9234319040245735,4.518632801613302e-15
152,fixed_band,64,2,2,2,7,20261059,0.1,1,1.0000000000000007,28.56262025668569,0.47453627132705795,0.0023715147026793586,0.00237268135663529,0.9995082972466283,7.792554828698199e-16
152,fixed_band,64,2,2,2,7,20261059,0.1,2,1.0000000000000007,28.56262025668569,0.47453627132705795,0.0011855387515572104,0.001186340678317645,0.9993240333277859,1.5545421120530904e-15
152,fixed_band,64,2,2,2,7,20261059,0.1,4,1.0000000000000007,28.56262025668569,0.47453627132705795,0.0005927420602513854,0.0005931703391588225,0.9992779832719815,2.664870413532406e-15
152,fixed_band,64,2,2,2,7,20261059,0.1,8,1.0000000000000007,28.56262025668569,0.47453627132705795,0.00029636761598027066,0.00029658516957941126,0.9992664717543055,5.118998128279861e-15
152,fixed_band,64,2,2,2,7,20261059,1.0,1,1.0000000000000007,28.56262025668569,0.47453627132705795,0.2258418479429652,0.23726813566352897,0.9518422999000277,6.587649321555551e-16
152,fixed_band,64,2,2,2,7,20261059,1.0,2,1.0000000000000007,28.56262025668569,0.47453627132705795,0.11092144360435054,0.11863406783176449,0.9349881162437146,1.4516510642910693e-15
152,fixed_band,64,2,2,2,7,20261059,1.0,4,1.0000000000000007,28.56262025668569,0.47453627132705795,0.05521920205446428,0.05931703391588224,0.9309164401708097,3.1990529331089182e-15
152,fixed_band,64,2,2,2,7,20261059,1.0,8,1.0000000000000007,28.56262025668569,0.47453627132705795,0.0275796668229089,0.02965851695794112,0.9299071447847427,5.648352031994362e-15
153,fixed_band,64,2,2,2,8,20261060,0.1,1,1.0000000000000004,1877.0360100325288,0.48017999537736783,0.0024000205599508297,0.00240089997688684,0.9996337136305234,5.564793703872739e-16
153,fixed_band,64,2,2,2,8,20261060,0.1,2,1.0000000000000004,1877.0360100325288,0.48017999537736783,0.0011998456185152073,0.00120044998844342,0.999496547183114,1.2229786084399071e-15
153,fixed_band,64,2,2,2,8,20261060,0.1,4,1.0000000000000004,1877.0360100325288,0.48017999537736783,0.0005999022299586612,0.00060022499422171,0.9994622612084535,1.7788746924164924e-15
153,fixed_band,64,2,2,2,8,20261060,0.1,8,1.0000000000000004,1877.0360100325288,0.48017999537736783,0.00029994854267304606,0.000300112497110855,0.9994536900682668,4.88840639122256e-15
153,fixed_band,64,2,2,2,8,20261060,1.0,1,1.0000000000000004,1877.0360100325288,0.48017999537736783,0.23126383863115205,0.24008999768868391,0.9632381226102704,6.197340482071204e-16
153,fixed_band,64,2,2,2,8,20261060,1.0,2,1.0000000000000004,1877.0360100325288,0.48017999537736783,0.11419777561955279,0.12004499884434196,0.9512914050474435,1.3342356353062752e-15
153,fixed_band,64,2,2,2,8,20261060,1.0,4,1.0000000000000004,1877.0360100325288,0.48017999537736783,0.05692210728155252,0.06002249942217098,0.9483461673461527,2.7709153945343537e-15
153,fixed_band,64,2,2,2,8,20261060,1.0,8,1.0000000000000004,1877.0360100325288,0.48017999537736783,0.028439033822101195,0.03001124971108549,0.9476124485278081,4.4980235523007245e-15
154,fixed_band,64,2,2,2,9,20261061,0.1,1,1.0000000000000002,19357.22826703927,0.45254377403263457,0.0022617028805350776,0.0022627188701631732,0.999550987247469,8.898250449508721e-16
154,fixed_band,64,2,2,2,9,20261061,0.1,2,1.0000000000000002,19357.22826703927,0.45254377403263457,0.0011306610928564676,0.0011313594350815866,0.9993827406185297,1.1132769349155102e-15
154,fixed_band,64,2,2,2,9,20261061,0.1,4,1.0000000000000002,19357.22826703927,0.45254377403263457,0.0005653067612128632,0.0005656797175407933,0.9993406934765993,3.3332269080457136e-15
154,fixed_band,64,2,2,2,9,20261061,0.1,8,1.0000000000000002,19357.22826703927,0.45254377403263457,0.00028265040771099735,0.00028283985877039665,0.9993301825979446,5.122349933498804e-15
154,fixed_band,64,2,2,2,9,20261061,1.0,1,1.0000000000000002,19357.22826703927,0.45254377403263457,0.2162863704966301,0.22627188701631729,0.9558693894705218,6.69611001879641e-16
154,fixed_band,64,2,2,2,9,20261061,1.0,2,1.0000000000000002,19357.22826703927,0.45254377403263457,0.10641579732256827,0.11313594350815864,0.9406011389730818,1.1888465486381074e-15
154,fixed_band,64,2,2,2,9,20261061,1.0,4,1.0000000000000002,19357.22826703927,0.45254377403263457,0.05299918677368313,0.05656797175407932,0.9369115619716587,2.481858743097217e-15
154,fixed_band,64,2,2,2,9,20261061,1.0,8,1.0000000000000002,19357.22826703927,0.45254377403263457,0.026473721847488696,0.02828398587703966,0.935996855697043,4.507324847508613e-15
155,fixed_band,64,2,2,2,10,20261062,0.1,1,0.9999999999999997,9782.358472623246,0.4366642987840012,0.002182247619951107,0.0021833214939200062,0.999508146660082,4.504633897369293e-16
155,fixed_band,64,2,2,2,10,20261062,0.1,2,0.9999999999999997,9782.358472623246,0.4366642987840012,0.0010909225610797558,0.0010916607469600031,0.9993237955268586,1.3323133924905527e-15
155,fixed_band,64,2,2,2,10,20261062,0.1,4,0.9999999999999997,9782.358472623246,0.4366642987840012,0.0005454361322368592,0.0005458303734800016,0.9992777220501146,2.221241301797976e-15
155,fixed_band,64,2,2,2,10,20261062,0.1,8,0.9999999999999997,9782.358472623246,0.4366642987840012,0.00027271492282510167,0.0002729151867400008,0.9992662045769923,4.5540761660808995e-15
155,fixed_band,64,2,2,2,10,20261062,1.0,1,0.9999999999999997,9782.358472623246,0.4366642987840012,0.20784918583545126,0.2183321493920006,0.9519861660971977,6.366725796160011e-16
155,fixed_band,64,2,2,2,10,20261062,1.0,2,0.9999999999999997,9782.358472623246,0.4366642987840012,0.10205923857845525,0.1091660746960003,0.9348988581174529,1.2855814939146428e-15
155,fixed_band,64,2,2,2,10,20261062,1.0,4,0.9999999999999997,9782.358472623246,0.4366642987840012,0.05080343150164944,0.05458303734800015,0.9307549372481158,2.4938676157171054e-15
155,fixed_band,64,2,2,2,10,20261062,1.0,8,0.9999999999999997,9782.358472623246,0.4366642987840012,0.02537365558069231,0.027291518674000075,0.929726772767143,5.307672333166325e-15
156,fixed_band,64,2,2,2,11,20261063,0.1,1,0.9999999999999998,753586.2616498409,0.4350130095142067,0.002173946846328647,0.002175065047571034,0.9994858998614153,4.456707340268044e-16
156,fixed_band,64,2,2,2,11,20261063,0.1,2,0.9999999999999998,753586.2616498409,0.4350130095142067,0.0010867638455574458,0.001087532523785517,0.999293190583951,8.89434015526083e-16
156,fixed_band,64,2,2,2,11,20261063,0.1,4,0.9999999999999998,753586.2616498409,0.4350130095142067,0.0005433557333800269,0.0005437662618927585,0.9992450276129626,2.7757932311909337e-15
156,fixed_band,64,2,2,2,11,20261063,0.1,8,0.9999999999999998,753586.2616498409,0.4350130095142067,0.000271674593259092,0.0002718831309463792,0.9992329877673494,5.10859781351706e-15
156,fixed_band,64,2,2,2,11,20261063,1.0,1,0.9999999999999998,753586.2616498409,0.4350130095142067,0.20665217404830355,0.21750650475710334,0.9500965236836426,5.694941572521863e-16
156,fixed_band,64,2,2,2,11,20261063,1.0,2,0.9999999999999998,753586.2616498409,0.4350130095142067,0.10137938689459831,0.10875325237855167,0.9321963681758576,1.447961146744464e-15
156,fixed_band,64,2,2,2,11,20261063,1.0,4,0.9999999999999998,753586.2616498409,0.4350130095142067,0.050453555397232695,0.054376626189275835,0.9278537293139961,2.578918129026501e-15
156,fixed_band,64,2,2,2,11,20261063,1.0,8,0.9999999999999998,753586.2616498409,0.4350130095142067,0.02519748085085125,0.027188313094637918,0.9267761763351438,4.635763043344484e-15
157,fixed_band,64,2,2,2,12,20261064,0.1,1,0.9999999999999996,3702.2485029712648,0.46629593191138324,0.002330380425274594,0.0023314796595569165,0.9995285250386738,6.67560780377024e-16
157,fixed_band,64,2,2,2,12,20261064,0.1,2,0.9999999999999996,3702.2485029712648,0.46629593191138324,0.0011649842417054237,0.0011657398297784582,0.9993518381599965,1.0010597315586213e-15
157,fixed_band,64,2,2,2,12,20261064,0.1,4,0.9999999999999996,3702.2485029712648,0.46629593191138324,0.000582466381555181,0.0005828699148892291,0.9993076785681677,3.109356153193397e-15
157,fixed_band,64,2,2,2,12,20261064,0.1,8,0.9999999999999996,3702.2485029712648,0.46629593191138324,0.00029122997358640057,0.00029143495744461456,0.999296639428532,4.00106138240284e-15
157,fixed_band,64,2,2,2,12,20261064,1.0,1,0.9999999999999996,3702.2485029712648,0.46629593191138324,0.22231462909988056,0.23314796595569162,0.9535344998125788,6.434597220416071e-16
157,fixed_band,64,2,2,2,12,20261064,1.0,2,0.9999999999999996,3702.2485029712648,0.46629593191138324,0.10925428689215004,0.11657398297784581,0.9372098653686146,1.4587423304599107e-15
157,fixed_band,64,2,2,2,12,20261064,1.0,4,0.9999999999999996,3702.2485029712648,0.46629593191138324,0.05439539586822605,0.058286991488922905,0.9332338911086803,3.1313726342099942e-15
157,fixed_band,64,2,2,2,12,20261064,1.0,8,0.9999999999999996,3702.2485029712648,0.46629593191138324,0.027168917032805877,0.029143495744461453,0.9322463328020342,6.780372017456834e-15
158,fixed_band,64,2,2,2,13,20261065,0.1,1,0.9999999999999997,12029.610698858565,0.47012556182407594,0.002349901253294227,0.00235062780912038,0.9996909098823156,4.468383626635375e-16
158,fixed_band,64,2,2,2,13,20261065,0.1,2,0.9999999999999997,12029.610698858565,0.47012556182407594,0.0011748145991902904,0.00117531390456019,0.9995751727534556,1.1106761851754368e-15
158,fixed_band,64,2,2,2,13,20261065,0.1,4,0.9999999999999997,12029.610698858565,0.47012556182407594,0.0005873902954309353,0.000587656952280095,0.9995462372254338,2.0016998780846747e-15
158,fixed_band,64,2,2,2,13,20261065,0.1,8,0.9999999999999997,12029.610698858565,0.47012556182407594,0.00029369302217226677,0.0002938284761400475,0.9995390032662587,5.440249025546398e-15
158,fixed_band,64,2,2,2,13,20261065,1.0,1,0.9999999999999997,12029.610698858565,0.47012556182407594,0.22758063380599097,0.23506278091203797,0.9681695797309279,7.821798926537629e-16
158,fixed_band,64,2,2,2,13,20261065,1.0,2,0.9999999999999997,12029.610698858565,0.47012556182407594,0.11257431875902262,0.11753139045601899,0.9578234233615117,1.3978771112583624e-15
158,fixed_band,64,2,2,2,13,20261065,1.0,4,0.9999999999999997,12029.610698858565,0.47012556182407594,0.05613377812724952,0.05876569522800949,0.9552133759236882,2.851393820590374e-15
158,fixed_band,64,2,2,2,13,20261065,1.0,8,0.9999999999999997,12029.610698858565,0.47012556182407594,0.028047680056164002,0.029382847614004746,0.9545596269163387,3.931549039874987e-15
159,fixed_band,64,2,2,2,14,20261066,0.1,1,0.9999999999999997,2528.561533070892,0.4082371860875673,0.0020400908420876106,0.002041185930437837,0.9994635038710111,6.667407064600584e-16
159,fixed_band,64,2,2,2,14,20261066,0.1,2,0.9999999999999997,2528.561533070892,0.4082371860875673,0.0010198401227278584,0.0010205929652189185,0.9992623479519098,1.4438569542908031e-15
159,fixed_band,64,2,2,2,14,20261066,0.1,4,0.9999999999999997,2528.561533070892,0.4082371860875673,0.0005098944045273011,0.0005102964826094593,0.9992120696578152,2.6659846939050488e-15
159,fixed_band,64,2,2,2,14,20261066,0.1,8,0.9999999999999997,2528.561533070892,0.4082371860875673,0.0002549439953298947,0.00025514824130472963,0.9991995007537952,4.893970464721825e-15
159,fixed_band,64,2,2,2,14,20261066,1.0,1,0.9999999999999997,2528.561533070892,0.4082371860875673,0.19344752290449635,0.20411859304378366,0.947721224312974,6.901084501456575e-16
159,fixed_band,64,2,2,2,14,20261066,1.0,2,0.9999999999999997,2528.561533070892,0.4082371860875673,0.09475410772461873,0.10205929652189183,0.9284221129654159,1.3832132894594615e-15
159,fixed_band,64,2,2,2,14,20261066,1.0,4,0.9999999999999997,2528.561533070892,0.4082371860875673,0.04713596621253783,0.051029648260945915,0.9236976506579606,2.429114905100476e-15
159,fixed_band,64,2,2,2,14,20261066,1.0,8,0.9999999999999997,2528.561533070892,0.4082371860875673,0.023538010191508456,0.025514824130472957,0.9225229251490883,5.3291609307165806e-15
160,fixed_band,64,2,2,2,15,20261067,0.1,1,0.9999999999999997,52.51707262476482,0.4601240752504816,0.0022995358913166057,0.0023006203762524083,0.9995286119574542,6.670170662202333e-16
160,fixed_band,64,2,2,2,15,20261067,0.1,2,0.9999999999999997,52.51707262476482,0.4601240752504816,0.0011495647275314314,0.0011503101881262042,0.9993519481940892,1.0008636088232653e-15
160,fixed_band,64,2,2,2,15,20261067,0.1,4,0.9999999999999997,52.51707262476482,0.4601240752504816,0.0005747569668628705,0.0005751550940631021,0.9993077915777133,2.6653665786332022e-15
160,fixed_band,64,2,2,2,15,20261067,0.1,8,0.9999999999999997,52.51707262476482,0.4601240752504816,0.0002873753089861055,0.00028757754703155104,0.9992967530061609,5.332979692582169e-15
160,fixed_band,64,2,2,2,15,20261067,1.0,1,0.9999999999999997,52.51707262476482,0.4601240752504816,0.21938248856673384,0.2300620376252408,0.9535796988988535,6.039356045752484e-16
160,fixed_band,64,2,2,2,15,20261067,1.0,2,0.9999999999999997,52.51707262476482,0.4601240752504816,0.10780575774010231,0.1150310188126204,0.9371885848956301,1.3880129898765982e-15
160,fixed_band,64,2,2,2,15,20261067,1.0,4,0.9999999999999997,52.51707262476482,0.4601240752504816,0.05367178157806943,0.0575155094063102,0.9331705853270411,2.31826219595402e-15
160,fixed_band,64,2,2,2,15,20261067,1.0,8,0.9999999999999997,52.51707262476482,0.4601240752504816,0.0268071495235431,0.0287577547031551,0.9321711587101759,4.973584464882359e-15
161,fixed_band,64,2,2,2,16,20261068,0.1,1,1.0,1695.4472441453368,0.4840853725592198,0.0024196597673516807,0.0024204268627960996,0.9996830743137874,6.691292163081442e-16
161,fixed_band,64,2,2,2,16,20261068,0.1,2,1.0,1695.4472441453368,0.4840853725592198,0.0012096862969906649,0.0012102134313980498,0.9995644285596996,1.332293229001392e-15
161,fixed_band,64,2,2,2,16,20261068,0.1,4,1.0,1695.4472441453368,0.4840853725592198,0.0006048252013613527,0.0006051067156990249,0.9995347691070542,2.666327322838341e-15
161,fixed_band,64,2,2,2,16,20261068,0.1,8,1.0,1695.4472441453368,0.4840853725592198,0.000302410357327132,0.00030255335784951245,0.9995273543701618,6.0024024013138954e-15
161,fixed_band,64,2,2,2,16,20261068,1.0,1,1.0,1695.4472441453368,0.4840853725592198,0.2341697575778839,0.2420426862796099,0.9674729741983151,6.674167121565379e-16
161,fixed_band,64,2,2,2,16,20261068,1.0,2,1.0,1695.4472441453368,0.4840853725592198,0.11583649865134596,0.12102134313980495,0.9571576025026477,1.4490658466275463e-15
161,fixed_band,64,2,2,2,16,20261068,1.0,4,1.0,1695.4472441453368,0.4840853725592198,0.05776239334897611,0.060510671569902474,0.9545819249791083,3.243557693678863e-15
161,fixed_band,64,2,2,2,16,20261068,1.0,8,1.0,1695.4472441453368,0.4840853725592198,0.0288617217252351,0.030255335784951237,0.9539382385433874,4.825251991604226e-15
162,fixed_band,64,2,2,2,17,20261069,0.1,1,1.0000000000000004,1139.9427133310758,0.43999875104573377,0.002198948751333747,0.0021999937552286694,0.999524996881269,6.678278808375101e-16
162,fixed_band,64,2,2,2,17,20261069,0.1,2,1.0000000000000004,1139.9427133310758,0.43999875104573377,0.001099278516878426,0.0010999968776143347,0.9993469429318139,1.2233031034340111e-15
162,fixed_band,64,2,2,2,17,20261069,0.1,4,1.0000000000000004,1139.9427133310758,0.43999875104573377,0.0005496147798979464,0.0005499984388071674,0.9993024363668139,2.44467025734542e-15
162,fixed_band,64,2,2,2,17,20261069,0.1,8,1.0000000000000004,1139.9427133310758,0.43999875104573377,0.0002748043302516926,0.0002749992194035837,0.9992913101633024,5.55717278040535e-15
162,fixed_band,64,2,2,2,17,20261069,1.0,1,1.0000000000000004,1139.9427133310758,0.43999875104573377,0.20972243026733067,0.21999937552286689,0.9532864798769939,6.89268196536531e-16
162,fixed_band,64,2,2,2,17,20261069,1.0,2,1.0000000000000004,1139.9427133310758,0.43999875104573377,0.10300930303495127,0.10999968776143344,0.9364508675547982,1.5768601175002561e-15
162,fixed_band,64,2,2,2,17,20261069,1.0,4,1.0000000000000004,1139.9427133310758,0.43999875104573377,0.051276563736081096,0.05499984388071672,0.9323038052124175,2.954753316428412e-15
162,fixed_band,64,2,2,2,17,20261069,1.0,8,1.0000000000000004,1139.9427133310758,0.43999875104573377,0.025609885173542034,0.02749992194035836,0.9312711952086473,4.622084615962044e-15
163,fixed_band,64,2,2,2,18,20261070,0.1,1,0.9999999999999998,272.290685281199,0.44820661934392697,0.002239936284058238,0.0022410330967196353,0.9995105772141416,6.672463824227891e-16
163,fixed_band,64,2,2,2,18,20261070,0.1,2,0.9999999999999998,272.290685281199,0.44820661934392697,0.0011197626189592066,0.0011205165483598176,0.9993271590663123,1.3327704818559985e-15
163,fixed_band,64,2,2,2,18,20261070,0.1,4,0.9999999999999998,272.290685281199,0.44820661934392697,0.0005598556276756826,0.0005602582741799088,0.9992813198433962,2.221463673634726e-15
163,fixed_band,64,2,2,2,18,20261070,0.1,8,0.9999999999999998,272.290685281199,0.44820661934392697,0.0002799246038802413,0.0002801291370899544,0.9992698609939764,3.7798581950594085e-15
163,fixed_band,64,2,2,2,18,20261070,1.0,1,0.9999999999999998,272.290685281199,0.44820661934392697,0.21343647498935273,0.22410330967196349,0.9524021546213459,8.774697785574366e-16
163,fixed_band,64,2,2,2,18,20261070,1.0,2,0.9999999999999998,272.290685281199,0.44820661934392697,0.10485097837206861,0.11205165483598174,0.9357378837960645,1.3574634794531018e-15
163,fixed_band,64,2,2,2,18,20261070,1.0,4,0.9999999999999998,272.290685281199,0.44820661934392697,0.05219981155082446,0.05602582741799087,0.9317097837998586,2.4045892894691357e-15
163,fixed_band,64,2,2,2,18,20261070,1.0,8,0.9999999999999998,272.290685281199,0.44820661934392697,0.026071927083250363,0.028012913708995436,0.9307110054345475,4.7936720416897204e-15
164,fixed_band,64,2,2,2,19,20261071,0.1,1,0.9999999999999998,3673.2063355415294,0.4613416317446705,0.002305403722841437,0.0023067081587233532,0.9994345032868666,6.668337229978643e-16
164,fixed_band,64,2,2,2,19,20261071,0.1,2,0.9999999999999998,3673.2063355415294,0.4613416317446705,0.0011524573977282934,0.0011533540793616766,0.9992225443604625,1.2212599363734037e-15
164,fixed_band,64,2,2,2,19,20261071,0.1,4,0.9999999999999998,3673.2063355415294,0.4613416317446705,0.0005761981524790679,0.0005766770396808383,0.9991695747033115,2.6671489432510013e-15
164,fixed_band,64,2,2,2,19,20261071,0.1,8,0.9999999999999998,3673.2063355415294,0.4613416317446705,0.00028809525830326976,0.00028833851984041915,0.9991563335440439,5.775271932507894e-15
164,fixed_band,64,2,2,2,19,20261071,1.0,1,0.9999999999999998,3673.2063355415294,0.4613416317446705,0.21802674030634997,0.23067081587233526,0.9451856294947032,6.856451535823244e-16
164,fixed_band,64,2,2,2,19,20261071,1.0,2,0.9999999999999998,3673.2063355415294,0.4613416317446705,0.10676319169594545,0.11533540793616763,0.9256757625987114,1.132772172171766e-15
164,fixed_band,64,2,2,2,19,20261071,1.0,4,0.9999999999999998,3673.2063355415294,0.4613416317446705,0.05311064041759884,0.057667703968083815,0.9209771980343264,2.2369417970564895e-15
164,fixed_band,64,2,2,2,19,20261071,1.0,8,0.9999999999999998,3673.2063355415294,0.4613416317446705,0.026521758731875015,0.028833851984041908,0.9198132371128728,4.813548262913044e-15
165,fixed_band,64,2,2,2,20,20261072,0.1,1,1.000000000000001,5502.78854831927,0.4436490760415815,0.002217137696675403,0.002218245380207908,0.999500648781966,5.55524213021863e-16
165,fixed_band,64,2,2,2,20,20261072,0.1,2,1.000000000000001,5502.78854831927,0.4436490760415815,0.0011083612470085197,0.001109122690103954,0.9993134726191898,1.3333296237898083e-15
165,fixed_band,64,2,2,2,20,20261072,0.1,4,1.000000000000001,5502.78854831927,0.4436490760415815,0.0005541546802637692,0.000554561345051977,0.9992666910670277,2.8872508773362754e-15
165,fixed_band,64,2,2,2,20,20261072,0.1,8,1.000000000000001,5502.78854831927,0.4436490760415815,0.00027707409744348566,0.0002772806725259885,0.9992549964603701,4.115914706504773e-15
165,fixed_band,64,2,2,2,20,20261072,1.0,1,1.000000000000001,5502.78854831927,0.4436490760415815,0.21099756681014478,0.22182453802079075,0.9511912825008061,7.165907735358201e-16
165,fixed_band,64,2,2,2,20,20261072,1.0,2,1.000000000000001,5502.78854831927,0.4436490760415815,0.10355576348675173,0.11091226901039537,0.9336727524440588,1.3085428146946105e-15
165,fixed_band,64,2,2,2,20,20261072,1.0,4,1.000000000000001,5502.78854831927,0.4436490760415815,0.051541310178805554,0.055456134505197686,0.9294068300771088,2.3410548039084172e-15
165,fixed_band,64,2,2,2,20,20261072,1.0,8,1.000000000000001,5502.78854831927,0.4436490760415815,0.02574128077884714,0.027728067252598843,0.9283474590690959,5.1396454067635426e-15
166,fixed_band,64,2,2,2,21,20261073,0.1,1,1.0,4454.61369775486,0.44608520020677483,0.0022293833938404114,0.0022304260010338746,0.9995325524393188,6.667375489470608e-16
166,fixed_band,64,2,2,2,21,20261073,0.1,2,1.0,4454.61369775486,0.44608520020677483,0.0011144963765273809,0.0011152130005169373,0.9993574106567765,1.2213099542137003e-15
166,fixed_band,64,2,2,2,21,20261073,0.1,4,1.0,4454.61369775486,0.44608520020677483,0.0005572237821014319,0.0005576065002584686,0.9993136411486249,2.5539843709487142e-15
166,fixed_band,64,2,2,2,21,20261073,0.1,8,1.0,4454.61369775486,0.44608520020677483,0.000278608840558337,0.0002788032501292343,0.9993026997683592,4.893238945929786e-15
166,fixed_band,64,2,2,2,21,20261073,1.0,1,1.0,4454.61369775486,0.44608520020677483,0.21290583635730703,0.22304260010338742,0.9545523422817809,6.202565064936364e-16
166,fixed_band,64,2,2,2,21,20261073,1.0,2,1.0,4454.61369775486,0.44608520020677483,0.10471866808497735,0.11152130005169371,0.9390015004885782,1.1684186428666105e-15
166,fixed_band,64,2,2,2,21,20261073,1.0,4,1.0,4454.61369775486,0.44608520020677483,0.05215009963259782,0.055760650025846854,0.9352491337246709,2.50168325375966e-15
166,fixed_band,64,2,2,2,21,20261073,1.0,8,1.0,4454.61369775486,0.44608520020677483,0.026049121362396996,0.027880325012923427,0.9343191426327487,3.770488647748724e-15
167,fixed_band,64,2,2,2,22,20261074,0.1,1,0.9999999999999992,149892.7986357624,0.4478140892250548,0.0022378338781265956,0.0022390704461252744,0.9994477315348346,7.793772717860568e-16
167,fixed_band,64,2,2,2,22,20261074,0.1,2,0.9999999999999992,149892.7986357624,0.4478140892250548,0.0011186851700461097,0.0011195352230626372,0.9992407090022571,1.5565647671657708e-15
167,fixed_band,64,2,2,2,22,20261074,0.1,4,0.9999999999999992,149892.7986357624,0.4478140892250548,0.0005593136241329527,0.0005597676115313186,0.9991889716571418,2.3357009953451853e-15
167,fixed_band,64,2,2,2,22,20261074,0.1,8,0.9999999999999992,149892.7986357624,0.4478140892250548,0.00027965319227509595,0.0002798838057656593,0.9991760384637743,6.4458371286920556e-15
167,fixed_band,64,2,2,2,22,20261074,1.0,1,0.9999999999999992,149892.7986357624,0.4478140892250548,0.21189574797915142,0.2239070446125274,0.9463558788239039,6.775451912667684e-16
167,fixed_band,64,2,2,2,22,20261074,1.0,2,0.9999999999999992,149892.7986357624,0.4478140892250548,0.10378394828544961,0.1119535223062637,0.9270270925602043,1.6163944563300645e-15
167,fixed_band,64,2,2,2,22,20261074,1.0,4,0.9999999999999992,149892.7986357624,0.4478140892250548,0.05163084841985015,0.05597676115313185,0.9223621973877181,2.361853767907737e-15
167,fixed_band,64,2,2,2,22,20261074,1.0,8,0.9999999999999992,149892.7986357624,0.4478140892250548,0.025783065838905724,0.027988380576565924,0.9212060615073006,6.174690822606302e-15
168,fixed_band,64,2,2,2,23,20261075,0.1,1,1.0000000000000009,2537.204137785241,0.47277530477459356,0.0023627200176376435,0.0023638765238729684,0.9995107586104244,6.663913832607616e-16
168,fixed_band,64,2,2,2,23,20261075,0.1,2,1.0000000000000009,2537.204137785241,0.47277530477459356,0.0011811433099671673,0.0011819382619364842,0.9993274166723274,1.110483214171273e-15
168,fixed_band,64,2,2,2,23,20261075,0.1,4,1.0000000000000009,2537.204137785241,0.47277530477459356,0.0005905445762811735,0.0005909691309682421,0.9992815958316249,2.5540647387289008e-15
168,fixed_band,64,2,2,2,23,20261075,0.1,8,1.0000000000000009,2537.204137785241,0.47277530477459356,0.0002952689035730606,0.00029548456548412106,0.9992701415361337,5.552190128221218e-15
168,fixed_band,64,2,2,2,23,20261075,1.0,1,1.0000000000000009,2537.204137785241,0.47277530477459356,0.22501794844759945,0.23638765238729678,0.9519022934367602,6.283982223979839e-16
168,fixed_band,64,2,2,2,23,20261075,1.0,2,1.0000000000000009,2537.204137785241,0.47277530477459356,0.11051645734665143,0.11819382619364839,0.9350442481283381,1.3810394753953674e-15
168,fixed_band,64,2,2,2,23,20261075,1.0,4,1.0000000000000009,2537.204137785241,0.47277530477459356,0.05501678824340562,0.059096913096824195,0.9309587482727953,2.470427012591447e-15
168,fixed_band,64,2,2,2,23,20261075,1.0,8,1.0000000000000009,2537.204137785241,0.47277530477459356,0.027478446156584166,0.029548456548412098,0.9299452278180272,5.155796568244245e-15
169,fixed_band,64,4,2,4,0,20261076,0.1,1,0.9999999999999994,24516.95405935938,1.0930832321310653,0.0029367543543647036,0.005465416160655327,0.5373340781450344,8.887104664784826e-16
169,fixed_band,64,4,2,4,0,20261076,0.1,2,0.9999999999999994,24516.95405935938,1.0930832321310653,0.0014684012675848033,0.0027327080803276637,0.5373428937234802,1.5545699549710381e-15
169,fixed_band,64,4,2,4,0,20261076,0.1,4,0.9999999999999994,24516.95405935938,1.0930832321310653,0.0007342036398874684,0.0013663540401638319,0.5373450938085083,3.775529236940359e-15
169,fixed_band,64,4,2,4,0,20261076,0.1,8,0.9999999999999994,24516.95405935938,1.0930832321310653,0.0003671021955428889,0.0006831770200819159,0.5373456435915712,7.77267514145399e-15
169,fixed_band,64,4,2,4,0,20261076,1.0,1,0.9999999999999994,24516.95405935938,1.0930832321310653,0.28064652498203657,0.5465416160655326,0.5134952522048858,9.13174769861638e-16
169,fixed_band,64,4,2,4,0,20261076,1.0,2,0.9999999999999994,24516.95405935938,1.0930832321310653,0.1407997462167327,0.2732708080327663,0.5152388842054809,2.3556214669745783e-15
169,fixed_band,64,4,2,4,0,20261076,1.0,4,0.9999999999999994,24516.95405935938,1.0930832321310653,0.07045438763752745,0.13663540401638316,0.5156378622708919,3.281204252547386e-15
169,fixed_band,64,4,2,4,0,20261076,1.0,8,0.9999999999999994,24516.95405935938,1.0930832321310653,0.03523384388834098,0.06831770200819158,0.5157352026289803,6.764745011519207e-15
170,fixed_band,64,4,2,4,1,20261077,0.1,1,1.0000000000000002,2467.2169934632534,0.7984650037911765,0.0019474406692760017,0.003992325018955883,0.4877961238199283,1.1105505579028432e-15
170,fixed_band,64,4,2,4,1,20261077,0.1,2,1.0000000000000002,2467.2169934632534,0.7984650037911765,0.0009736195870938867,0.0019961625094779417,0.4877456532076231,1.999980546853745e-15
170,fixed_band,64,4,2,4,1,20261077,0.1,4,1.0000000000000002,2467.2169934632534,0.7984650037911765,0.00048679720222875796,0.0009980812547389709,0.48773303768346044,3.3331677406952256e-15
170,fixed_band,64,4,2,4,1,20261077,0.1,8,1.0000000000000002,2467.2169934632534,0.7984650037911765,0.00024339702726780925,0.0004990406273694854,0.48772988393908895,7.447891701542304e-15
170,fixed_band,64,4,2,4,1,20261077,1.0,1,1.0000000000000002,2467.2169934632534,0.7984650037911765,0.1878300940779928,0.39923250189558823,0.47047796255605523,8.892851043255381e-16
170,fixed_band,64,4,2,4,1,20261077,1.0,2,1.0000000000000002,2467.2169934632534,0.7984650037911765,0.09302232671634185,0.19961625094779412,0.4660057799636268,1.6655819312001964e-15
170,fixed_band,64,4,2,4,1,20261077,1.0,4,1.0000000000000002,2467.2169934632534,0.7984650037911765,0.046401077377010075,0.09980812547389706,0.46490280382177307,3.934558133498301e-15
170,fixed_band,64,4,2,4,1,20261077,1.0,8,1.0000000000000002,2467.2169934632534,0.7984650037911765,0.02318682256382819,0.04990406273694853,0.4646279539613689,6.8970765678594136e-15
171,fixed_band,64,4,2,4,2,20261078,0.1,1,0.9999999999999998,393853.62541913526,0.7398441308119995,0.0017476233467480558,0.0036992206540599985,0.4724301441250849,8.884053682087785e-16
171,fixed_band,64,4,2,4,2,20261078,0.1,2,0.9999999999999998,393853.62541913526,0.7398441308119995,0.0008737289772132928,0.0018496103270299992,0.47238543408020317,2.6677308723191267e-15
171,fixed_band,64,4,2,4,2,20261078,0.1,4,0.9999999999999998,393853.62541913526,0.7398441308119995,0.00043685415290695877,0.0009248051635149996,0.4723742579967476,3.9992032354444215e-15
171,fixed_band,64,4,2,4,2,20261078,0.1,8,0.9999999999999998,393853.62541913526,0.7398441308119995,0.0002184257845335469,0.0004624025817574998,0.47237146406785646,6.441195182707348e-15
171,fixed_band,64,4,2,4,2,20261078,1.0,1,0.9999999999999998,393853.62541913526,0.7398441308119995,0.16859297851206453,0.36992206540599976,0.45575269571180904,1.3015822677338445e-15
171,fixed_band,64,4,2,4,2,20261078,1.0,2,0.9999999999999998,393853.62541913526,0.7398441308119995,0.08352740644238857,0.18496103270299988,0.4515946154805062,2.1570845327290145e-15
171,fixed_band,64,4,2,4,2,20261078,1.0,4,0.9999999999999998,393853.62541913526,0.7398441308119995,0.0416687967969286,0.09248051635149994,0.4505683839237428,2.8072877869069946e-15
171,fixed_band,64,4,2,4,2,20261078,1.0,8,0.9999999999999998,393853.62541913526,0.7398441308119995,0.020822575215232977,0.04624025817574997,0.450312693672482,9.20140224908629e-15
172,fixed_band,64,4,2,4,3,20261079,0.1,1,0.9999999999999997,45343.449822965194,0.9696319291309548,0.0022989191832491367,0.004848159645654775,0.4741838865206455,1.1130965168594597e-15
172,fixed_band,64,4,2,4,3,20261079,0.1,2,0.9999999999999997,45343.449822965194,0.9696319291309548,0.0011492106978283783,0.0024240798228273874,0.4740812109429495,1.777009004858209e-15
172,fixed_band,64,4,2,4,3,20261079,0.1,4,0.9999999999999997,45343.449822965194,0.9696319291309548,0.0005745742252030363,0.0012120399114136937,0.47405553215889323,3.554631083960655e-15
172,fixed_band,64,4,2,4,3,20261079,0.1,8,0.9999999999999997,45343.449822965194,0.9696319291309548,0.0002872832217635715,0.0006060199557068468,0.47404911184565096,8.220208762102536e-15
172,fixed_band,64,4,2,4,3,20261079,1.0,1,0.9999999999999997,45343.449822965194,0.9696319291309548,0.2237809747389689,0.4848159645654774,0.461579219940778,1.0901225417603729e-15
172,fixed_band,64,4,2,4,3,20261079,1.0,2,0.9999999999999997,45343.449822965194,0.9696319291309548,0.10964404099758406,0.2424079822827387,0.45231200707614466,1.6404732854466274e-15
172,fixed_band,64,4,2,4,3,20261079,1.0,4,0.9999999999999997,45343.449822965194,0.9696319291309548,0.0545282086095701,0.12120399114136934,0.4498878963974853,4.470412729391515e-15
172,fixed_band,64,4,2,4,3,20261079,1.0,8,0.9999999999999997,45343.449822965194,0.9696319291309548,0.02722698657682383,0.06060199557068467,0.4492754128049619,6.903530445617483e-15
173,fixed_band,64,4,2,4,4,20261080,0.1,1,1.000000000000001,8144778.756391352,0.752619679551759,0.0016268049779572795,0.003763098397758796,0.43230466121379196,8.896588023382223e-16
173,fixed_band,64,4,2,4,4,20261080,0.1,2,1.000000000000001,8144778.756391352,0.752619679551759,0.0008133068110739373,0.001881549198879398,0.4322538106143181,1.9988907025275856e-15
173,fixed_band,64,4,2,4,4,20261080,0.1,4,1.000000000000001,8144778.756391352,0.752619679551759,0.00040664144647442905,0.000940774599439699,0.4322410986825263,3.775584695317362e-15
173,fixed_band,64,4,2,4,4,20261080,0.1,8,1.000000000000001,8144778.756391352,0.752619679551759,0.00020331922837525332,0.0004703872997198495,0.43223792074391676,9.458961740560564e-15
173,fixed_band,64,4,2,4,4,20261080,1.0,1,1.000000000000001,8144778.756391352,0.752619679551759,0.15772764744082843,0.3763098397758795,0.419143032599857,1.1907853915552205e-15
173,fixed_band,64,4,2,4,4,20261080,1.0,2,1.000000000000001,8144778.756391352,0.752619679551759,0.07795033285142278,0.18815491988793975,0.4142880393340126,1.8045650771384814e-15
173,fixed_band,64,4,2,4,4,20261080,1.0,4,1.000000000000001,8144778.756391352,0.752619679551759,0.03885934439046227,0.09407745994396988,0.4130569045295855,3.632249558674362e-15
173,fixed_band,64,4,2,4,4,20261080,1.0,8,1.000000000000001,8144778.756391352,0.752619679551759,0.019415104047290802,0.04703872997198494,0.4127471991453413,6.5246228232584375e-15
174,fixed_band,64,4,2,4,5,20261081,0.1,1,1.0000000000000002,7474.918339901549,0.785339259676704,0.0019156103185838575,0.003926696298383521,0.48784274948191053,9.993284471868409e-16
174,fixed_band,64,4,2,4,5,20261081,0.1,2,1.0000000000000002,7474.918339901549,0.785339259676704,0.0009576998396209069,0.0019633481491917607,0.48778910659077823,1.8902984995533732e-15
174,fixed_band,64,4,2,4,5,20261081,0.1,4,1.0000000000000002,7474.918339901549,0.785339259676704,0.0004788367528317887,0.0009816740745958803,0.48777569381050273,4.447513621035168e-15
174,fixed_band,64,4,2,4,5,20261081,0.1,8,1.0000000000000002,7474.918339901549,0.785339259676704,0.00023941673048130907,0.0004908370372979402,0.4877723404886052,6.99575010753507e-15
174,fixed_band,64,4,2,4,5,20261081,1.0,1,1.0000000000000002,7474.918339901549,0.785339259676704,0.1856192015084889,0.392669629838352,0.47271086787359046,1.127023844935802e-15
174,fixed_band,64,4,2,4,5,20261081,1.0,2,1.0000000000000002,7474.918339901549,0.785339259676704,0.09185275556975835,0.196334814919176,0.46783732985701404,1.888787210411352e-15
174,fixed_band,64,4,2,4,5,20261081,1.0,4,1.0000000000000002,7474.918339901549,0.785339259676704,0.0458045827448062,0.098167407459588,0.4665966427162936,3.76136219378753e-15
174,fixed_band,64,4,2,4,5,20261081,1.0,8,1.0000000000000002,7474.918339901549,0.785339259676704,0.022887003313255248,0.049083703729794,0.4662851735730518,6.549941241353e-15
175,fixed_band,64,4,2,4,6,20261082,0.1,1,1.0000000000000013,99367.79415178197,0.8883400066616248,0.001939960132314026,0.004441700033308125,0.43676072624588447,9.993053511327967e-16
175,fixed_band,64,4,2,4,6,20261082,0.1,2,1.0000000000000013,99367.79415178197,0.8883400066616248,0.0009698702434616874,0.0022208500166540626,0.4367112754975214,1.5557030235668372e-15
175,fixed_band,64,4,2,4,6,20261082,0.1,4,1.0000000000000013,99367.79415178197,0.8883400066616248,0.000484921403017602,0.0011104250083270313,0.43669892102681085,3.886195880316868e-15
175,fixed_band,64,4,2,4,6,20261082,0.1,8,1.0000000000000013,99367.79415178197,0.8883400066616248,0.00024245898695440983,0.0005552125041635156,0.4366958329220252,6.887618394515826e-15
175,fixed_band,64,4,2,4,6,20261082,1.0,1,1.0000000000000013,99367.79415178197,0.8883400066616248,0.19087436140757877,0.4441700033308124,0.42973266987013947,1.1105918676548418e-15
175,fixed_band,64,4,2,4,6,20261082,1.0,2,1.0000000000000013,99367.79415178197,0.8883400066616248,0.09450996279554477,0.2220850016654062,0.4255576112156088,2.0472216687629244e-15
175,fixed_band,64,4,2,4,6,20261082,1.0,4,1.0000000000000013,99367.79415178197,0.8883400066616248,0.04714725819234351,0.1110425008327031,0.4245875033324013,4.8507690538741605e-15
175,fixed_band,64,4,2,4,6,20261082,1.0,8,1.0000000000000013,99367.79415178197,0.8883400066616248,0.02356039856738023,0.05552125041635155,0.42434920666774933,8.044346202495602e-15
176,fixed_band,64,4,2,4,7,20261083,0.1,1,0.9999999999999999,7325.94212179028,0.5813735072378717,0.0013683130853947105,0.0029068675361893595,0.4707173850750851,8.89964995663458e-16
176,fixed_band,64,4,2,4,7,20261083,0.1,2,0.9999999999999999,7325.94212179028,0.5813735072378717,0.0006840414390599232,0.0014534337680946797,0.47063819079739677,2.6667785838586892e-15
176,fixed_band,64,4,2,4,7,20261083,0.1,4,0.9999999999999999,7325.94212179028,0.5813735072378717,0.00034200633384384564,0.0007267168840473399,0.47061839534963473,3.555919143318539e-15
176,fixed_band,64,4,2,4,7,20261083,0.1,8,0.9999999999999999,7325.94212179028,0.5813735072378717,0.00017100136878197834,0.00036335844202366993,0.4706134466825982,1.0678819089993141e-14
176,fixed_band,64,4,2,4,7,20261083,1.0,1,0.9999999999999999,7325.94212179028,0.5813735072378717,0.1325171544870737,0.29068675361893587,0.4558761375855185,1.0107336715427341e-15
176,fixed_band,64,4,2,4,7,20261083,1.0,2,0.9999999999999999,7325.94212179028,0.5813735072378717,0.06514612811399424,0.14534337680946793,0.448222200034577,1.442232658155312e-15
176,fixed_band,64,4,2,4,7,20261083,1.0,4,0.9999999999999999,7325.94212179028,0.5813735072378717,0.032435997819255824,0.07267168840473397,0.44633609774701316,3.179064986470534e-15
176,fixed_band,64,4,2,4,7,20261083,1.0,8,0.9999999999999999,7325.94212179028,0.5813735072378717,0.016200927204401614,0.03633584420236698,0.44586626676878627,7.298021396303757e-15
177,fixed_band,64,4,2,4,8,20261084,0.1,1,0.9999999999999999,2381.7676339255177,0.7337596154003666,0.001860710031156958,0.0036687980770018338,0.507171556489024,1.335478873929376e-15
177,fixed_band,64,4,2,4,8,20261084,0.1,2,0.9999999999999999,2381.7676339255177,0.7337596154003666,0.0009302438955962267,0.0018343990385009169,0.5071109808018807,1.7765859190527976e-15
177,fixed_band,64,4,2,4,8,20261084,0.1,4,0.9999999999999999,2381.7676339255177,0.7337596154003666,0.00046510806134090614,0.0009171995192504584,0.5070958407402956,3.780666870612707e-15
177,fixed_band,64,4,2,4,8,20261084,0.1,8,0.9999999999999999,2381.7676339255177,0.7337596154003666,0.00023255229497438996,0.0004585997596252292,0.5070920559671319,8.99865326665721e-15
177,fixed_band,64,4,2,4,8,20261084,1.0,1,0.9999999999999999,2381.7676339255177,0.7337596154003666,0.17958516004287192,0.3668798077001833,0.48949316989838304,1.167749773024036e-15
177,fixed_band,64,4,2,4,8,20261084,1.0,2,0.9999999999999999,2381.7676339255177,0.7337596154003666,0.08877377327999894,0.18343990385009165,0.48393927066460674,1.7245210418425766e-15
177,fixed_band,64,4,2,4,8,20261084,1.0,4,0.9999999999999999,2381.7676339255177,0.7337596154003666,0.044262672421407044,0.09171995192504583,0.48258499369448865,3.972679592727708e-15
177,fixed_band,64,4,2,4,8,20261084,1.0,8,0.9999999999999999,2381.7676339255177,0.7337596154003666,0.022115904628910568,0.04585997596252291,0.4822485002387231,5.775872158548556e-15
178,fixed_band,64,4,2,4,9,20261085,0.1,1,1.0000000000000002,24587.706147658308,0.6174377382120946,0.0014545955130706352,0.0030871886910604734,0.4711715604824175,8.885138185763938e-16
178,fixed_band,64,4,2,4,9,20261085,0.1,2,1.0000000000000002,24587.706147658308,0.6174377382120946,0.0007270544408198322,0.0015435943455302367,0.4710139311699042,2.111106081844302e-15
178,fixed_band,64,4,2,4,9,20261085,0.1,4,1.0000000000000002,24587.706147658308,0.6174377382120946,0.00036349676076587715,0.0007717971727651184,0.47097446530359394,4.223075219815406e-15
178,fixed_band,64,4,2,4,9,20261085,0.1,8,1.0000000000000002,24587.706147658308,0.6174377382120946,0.00018174457150255628,0.0003858985863825592,0.47096459514465405,7.5610295799081e-15
178,fixed_band,64,4,2,4,9,20261085,1.0,1,1.0000000000000002,24587.706147658308,0.6174377382120946,0.14116504674478675,0.3087188691060473,0.45726083136270973,1.1933996401381569e-15
178,fixed_band,64,4,2,4,9,20261085,1.0,2,1.0000000000000002,24587.706147658308,0.6174377382120946,0.06844558539088066,0.15435943455302364,0.4434169222573116,1.5725024493909195e-15
178,fixed_band,64,4,2,4,9,20261085,1.0,4,1.0000000000000002,24587.706147658308,0.6174377382120946,0.03392653802206699,0.07717971727651182,0.43957841799961983,3.5514291406430695e-15
178,fixed_band,64,4,2,4,9,20261085,1.0,8,1.0000000000000002,24587.706147658308,0.6174377382120946,0.01692420158046308,0.03858985863825591,0.43856604241833985,8.436231889997286e-15
179,fixed_band,64,4,2,4,10,20261086,0.1,1,1.0000000000000004,871.6184602757938,0.8557247346910913,0.0015184690899470751,0.004278623673455458,0.35489662233386954,8.8821388177539e-16
179,fixed_band,64,4,2,4,10,20261086,0.1,2,1.0000000000000004,871.6184602757938,0.8557247346910913,0.000758454707336312,0.002139311836727729,0.35453209500137073,1.776470852845973e-15
179,fixed_band,64,4,2,4,10,20261086,0.1,4,1.0000000000000004,871.6184602757938,0.8557247346910913,0.000379161028535698,0.0010696559183638644,0.3544700889568854,2.6668084717631577e-15
179,fixed_band,64,4,2,4,10,20261086,0.1,8,1.0000000000000004,871.6184602757938,0.8557247346910913,0.0001895731046533068,0.0005348279591819322,0.3544562347549594,5.566543462875124e-15
179,fixed_band,64,4,2,4,10,20261086,1.0,1,1.0000000000000004,871.6184602757938,0.8557247346910913,0.1568804704867921,0.42786236734554567,0.36666106313597324,7.923218900591156e-16
179,fixed_band,64,4,2,4,10,20261086,1.0,2,1.0000000000000004,871.6184602757938,0.8557247346910913,0.07514369224531676,0.21393118367277283,0.35125170138943307,2.113692790852872e-15
179,fixed_band,64,4,2,4,10,20261086,1.0,4,1.0000000000000004,871.6184602757938,0.8557247346910913,0.03763721606414429,0.10696559183638642,0.35186283194425577,3.265288490483743e-15
179,fixed_band,64,4,2,4,10,20261086,1.0,8,1.0000000000000004,871.6184602757938,0.8557247346910913,0.018827125208774876,0.05348279591819321,0.35202208271932295,7.822933433358786e-15
180,fixed_band,64,4,2,4,11,20261087,0.1,1,0.9999999999999999,3814.58253132081,0.7729513932377039,0.0017166804392104327,0.0038647569661885203,0.4441884584798221,8.887610193097979e-16
180,fixed_band,64,4,2,4,11,20261087,0.1,2,0.9999999999999999,3814.58253132081,0.7729513932377039,0.000858439872595703,0.0019323784830942601,0.4442400285999401,2.004042628999397e-15
180,fixed_band,64,4,2,4,11,20261087,0.1,4,0.9999999999999999,3814.58253132081,0.7729513932377039,0.00042923239781927474,0.0009661892415471301,0.4442529261989687,3.778820279662365e-15
180,fixed_band,64,4,2,4,11,20261087,0.1,8,0.9999999999999999,3814.58253132081,0.7729513932377039,0.0002146177567531103,0.00048309462077356503,0.4442561509160447,6.6715450188707766e-15
180,fixed_band,64,4,2,4,11,20261087,1.0,1,0.9999999999999999,3814.58253132081,0.7729513932377039,0.16793972663254692,0.38647569661885195,0.4345414940752964,1.1401773399576857e-15
180,fixed_band,64,4,2,4,11,20261087,1.0,2,0.9999999999999999,3814.58253132081,0.7729513932377039,0.08497918704924429,0.19323784830942597,0.4397647137592303,2.9382046611942453e-15
180,fixed_band,64,4,2,4,11,20261087,1.0,4,0.9999999999999999,3814.58253132081,0.7729513932377039,0.042620604324434326,0.09661892415471299,0.4411206675846155,3.4502007755729625e-15
180,fixed_band,64,4,2,4,11,20261087,1.0,8,0.9999999999999999,3814.58253132081,0.7729513932377039,0.021326836728060124,0.048309462077356494,0.4414629310901889,7.658840885866218e-15
181,fixed_band,64,4,2,4,12,20261088,0.1,1,0.9999999999999991,279.97179781004695,0.6926019061540368,0.0015551479589224824,0.0034630095307701847,0.4490741203870185,8.907057637315604e-16
181,fixed_band,64,4,2,4,12,20261088,0.1,2,0.9999999999999991,279.97179781004695,0.6926019061540368,0.0007773894599290843,0.0017315047653850924,0.4489675543897162,2.2211032581469645e-15
181,fixed_band,64,4,2,4,12,20261088,0.1,4,0.9999999999999991,279.97179781004695,0.6926019061540368,0.0003886716772463464,0.0008657523826925462,0.44894092700912036,3.3319861264494473e-15
181,fixed_band,64,4,2,4,12,20261088,0.1,8,0.9999999999999991,279.97179781004695,0.6926019061540368,0.0001943329574149425,0.0004328761913462731,0.4489342710453868,7.553036350510004e-15
181,fixed_band,64,4,2,4,12,20261088,1.0,1,0.9999999999999991,279.97179781004695,0.6926019061540368,0.15058989246335097,0.3463009530770184,0.43485266536317996,9.111002980412064e-16
181,fixed_band,64,4,2,4,12,20261088,1.0,2,0.9999999999999991,279.97179781004695,0.6926019061540368,0.0738004574635651,0.1731504765385092,0.42622150939995623,1.8957925735890046e-15
181,fixed_band,64,4,2,4,12,20261088,1.0,4,0.9999999999999991,279.97179781004695,0.6926019061540368,0.03694275949581513,0.0865752382692546,0.4267127672339838,3.760344642032404e-15
181,fixed_band,64,4,2,4,12,20261088,1.0,8,0.9999999999999991,279.97179781004695,0.6926019061540368,0.018477633210677438,0.0432876191346273,0.42685723031361,8.639689251197818e-15
182,fixed_band,64,4,2,4,13,20261089,0.1,1,1.0,931.445417245668,0.5853291659857653,0.0014615425170162067,0.0029266458299288273,0.4993916592400761,8.89627136751804e-16
182,fixed_band,64,4,2,4,13,20261089,0.1,2,1.0,931.445417245668,0.5853291659857653,0.0007306768256687621,0.0014633229149644137,0.4993271260885922,2.2219741924960487e-15
182,fixed_band,64,4,2,4,13,20261089,0.1,4,1.0,931.445417245668,0.5853291659857653,0.00036532661270866854,0.0007316614574822068,0.49931099823930913,3.997990224753733e-15
182,fixed_band,64,4,2,4,13,20261089,0.1,8,1.0,931.445417245668,0.5853291659857653,0.00018266183146268416,0.0003658307287411034,0.4993069666161178,6.441964641610028e-15
182,fixed_band,64,4,2,4,13,20261089,1.0,1,1.0,931.445417245668,0.5853291659857653,0.1411818553309839,0.29266458299288267,0.4824015734572752,9.299063530064223e-16
182,fixed_band,64,4,2,4,13,20261089,1.0,2,1.0,931.445417245668,0.5853291659857653,0.06970426685968423,0.14633229149644134,0.476342344856804,1.973897487165485e-15
182,fixed_band,64,4,2,4,13,20261089,1.0,4,1.0,931.445417245668,0.5853291659857653,0.03474499926590928,0.07316614574822067,0.47487808617763966,3.856740088656432e-15
182,fixed_band,64,4,2,4,13,20261089,1.0,8,1.0,931.445417245668,0.5853291659857653,0.017359215424774976,0.036583072874110334,0.47451496172865265,7.459635966460618e-15
183,fixed_band,64,4,2,4,14,20261090,0.1,1,1.0000000000000007,946.2317380410253,0.9058716940526006,0.0023384105132313784,0.004529358470263004,0.516278525664054,8.882986655323917e-16
183,fixed_band,64,4,2,4,14,20261090,0.1,2,1.0000000000000007,946.2317380410253,0.9058716940526006,0.0011689749861625422,0.002264679235131502,0.5161768466052385,1.6662698923221901e-15
183,fixed_band,64,4,2,4,14,20261090,0.1,4,1.0000000000000007,946.2317380410253,0.9058716940526006,0.0005844586976613797,0.001132339617565751,0.5161514165845585,3.553182149928408e-15
183,fixed_band,64,4,2,4,14,20261090,0.1,8,1.0000000000000007,946.2317380410253,0.9058716940526006,0.0002922257490411203,0.0005661698087828755,0.5161450584398577,7.775462150130007e-15
183,fixed_band,64,4,2,4,14,20261090,1.0,1,1.0000000000000007,946.2317380410253,0.9058716940526006,0.22757930764965215,0.4529358470263003,0.5024537341078182,8.372704895940484e-16
183,fixed_band,64,4,2,4,14,20261090,1.0,2,1.0000000000000007,946.2317380410253,0.9058716940526006,0.11176936419227812,0.22646792351315015,0.4935328697257565,1.6728587102865744e-15
183,fixed_band,64,4,2,4,14,20261090,1.0,4,1.0000000000000007,946.2317380410253,0.9058716940526006,0.055619938624948136,0.11323396175657507,0.4911948479248408,3.5780289008662794e-15
183,fixed_band,64,4,2,4,14,20261090,1.0,8,1.0000000000000007,946.2317380410253,0.9058716940526006,0.02777651165472801,0.05661698087828754,0.49060390052307135,6.4413561166227375e-15
184,fixed_band,64,4,2,4,15,20261091,0.1,1,1.0000000000000002,3076.0940637538256,0.7103053638593987,0.0016063562245263732,0.003551526819296994,0.4523001813750467,7.782672337903711e-16
184,fixed_band,64,4,2,4,15,20261091,0.1,2,1.0000000000000002,3076.0940637538256,0.7103053638593987,0.0008031583180358411,0.001775763409648497,0.4522890344918314,1.4435601809061907e-15
184,fixed_band,64,4,2,4,15,20261091,0.1,4,1.0000000000000002,3076.0940637538256,0.7103053638593987,0.0004015766902240096,0.0008878817048242485,0.4522862539480973,3.220515084217531e-15
184,fixed_band,64,4,2,4,15,20261091,0.1,8,1.0000000000000002,3076.0940637538256,0.7103053638593987,0.0002007880366842105,0.00044394085241212427,0.45228555919835156,9.33048094903317e-15
184,fixed_band,64,4,2,4,15,20261091,1.0,1,1.0000000000000002,3076.0940637538256,0.7103053638593987,0.15744094436138664,0.35515268192969934,0.44330495691582944,8.728821578503023e-16
184,fixed_band,64,4,2,4,15,20261091,1.0,2,1.0000000000000002,3076.0940637538256,0.7103053638593987,0.0786377384416037,0.17757634096484967,0.44283905172463056,1.5991386578356637e-15
184,fixed_band,64,4,2,4,15,20261091,1.0,4,1.0000000000000002,3076.0940637538256,0.7103053638593987,0.039310722763899,0.08878817048242484,0.44274730012237784,4.000911341339324e-15
184,fixed_band,64,4,2,4,15,20261091,1.0,8,1.0000000000000002,3076.0940637538256,0.7103053638593987,0.019654400903758574,0.04439408524121242,0.4427256648485411,8.59548183223826e-15
185,fixed_band,64,4,2,4,16,20261092,0.1,1,1.0000000000000009,962.979631539349,0.604674218735201,0.001547843829172902,0.0030233710936760057,0.5119595912028568,8.882447180688874e-16
185,fixed_band,64,4,2,4,16,20261092,0.1,2,1.0000000000000009,962.979631539349,0.604674218735201,0.00077382802062853,0.0015116855468380029,0.5118974791067814,1.9995504294407e-15
185,fixed_band,64,4,2,4,16,20261092,0.1,4,1.0000000000000009,962.979631539349,0.604674218735201,0.0003869022776555058,0.0007558427734190014,0.5118819564886234,4.664732466631359e-15
185,fixed_band,64,4,2,4,16,20261092,0.1,8,1.0000000000000009,962.979631539349,0.604674218735201,0.00019344967237323608,0.0003779213867095007,0.5118780761723238,7.44000036180191e-15
185,fixed_band,64,4,2,4,16,20261092,1.0,1,1.0000000000000009,962.979631539349,0.604674218735201,0.1474280541711951,0.3023371093676005,0.48762804698229345,1.2731690951550156e-15
185,fixed_band,64,4,2,4,16,20261092,1.0,2,1.0000000000000009,962.979631539349,0.604674218735201,0.07290483426693638,0.15116855468380025,0.48227512937086453,2.595552303259933e-15
185,fixed_band,64,4,2,4,16,20261092,1.0,4,1.0000000000000009,962.979631539349,0.604674218735201,0.036409052346169445,0.07558427734190012,0.4817014017541727,3.4893217775546082e-15
185,fixed_band,64,4,2,4,16,20261092,1.0,8,1.0000000000000009,962.979631539349,0.604674218735201,0.018199063836851426,0.03779213867095006,0.48155686544515736,7.723418393742103e-15
186,fixed_band,64,4,2,4,17,20261093,0.1,1,1.0000000000000004,12894.770532111015,0.7104642081570877,0.001761316640432097,0.003552321040785439,0.49582135741950273,8.8839886479888e-16
186,fixed_band,64,4,2,4,17,20261093,0.1,2,1.0000000000000004,12894.770532111015,0.7104642081570877,0.0008805118059405028,0.0017761605203927195,0.49573886809837237,1.998844127716486e-15
186,fixed_band,64,4,2,4,17,20261093,0.1,4,1.0000000000000004,12894.770532111015,0.7104642081570877,0.0004402375905393807,0.0008880802601963598,0.4957182478552576,4.108033232415847e-15
186,fixed_band,64,4,2,4,17,20261093,0.1,8,1.0000000000000004,12894.770532111015,0.7104642081570877,0.0002201165062736445,0.0004440401300981799,0.4957130929246765,8.561334624887578e-15
186,fixed_band,64,4,2,4,17,20261093,1.0,1,1.0000000000000004,12894.770532111015,0.7104642081570877,0.16969985758656694,0.35523210407854383,0.47771543066683336,8.930171254501887e-16
186,fixed_band,64,4,2,4,17,20261093,1.0,2,1.0000000000000004,12894.770532111015,0.7104642081570877,0.08344701391008681,0.17761605203927192,0.4698168490516623,1.781313190802851e-15
186,fixed_band,64,4,2,4,17,20261093,1.0,4,1.0000000000000004,12894.770532111015,0.7104642081570877,0.04154951428935812,0.08880802601963596,0.4678576492643952,3.520064083792791e-15
186,fixed_band,64,4,2,4,17,20261093,1.0,8,1.0000000000000004,12894.770532111015,0.7104642081570877,0.020753049538780054,0.04440401300981798,0.4673687834068384,8.701394530415334e-15
187,fixed_band,64,4,2,4,18,20261094,0.1,1,1.0000000000000004,294.91038384408347,0.7341839862258979,0.0022841968768105617,0.00367091993112949,0.6222409967159777,8.885245672128926e-16
187,fixed_band,64,4,2,4,18,20261094,0.1,2,1.0000000000000004,294.91038384408347,0.7341839862258979,0.0011420751831311138,0.001835459965564745,0.6222283267179372,1.5564541971599324e-15
187,fixed_band,64,4,2,4,18,20261094,0.1,4,1.0000000000000004,294.91038384408347,0.7341839862258979,0.0005710346886487574,0.0009177299827823725,0.622225163568804,4.001145378587135e-15
187,fixed_band,64,4,2,4,18,20261094,0.1,8,1.0000000000000004,294.91038384408347,0.7341839862258979,0.00028551698158547266,0.00045886499139118623,0.6222243730554442,1.0667589451233454e-14
187,fixed_band,64,4,2,4,18,20261094,1.0,1,1.0000000000000004,294.91038384408347,0.7341839862258979,0.22143007437974618,0.36709199311294893,0.6032005016018296,9.358893605638867e-16
187,fixed_band,64,4,2,4,18,20261094,1.0,2,1.0000000000000004,294.91038384408347,0.7341839862258979,0.1106459561343277,0.18354599655647447,0.6028241324254846,1.638834374435917e-15
187,fixed_band,64,4,2,4,18,20261094,1.0,4,1.0000000000000004,294.91038384408347,0.7341839862258979,0.0553180573453819,0.09177299827823723,0.6027705140205696,3.79298478640224e-15
187,fixed_band,64,4,2,4,18,20261094,1.0,8,1.0000000000000004,294.91038384408347,0.7341839862258979,0.027658528595012142,0.04588649913911862,0.6027596158764925,5.3584042327547596e-15
188,fixed_band,64,4,2,4,19,20261095,0.1,1,1.0000000000000004,11097875.632910348,0.7269208832486702,0.0017977944579410632,0.003634604416243352,0.4946327721131271,1.003886265855879e-15
188,fixed_band,64,4,2,4,19,20261095,0.1,2,1.0000000000000004,11097875.632910348,0.7269208832486702,0.0008986026211277011,0.001817302208121676,0.4944706593717713,1.9984529554350905e-15
188,fixed_band,64,4,2,4,19,20261095,0.1,4,1.0000000000000004,11097875.632910348,0.7269208832486702,0.00044926448997030527,0.000908651104060838,0.49443013711478984,4.2189657828351006e-15
188,fixed_band,64,4,2,4,19,20261095,0.1,8,1.0000000000000004,11097875.632910348,0.7269208832486702,0.00022462764258063142,0.000454325552030419,0.4944200069240034,7.11631144194963e-15
188,fixed_band,64,4,2,4,19,20261095,1.0,1,1.0000000000000004,11097875.632910348,0.7269208832486702,0.17290530530277692,0.3634604416243351,0.47571973590866906,1.1225794208599005e-15
188,fixed_band,64,4,2,4,19,20261095,1.0,2,1.0000000000000004,11097875.632910348,0.7269208832486702,0.08362292888050969,0.18173022081216755,0.460148722137638,1.8301822286877915e-15
188,fixed_band,64,4,2,4,19,20261095,1.0,4,1.0000000000000004,11097875.632910348,0.7269208832486702,0.041462191417155424,0.09086511040608378,0.4563048592783019,4.578201138657914e-15
188,fixed_band,64,4,2,4,19,20261095,1.0,8,1.0000000000000004,11097875.632910348,0.7269208832486702,0.020687591053520752,0.04543255520304189,0.4553472936106318,7.813025920240867e-15
189,fixed_band,64,4,2,4,20,20261096,0.1,1,0.9999999999999994,28153616.32380962,0.9254403839122778,0.0024250391288582703,0.00462720191956139,0.5240832734371226,1.1126496561658314e-15
189,fixed_band,64,4,2,4,20,20261096,0.1,2,0.9999999999999994,28153616.32380962,0.9254403839122778,0.0012124694029058561,0.002313600959780695,0.5240615922897894,2.1122146911006854e-15
189,fixed_band,64,4,2,4,20,20261096,0.1,4,0.9999999999999994,28153616.32380962,0.9254403839122778,0.0006062284373845802,0.0011568004798903474,0.5240561772951929,3.333532851372229e-15
189,fixed_band,64,4,2,4,20,20261096,0.1,8,0.9999999999999994,28153616.32380962,0.9254403839122778,0.0003031134358761267,0.0005784002399451737,0.5240548238791509,6.219857156276743e-15
189,fixed_band,64,4,2,4,20,20261096,1.0,1,0.9999999999999994,28153616.32380962,0.9254403839122778,0.23453373331457236,0.4627201919561389,0.5068586532242876,9.487351891947205e-16
189,fixed_band,64,4,2,4,20,20261096,1.0,2,0.9999999999999994,28153616.32380962,0.9254403839122778,0.11694785652666359,0.23136009597806945,0.505479806412896,1.898820859959109e-15
189,fixed_band,64,4,2,4,20,20261096,1.0,4,0.9999999999999994,28153616.32380962,0.9254403839122778,0.05843955224900105,0.11568004798903472,0.5051826418203121,2.9331994614410127e-15
189,fixed_band,64,4,2,4,20,20261096,1.0,8,0.9999999999999994,28153616.32380962,0.9254403839122778,0.029215647282598043,0.05784002399451736,0.5051112579996057,6.4831817386752685e-15
190,fixed_band,64,4,2,4,21,20261097,0.1,1,0.9999999999999996,10223.593046671936,0.7489522015649716,0.001860984433982799,0.0037447610078248585,0.49695679646689933,8.90725812774435e-16
190,fixed_band,64,4,2,4,21,20261097,0.1,2,0.9999999999999996,10223.593046671936,0.7489522015649716,0.0009303018185675857,0.0018723805039124292,0.49685510857631515,1.666327743709276e-15
190,fixed_band,64,4,2,4,21,20261097,0.1,4,0.9999999999999996,10223.593046671936,0.7489522015649716,0.000465127093971267,0.0009361902519562146,0.49682967003700534,3.663969348984523e-15
190,fixed_band,64,4,2,4,21,20261097,0.1,8,0.9999999999999996,10223.593046671936,0.7489522015649716,0.00023256056958413564,0.0004680951259781073,0.4968233093608679,7.32820851454813e-15
190,fixed_band,64,4,2,4,21,20261097,1.0,1,0.9999999999999996,10223.593046671936,0.7489522015649716,0.17977487244980386,0.3744761007824858,0.48007034914686314,9.492040136420602e-16
190,fixed_band,64,4,2,4,21,20261097,1.0,2,0.9999999999999996,10223.593046671936,0.7489522015649716,0.08813685187644102,0.1872380503912429,0.47072083741672616,2.1169204814944284e-15
190,fixed_band,64,4,2,4,21,20261097,1.0,4,0.9999999999999996,10223.593046671936,0.7489522015649716,0.04382699685165371,0.09361902519562144,0.4681419910117105,3.999091099523141e-15
190,fixed_band,64,4,2,4,21,20261097,1.0,8,0.9999999999999996,10223.593046671936,0.7489522015649716,0.021882016661055492,0.04680951259781072,0.46746944043333005,9.127435431965552e-15
191,fixed_band,64,4,2,4,22,20261098,0.1,1,0.9999999999999977,910863.8693293744,0.613294788210334,0.0014680955015322662,0.0030664739410516707,0.47875688160218693,8.88952630647604e-16
191,fixed_band,64,4,2,4,22,20261098,0.1,2,0.9999999999999977,910863.8693293744,0.613294788210334,0.0007339992563256758,0.0015332369705258354,0.4787252528054715,1.998707289596195e-15
191,fixed_band,64,4,2,4,22,20261098,0.1,4,0.9999999999999977,910863.8693293744,0.613294788210334,0.00036699356756826173,0.0007666184852629177,0.47871734718528014,2.8879088373759988e-15
191,fixed_band,64,4,2,4,22,20261098,0.1,8,0.9999999999999977,910863.8693293744,0.613294788210334,0.0001834960262485017,0.00038330924263145884,0.4787153708811765,7.780671419991752e-15
191,fixed_band,64,4,2,4,22,20261098,1.0,1,0.9999999999999977,910863.8693293744,0.613294788210334,0.14065971419332401,0.306647394105167,0.45870180832217905,1.0142237966539359e-15
191,fixed_band,64,4,2,4,22,20261098,1.0,2,0.9999999999999977,910863.8693293744,0.613294788210334,0.06988276090690664,0.1533236970525835,0.45578578034770334,1.7231576609742746e-15
191,fixed_band,64,4,2,4,22,20261098,1.0,4,0.9999999999999977,910863.8693293744,0.613294788210334,0.03488662839705817,0.07666184852629175,0.4550715782061209,3.7512693811139994e-15
191,fixed_band,64,4,2,4,22,20261098,1.0,8,0.9999999999999977,910863.8693293744,0.613294788210334,0.01743650470702563,0.038330924263145875,0.45489392813286134,7.81004612847195e-15
192,fixed_band,64,4,2,4,23,20261099,0.1,1,0.9999999999999998,692.2053575838394,0.8132535287186653,0.00190798251212126,0.004066267643593327,0.4692220678408644,1.1123821370144486e-15
192,fixed_band,64,4,2,4,23,20261099,0.1,2,0.9999999999999998,692.2053575838394,0.8132535287186653,0.0009539526943680875,0.0020331338217966636,0.4692031012130266,2.442706207381812e-15
192,fixed_band,64,4,2,4,23,20261099,0.1,4,0.9999999999999998,692.2053575838394,0.8132535287186653,0.0004769715379392068,0.0010165669108983318,0.4691983703440741,4.332249471848033e-15
192,fixed_band,64,4,2,4,23,20261099,0.1,8,0.9999999999999998,692.2053575838394,0.8132535287186653,0.0002384851681574963,0.0005082834554491659,0.469197188302635,5.331742927729382e-15
192,fixed_band,64,4,2,4,23,20261099,1.0,1,0.9999999999999998,692.2053575838394,0.8132535287186653,0.1836513272232304,0.40662676435933265,0.451645940012299,1.132181032339439e-15
192,fixed_band,64,4,2,4,23,20261099,1.0,2,0.9999999999999998,692.2053575838394,0.8132535287186653,0.0915883480171001,0.20331338217966632,0.45047869960750664,1.820850303336172e-15
192,fixed_band,64,4,2,4,23,20261099,1.0,4,0.9999999999999998,692.2053575838394,0.8132535287186653,0.04577518130299843,0.10165669108983316,0.4502918677782586,3.630048752139288e-15
192,fixed_band,64,4,2,4,23,20261099,1.0,8,0.9999999999999998,692.2053575838394,0.8132535287186653,0.022885546430698105,0.05082834554491658,0.4502516496523449,7.639958359530559e-15
193,fixed_band,128,2,2,2,0,20261100,0.1,1,0.9999999999999977,59327.710708553306,0.45948528836555186,0.002296137348373222,0.0022974264418277597,0.9994388967450413,6.671527011745359e-16
193,fixed_band,128,2,2,2,0,20261100,0.1,2,0.9999999999999977,59327.710708553306,0.45948528836555186,0.0011478270939892278,0.0011487132209138798,0.9992285916897978,1.2221205107284613e-15
193,fixed_band,128,2,2,2,0,20261100,0.1,4,0.9999999999999977,59327.710708553306,0.45948528836555186,0.0005738833611748492,0.0005743566104569399,0.9991760358051521,2.99985885482911e-15
193,fixed_band,128,2,2,2,0,20261100,0.1,8,0.9999999999999977,59327.710708553306,0.45948528836555186,0.00028693790772572073,0.00028717830522846996,0.9991628981076479,5.995848439478787e-15
193,fixed_band,128,2,2,2,0,20261100,1.0,1,0.9999999999999977,59327.710708553306,0.45948528836555186,0.21725467973111592,0.22974264418277593,0.945643681014984,6.831233548980409e-16
193,fixed_band,128,2,2,2,0,20261100,1.0,2,0.9999999999999977,59327.710708553306,0.45948528836555186,0.10641404338875131,0.11487132209138796,0.9263760654211997,1.3943709782959593e-15
193,fixed_band,128,2,2,2,0,20261100,1.0,4,0.9999999999999977,59327.710708553306,0.45948528836555186,0.052940799559006664,0.05743566104569398,0.9217409288088223,2.5382385545521174e-15
193,fixed_band,128,2,2,2,0,20261100,1.0,8,0.9999999999999977,59327.710708553306,0.45948528836555186,0.026437432291751377,0.02871783052284699,0.9205929490641223,5.4785344405526084e-15
194,fixed_band,128,2,2,2,1,20261101,0.1,1,0.9999999999999999,237.71321098201946,0.4554655496744043,0.0022761568730656065,0.002277327748372022,0.9994858556010427,6.669513851921625e-16
194,fixed_band,128,2,2,2,1,20261101,0.1,2,0.9999999999999999,237.71321098201946,0.4554655496744043,0.0011378589954886744,0.001138663874186011,0.999293137583809,1.3331240402175687e-15
194,fixed_band,128,2,2,2,1,20261101,0.1,4,0.9999999999999999,237.71321098201946,0.4554655496744043,0.0005689020758619187,0.0005693319370930055,0.9992449725668269,3.1147293250442967e-15
194,fixed_band,128,2,2,2,1,20261101,0.1,8,0.9999999999999999,237.71321098201946,0.4554655496744043,0.00028444761045315115,0.00028466596854650274,0.9992329322171297,6.8884141700268216e-15
194,fixed_band,128,2,2,2,1,20261101,1.0,1,0.9999999999999999,237.71321098201946,0.4554655496744043,0.21630302300500698,0.22773277483720214,0.9498106856144625,8.043854204502067e-16
194,fixed_band,128,2,2,2,1,20261101,1.0,2,0.9999999999999999,237.71321098201946,0.4554655496744043,0.1061044249974007,0.11386638741860107,0.9318327155434776,1.4647994233097373e-15
194,fixed_band,128,2,2,2,1,20261101,1.0,4,0.9999999999999999,237.71321098201946,0.4554655496744043,0.05280387187006594,0.056933193709300535,0.9274707500106386,2.5166777187277817e-15
194,fixed_band,128,2,2,2,1,20261101,1.0,8,0.9999999999999999,237.71321098201946,0.4554655496744043,0.026371126655901123,0.028466596854650267,0.9263884541784688,5.5821359232896095e-15
195,fixed_band,128,2,2,2,2,20261102,0.1,1,1.0000000000000007,355.2464370722928,0.46425089931921254,0.002320123425442059,0.0023212544965960633,0.999512732810787,6.668168342829449e-16
195,fixed_band,128,2,2,2,2,20261102,0.1,2,1.0000000000000007,355.2464370722928,0.46425089931921254,0.0011598497727464024,0.0011606272482980317,0.9993301246780399,1.6658313697031842e-15
195,fixed_band,128,2,2,2,2,20261102,0.1,4,1.0000000000000007,355.2464370722928,0.46425089931921254,0.0005798984010487764,0.0005803136241490158,0.9992844850043829,2.670950903377975e-15
195,fixed_band,128,2,2,2,2,20261102,0.1,8,1.0000000000000007,355.2464370722928,0.46425089931921254,0.00028994589008333083,0.0002901568120745079,0.9992730758596736,5.5513679046634756e-15
195,fixed_band,128,2,2,2,2,20261102,1.0,1,1.0000000000000007,355.2464370722928,0.46425089931921254,0.22102591093575014,0.23212544965960627,0.9521830168121043,7.340977805818193e-16
195,fixed_band,128,2,2,2,2,20261102,1.0,2,1.0000000000000007,355.2464370722928,0.46425089931921254,0.1085628408345537,0.11606272482980313,0.9353807692672438,1.6702133175606494e-15
195,fixed_band,128,2,2,2,2,20261102,1.0,4,1.0000000000000007,355.2464370722928,0.46425089931921254,0.05404383332970148,0.05803136241490157,0.9312866539873592,2.6450858321783425e-15
195,fixed_band,128,2,2,2,2,20261102,1.0,8,1.0000000000000007,355.2464370722928,0.46425089931921254,0.02699240879500061,0.029015681207450784,0.9302696911375415,5.980721082963004e-15
196,fixed_band,128,2,2,2,3,20261103,0.1,1,0.9999999999999998,4994.7798701642505,0.4505186444838724,0.0022514718648808563,0.0022525932224193627,0.9995021926163384,7.781348005450493e-16
196,fixed_band,128,2,2,2,3,20261103,0.1,2,0.9999999999999998,4994.7798701642505,0.4505186444838724,0.0011255257765532222,0.0011262966112096813,0.9993156024365276,1.7786955881604153e-15
196,fixed_band,128,2,2,2,3,20261103,0.1,4,0.9999999999999998,4994.7798701642505,0.4505186444838724,0.0005627366255295417,0.0005631483056048407,0.9992689668579278,2.8867186819216517e-15
196,fixed_band,128,2,2,2,3,20261103,0.1,8,0.9999999999999998,4994.7798701642505,0.4505186444838724,0.000281365030132307,0.00028157415280242033,0.9992573087123517,5.440510976717982e-15
196,fixed_band,128,2,2,2,3,20261103,1.0,1,0.9999999999999998,4994.7798701642505,0.4505186444838724,0.21427502116427133,0.2252593222419362,0.9512370854695755,6.160308495832356e-16
196,fixed_band,128,2,2,2,3,20261103,1.0,2,0.9999999999999998,4994.7798701642505,0.4505186444838724,0.1051734081818766,0.1126296611209681,0.9337984961964572,1.5548603864901473e-15
196,fixed_band,128,2,2,2,3,20261103,1.0,4,0.9999999999999998,4994.7798701642505,0.4505186444838724,0.0523472179032775,0.05631483056048405,0.9295458653125983,2.6613907507354072e-15
196,fixed_band,128,2,2,2,3,20261103,1.0,8,0.9999999999999998,4994.7798701642505,0.4505186444838724,0.026143860287139775,0.028157415280242026,0.9284893526958365,4.99714275550799e-15
197,fixed_band,128,2,2,2,4,20261104,0.1,1,0.9999999999999991,48729.180354547134,0.4598181282247985,0.0022980832219991524,0.002299090641123993,0.9995618184395079,7.781506528613557e-16
197,fixed_band,128,2,2,2,4,20261104,0.1,2,0.9999999999999991,48729.180354547134,0.4598181282247985,0.0011488528589678256,0.0011495453205619965,0.9993976213188077,1.4445151712484402e-15
197,fixed_band,128,2,2,2,4,20261104,0.1,4,0.9999999999999991,48729.180354547134,0.4598181282247985,0.0005744028401085637,0.0005747726602809983,0.99935658009159,2.6707919232410388e-15
197,fixed_band,128,2,2,2,4,20261104,0.1,8,0.9999999999999991,48729.180354547134,0.4598181282247985,0.0002871984715271174,0.00028738633014049913,0.9993463202884775,5.664523797408344e-15
197,fixed_band,128,2,2,2,4,20261104,1.0,1,0.9999999999999991,48729.180354547134,0.4598181282247985,0.21993837033326438,0.22990906411239925,0.9566320109316772,6.90990184553852e-16
197,fixed_band,128,2,2,2,4,20261104,1.0,2,0.9999999999999991,48729.180354547134,0.4598181282247985,0.10823110050955424,0.11495453205619963,0.9415122533545838,1.5964631001005028e-15
197,fixed_band,128,2,2,2,4,20261104,1.0,4,0.9999999999999991,48729.180354547134,0.4598181282247985,0.05390190502946607,0.05747726602809981,0.9377952146003987,2.255555433085964e-15
197,fixed_band,128,2,2,2,4,20261104,1.0,8,0.9999999999999991,48729.180354547134,0.4598181282247985,0.026924356342149135,0.028738633014049907,0.9368697644382112,5.48854683864216e-15
198,fixed_band,128,2,2,2,5,20261105,0.1,1,1.0000000000000002,122659.2622378169,0.44154182472922565,0.002206543450845462,0.002207709123646129,0.9994719989204277,6.672005440794909e-16
198,fixed_band,128,2,2,2,5,20261105,0.1,2,1.0000000000000002,122659.2622378169,0.44154182472922565,0.0011030532326718693,0.0011038545618230644,0.9992740627443966,1.2213281507926001e-15
198,fixed_band,128,2,2,2,5,20261105,0.1,4,1.0000000000000002,122659.2622378169,0.44154182472922565,0.000551499312892651,0.0005519272809115322,0.999224593467867,2.8893455666292525e-15
198,fixed_band,128,2,2,2,5,20261105,0.1,8,1.0000000000000002,122659.2622378169,0.44154182472922565,0.00027574624377054157,0.0002759636404557661,0.999212227071416,5.2182997526599235e-15
198,fixed_band,128,2,2,2,5,20261105,1.0,1,1.0000000000000002,122659.2622378169,0.44154182472922565,0.20942964856037505,0.22077091236461283,0.9486288130860864,6.831934043509958e-16
198,fixed_band,128,2,2,2,5,20261105,1.0,2,1.0000000000000002,122659.2622378169,0.44154182472922565,0.10297249633288409,0.11038545618230641,0.9328447776926383,1.5848281555001188e-15
198,fixed_band,128,2,2,2,5,20261105,1.0,4,1.0000000000000002,122659.2622378169,0.44154182472922565,0.05127607359426357,0.055192728091153206,0.9290367656691818,2.5755516113803984e-15
198,fixed_band,128,2,2,2,5,20261105,1.0,8,1.0000000000000002,122659.2622378169,0.44154182472922565,0.02561197655919102,0.027596364045576603,0.9280924297451548,5.604167936603884e-15
199,fixed_band,128,2,2,2,6,20261106,0.1,1,1.0000000000000007,3059.5100930160747,0.438090834405459,0.00218934903378609,0.0021904541720272953,0.9994954752967132,6.671282970866228e-16
199,fixed_band,128,2,2,2,6,20261106,0.1,2,1.0000000000000007,3059.5100930160747,0.438090834405459,0.001094480331323691,0.0010952270860136476,0.9993181736468236,1.3349085707597585e-15
199,fixed_band,128,2,2,2,6,20261106,0.1,4,1.0000000000000007,3059.5100930160747,0.438090834405459,0.0005472221456463755,0.0005476135430068238,0.9992852672008452,2.67029734454324e-15
199,fixed_band,128,2,2,2,6,20261106,0.1,8,1.0000000000000007,3059.5100930160747,0.438090834405459,0.00027360882036525994,0.0002738067715034119,0.9992770407500696,4.447157813884492e-15
199,fixed_band,128,2,2,2,6,20261106,1.0,1,1.0000000000000007,3059.5100930160747,0.438090834405459,0.21124955323698896,0.2190454172027295,0.9644098284944927,7.804694519240896e-16
199,fixed_band,128,2,2,2,6,20261106,1.0,2,1.0000000000000007,3059.5100930160747,0.438090834405459,0.10430065460342296,0.10952270860136475,0.952319897264879,1.6334901459314509e-15
199,fixed_band,128,2,2,2,6,20261106,1.0,4,1.0000000000000007,3059.5100930160747,0.438090834405459,0.0519856771286241,0.05476135430068237,0.9493132117073356,3.3961110976027303e-15
199,fixed_band,128,2,2,2,6,20261106,1.0,8,1.0000000000000007,3059.5100930160747,0.438090834405459,0.025972289014274032,0.027380677150341187,0.9485626988575188,4.9521504945178606e-15
200,fixed_band,128,2,2,2,7,20261107,0.1,1,0.9999999999999997,425869035.3218816,0.47836391923562993,0.002390763597381591,0.00239181959617815,0.9995584956330961,4.512856241796897e-16
200,fixed_band,128,2,2,2,7,20261107,0.1,2,0.9999999999999997,425869035.3218816,0.47836391923562993,0.0011951840056451688,0.001195909798089075,0.9993931043586515,1.4436443107587701e-15
200,fixed_band,128,2,2,2,7,20261107,0.1,4,0.9999999999999997,425869035.3218816,0.47836391923562993,0.0005975672873159771,0.0005979548990445375,0.9993517709626935,3.1119025950678226e-15
200,fixed_band,128,2,2,2,7,20261107,0.1,8,0.9999999999999997,425869035.3218816,0.47836391923562993,0.0002987805544887045,0.00029897744952226877,0.9993414385135774,4.670375063866259e-15
200,fixed_band,128,2,2,2,7,20261107,1.0,1,0.9999999999999997,425869035.3218816,0.47836391923562993,0.22880158188777644,0.23918195961781497,0.9566004988560795,6.907007397164898e-16
200,fixed_band,128,2,2,2,7,20261107,1.0,2,0.9999999999999997,425869035.3218816,0.47836391923562993,0.11265294906904104,0.11959097980890748,0.9419853340866292,1.802098413778429e-15
200,fixed_band,128,2,2,2,7,20261107,1.0,4,0.9999999999999997,425869035.3218816,0.47836391923562993,0.05611491941437875,0.05979548990445374,0.9384473562143882,2.700352985607422e-15
200,fixed_band,128,2,2,2,7,20261107,1.0,8,0.9999999999999997,425869035.3218816,0.47836391923562993,0.02803121864364521,0.02989774495222687,0.9375696624757435,5.008251145515675e-15
201,fixed_band,128,2,2,2,8,20261108,0.1,1,1.0000000000000004,9774.053894026409,0.4618909292021006,0.0023081814366734004,0.0023094546460105036,0.9994486969729833,6.673072774268011e-16
201,fixed_band,128,2,2,2,8,20261108,0.1,2,1.0000000000000004,9774.053894026409,0.4618909292021006,0.0011538521184017057,0.0011547273230052518,0.9992420681609331,1.113118889138835e-15
201,fixed_band,128,2,2,2,8,20261108,0.1,4,1.0000000000000004,9774.053894026409,0.4618909292021006,0.0005768962458191482,0.0005773636615026259,0.9991904310668578,2.9981824105131943e-15
201,fixed_band,128,2,2,2,8,20261108,0.1,8,1.0000000000000004,9774.053894026409,0.4618909292021006,0.00028844439659957323,0.00028868183075131295,0.9991775230497819,5.333891173888864e-15
201,fixed_band,128,2,2,2,8,20261108,1.0,1,1.0000000000000004,9774.053894026409,0.4618909292021006,0.21861025031172818,0.2309454646010503,0.9465881942707524,6.808298924867512e-16
201,fixed_band,128,2,2,2,8,20261108,1.0,2,1.0000000000000004,9774.053894026409,0.4618909292021006,0.10712273934298948,0.11547273230052515,0.92768861712041,1.354120507427859e-15
201,fixed_band,128,2,2,2,8,20261108,1.0,4,1.0000000000000004,9774.053894026409,0.4618909292021006,0.053298951679367636,0.05773636615026258,0.9231435095976375,2.540023260533003e-15
201,fixed_band,128,2,2,2,8,20261108,1.0,8,1.0000000000000004,9774.053894026409,0.4618909292021006,0.0266169828000938,0.02886818307513129,0.9220179437972041,5.7369780049499404e-15
202,fixed_band,128,2,2,2,9,20261109,0.1,1,1.0000000000000004,550.2537305079104,0.4662734187670395,0.0023301300899727013,0.002331367093835198,0.9994694083716942,6.670710220403897e-16
202,fixed_band,128,2,2,2,9,20261109,0.1,2,1.0000000000000004,550.2537305079104,0.4662734187670395,0.0011648332292321212,0.001165683546917599,0.9992705415738893,1.3327354818374598e-15
202,fixed_band,128,2,2,2,9,20261109,0.1,4,1.0000000000000004,550.2537305079104,0.4662734187670395,0.0005823876477838221,0.0005828417734587995,0.9992208422668774,2.3321179113770996e-15
202,fixed_band,128,2,2,2,9,20261109,0.1,8,1.0000000000000004,550.2537305079104,0.4662734187670395,0.0002911902033553009,0.00029142088672939973,0.9992084185293382,5.219631154240477e-15
202,fixed_band,128,2,2,2,9,20261109,1.0,1,1.0000000000000004,550.2537305079104,0.4662734187670395,0.22108707118150736,0.23313670938351974,0.9483151399285206,7.417041961621918e-16
202,fixed_band,128,2,2,2,9,20261109,1.0,2,1.0000000000000004,550.2537305079104,0.4662734187670395,0.10840596152559763,0.11656835469175987,0.929977623963674,1.5797523335355459e-15
202,fixed_band,128,2,2,2,9,20261109,1.0,4,1.0000000000000004,550.2537305079104,0.4662734187670395,0.05394487886044624,0.058284177345879935,0.9255492882796871,2.732456426620437e-15
202,fixed_band,128,2,2,2,9,20261109,1.0,8,1.0000000000000004,550.2537305079104,0.4662734187670395,0.026940450649960593,0.029142088672939968,0.9244516051101129,5.8240690408198704e-15
203,fixed_band,128,2,2,2,10,20261110,0.1,1,1.0,427310.8578085851,0.4449727978694859,0.0022237279818701212,0.00222486398934743,0.9994894036297284,6.670759851784085e-16
203,fixed_band,128,2,2,2,10,20261110,0.1,2,1.0,427310.8578085851,0.4449727978694859,0.001111651065771659,0.001112431994673715,0.9992979985241388,1.3325179891835867e-15
203,fixed_band,128,2,2,2,10,20261110,0.1,4,1.0,427310.8578085851,0.4449727978694859,0.00055579892422974,0.0005562159973368575,0.9992501598136075,2.88909528884217e-15
203,fixed_band,128,2,2,2,10,20261110,0.1,8,1.0,427310.8578085851,0.4449727978694859,0.00027789613625151346,0.00027810799866842875,0.9992382009221968,7.329965081223292e-15
203,fixed_band,128,2,2,2,10,20261110,1.0,1,1.0,427310.8578085851,0.4449727978694859,0.21140079838587442,0.22248639893474295,0.9501740304038988,8.033051937261795e-16
203,fixed_band,128,2,2,2,10,20261110,1.0,2,1.0,427310.8578085851,0.4449727978694859,0.10369652092495325,0.11124319946737148,0.9321605403426776,1.5295020471821533e-15
203,fixed_band,128,2,2,2,10,20261110,1.0,4,1.0,427310.8578085851,0.4449727978694859,0.0516042801386675,0.05562159973368574,0.9277741090825683,3.1108285851621065e-15
203,fixed_band,128,2,2,2,10,20261110,1.0,8,1.0,427310.8578085851,0.4449727978694859,0.02577184779473082,0.02781079986684287,0.9266848820647202,5.216737874788452e-15
204,fixed_band,128,2,2,2,11,20261111,0.1,1,1.0000000000000007,581844.1017944076,0.4880004083888292,0.0024387858412627684,0.002440002041944146,0.9995015575149238,8.884980417178053e-16
204,fixed_band,128,2,2,2,11,20261111,0.1,2,1.0000000000000007,581844.1017944076,0.4880004083888292,0.0012191650586071653,0.001220001020972073,0.999314785520227,1.332416347753757e-15
204,fixed_band,128,2,2,2,11,20261111,0.1,4,1.0000000000000007,581844.1017944076,0.4880004083888292,0.0006095540574800693,0.0006100005104860366,0.9992681104387741,2.666385187826238e-15
204,fixed_band,128,2,2,2,11,20261111,0.1,8,1.0000000000000007,581844.1017944076,0.4880004083888292,0.0003047734701038905,0.0003050002552430183,0.9992564427890491,6.666913648160618e-15
204,fixed_band,128,2,2,2,11,20261111,1.0,1,1.0000000000000007,581844.1017944076,0.4880004083888292,0.23208641942866726,0.2440002041944146,0.9511730541165668,7.371392397775047e-16
204,fixed_band,128,2,2,2,11,20261111,1.0,2,1.0000000000000007,581844.1017944076,0.4880004083888292,0.11397865253337379,0.1220001020972073,0.9342504684345085,1.6119584000121608e-15
204,fixed_band,128,2,2,2,11,20261111,1.0,4,1.0000000000000007,581844.1017944076,0.4880004083888292,0.05674077725983102,0.06100005104860365,0.9301758979614799,2.3438343347296e-15
204,fixed_band,128,2,2,2,11,20261111,1.0,8,1.0000000000000007,581844.1017944076,0.4880004083888292,0.028339604714685426,0.030500025524301824,0.9291665901100634,6.159031851611506e-15
205,fixed_band,128,2,2,2,12,20261112,0.1,1,1.0000000000000009,1461970488.9009624,0.4598170836332871,0.002298226352022541,0.002299085418166436,0.9996263443989043,6.669949155855594e-16
205,fixed_band,128,2,2,2,12,20261112,0.1,2,1.0000000000000009,1461970488.9009624,0.4598170836332871,0.0011489522767303014,0.001149542709083218,0.9994863763231663,1.5546624139059932e-15
205,fixed_band,128,2,2,2,12,20261112,0.1,4,1.0000000000000009,1461970488.9009624,0.4598170836332871,0.0005744560296422344,0.000574771354541609,0.9994513907193129,2.3348022387260586e-15
205,fixed_band,128,2,2,2,12,20261112,0.1,8,1.0000000000000009,1461970488.9009624,0.4598170836332871,0.0002872255013466319,0.0002873856772708045,0.9994426447215681,5.4424105275335435e-15
205,fixed_band,128,2,2,2,12,20261112,1.0,1,1.0000000000000009,1461970488.9009624,0.4598170836332871,0.22129777548353308,0.22990854181664355,0.9625469925341977,7.786567817762737e-16
205,fixed_band,128,2,2,2,12,20261112,1.0,2,1.0000000000000009,1461970488.9009624,0.4598170836332871,0.10920093040357065,0.11495427090832178,0.9499510504543192,1.4956771483017679e-15
205,fixed_band,128,2,2,2,12,20261112,1.0,4,1.0000000000000009,1461970488.9009624,0.4598170836332871,0.05442233680106793,0.05747713545416089,0.9468519328780882,2.722904517090611e-15
205,fixed_band,128,2,2,2,12,20261112,1.0,8,1.0000000000000009,1461970488.9009624,0.4598170836332871,0.02718898984432489,0.028738567727080444,0.9460801979600612,6.348949185231248e-15
206,fixed_band,128,2,2,2,13,20261113,0.1,1,1.000000000000001,12952.130106265828,0.46488506164323445,0.0023232814600475347,0.002324425308216173,0.9995079006563063,7.789495672136973e-16
206,fixed_band,128,2,2,2,13,20261113,0.1,2,1.000000000000001,12952.130106265828,0.46488506164323445,0.0011614263761664894,0.0011622126541080864,0.9993234646526883,1.4444524557571972e-15
206,fixed_band,128,2,2,2,13,20261113,0.1,4,1.000000000000001,12952.130106265828,0.46488506164323445,0.0005806864018800505,0.0005811063270540432,0.999277369468473,2.6663688615812604e-15
206,fixed_band,128,2,2,2,13,20261113,0.1,8,1.000000000000001,12952.130106265828,0.46488506164323445,0.0002903398529156233,0.0002905531635270216,0.9992658465362795,5.11174832923947e-15
206,fixed_band,128,2,2,2,13,20261113,1.0,1,1.000000000000001,12952.130106265828,0.46488506164323445,0.22123588242303982,0.23244253082161723,0.9517874445826883,6.670810572958132e-16
206,fixed_band,128,2,2,2,13,20261113,1.0,2,1.000000000000001,12952.130106265828,0.46488506164323445,0.10862988780925163,0.11622126541080861,0.9346816817496897,1.450872174883924e-15
206,fixed_band,128,2,2,2,13,20261113,1.0,4,1.000000000000001,12952.130106265828,0.46488506164323445,0.05407375865947786,0.05811063270540431,0.9305312322722135,2.8010410831367406e-15
206,fixed_band,128,2,2,2,13,20261113,1.0,8,1.000000000000001,12952.130106265828,0.46488506164323445,0.027006958837421817,0.029055316352702153,0.9295014554164426,5.228093976019892e-15
207,fixed_band,128,2,2,2,14,20261114,0.1,1,1.000000000000001,65929.79801707587,0.47550211496231876,0.0023765099497877716,0.0023775105748115944,0.9995791290964491,6.669846424115574e-16
207,fixed_band,128,2,2,2,14,20261114,0.1,2,1.000000000000001,65929.79801707587,0.47550211496231876,0.001188067525212642,0.0011887552874057972,0.9994214434203224,1.3342824274983369e-15
207,fixed_band,128,2,2,2,14,20261114,0.1,4,1.000000000000001,65929.79801707587,0.47550211496231876,0.0005940103364490328,0.0005943776437028986,0.9993820305023965,3.2216181479172818e-15
207,fixed_band,128,2,2,2,14,20261114,0.1,8,1.000000000000001,65929.79801707587,0.47550211496231876,0.00029700224011353375,0.0002971888218514493,0.9993721778068463,5.556544345647026e-15
207,fixed_band,128,2,2,2,14,20261114,1.0,1,1.000000000000001,65929.79801707587,0.47550211496231876,0.22781482078054202,0.23775105748115938,0.9582073921946498,6.749933568653286e-16
207,fixed_band,128,2,2,2,14,20261114,1.0,2,1.000000000000001,65929.79801707587,0.47550211496231876,0.11220293343634695,0.11887552874057969,0.9438690588809556,1.4794018014405356e-15
207,fixed_band,128,2,2,2,14,20261114,1.0,4,1.000000000000001,65929.79801707587,0.47550211496231876,0.055892642828929084,0.059437764370289844,0.9403557388317115,2.7602216189195436e-15
207,fixed_band,128,2,2,2,14,20261114,1.0,8,1.000000000000001,65929.79801707587,0.47550211496231876,0.02792035250873911,0.029718882185144922,0.9394819204436695,5.240227537989767e-15
208,fixed_band,128,2,2,2,15,20261115,0.1,1,1.0000000000000004,126147.72754172685,0.45919662007417666,0.002294759703940821,0.0022959831003708836,0.9994671579116305,6.691643966414355e-16
208,fixed_band,128,2,2,2,15,20261115,0.1,2,1.0000000000000004,126147.72754172685,0.45919662007417666,0.0011471505827695548,0.0011479915501854418,0.9992674445942122,1.334687646044403e-15
208,fixed_band,128,2,2,2,15,20261115,0.1,4,1.0000000000000004,126147.72754172685,0.45919662007417666,0.0005735466434944477,0.0005739957750927209,0.9992175350102522,3.1147064840560225e-15
208,fixed_band,128,2,2,2,15,20261115,0.1,8,1.0000000000000004,126147.72754172685,0.45919662007417666,0.000286769741097567,0.00028699788754636045,0.999205058787213,6.6642384665202784e-15
208,fixed_band,128,2,2,2,15,20261115,1.0,1,1.0000000000000004,126147.72754172685,0.45919662007417666,0.2177090411499315,0.22959831003708833,0.948217088857334,7.95682431690449e-16
208,fixed_band,128,2,2,2,15,20261115,1.0,2,1.0000000000000004,126147.72754172685,0.45919662007417666,0.10674263616792588,0.11479915501854417,0.929820747815462,1.18102249335676e-15
208,fixed_band,128,2,2,2,15,20261115,1.0,4,1.0000000000000004,126147.72754172685,0.45919662007417666,0.053116991533223905,0.05739957750927208,0.925389939057367,2.5929117137061165e-15
208,fixed_band,128,2,2,2,15,20261115,1.0,8,1.0000000000000004,126147.72754172685,0.45919662007417666,0.026526994752143256,0.02869978875463604,0.9242923346555364,5.3012076628686205e-15
209,fixed_band,128,2,2,2,16,20261116,0.1,1,1.0,4788.700958162394,0.4442702852354168,0.002220211976937955,0.0022213514261770844,0.9994870468374785,8.884517073101714e-16
209,fixed_band,128,2,2,2,16,20261116,0.1,2,1.0,4788.700958162394,0.4442702852354168,0.0011098924235709157,0.0011106757130885422,0.9992947630812522,1.3327781905028163e-15
209,fixed_band,128,2,2,2,16,20261116,0.1,4,1.0,4788.700958162394,0.4442702852354168,0.0005549195236989677,0.0005553378565442711,0.9992467056938877,3.3325514892290508e-15
209,fixed_band,128,2,2,2,16,20261116,0.1,8,1.0,4788.700958162394,0.4442702852354168,0.00027745642607452737,0.00027766892827213555,0.9992346921964567,5.333903910187289e-15
209,fixed_band,128,2,2,2,16,20261116,1.0,1,1.0,4788.700958162394,0.4442702852354168,0.2110256944392657,0.2221351426177084,0.9499878855388411,7.432504975621336e-16
209,fixed_band,128,2,2,2,16,20261116,1.0,2,1.0,4788.700958162394,0.4442702852354168,0.10351153899977321,0.1110675713088542,0.9319690507315647,1.8339465621181132e-15
209,fixed_band,128,2,2,2,16,20261116,1.0,4,1.0,4788.700958162394,0.4442702852354168,0.05151280157848967,0.0555337856544271,0.9275939137130141,2.6379440656216576e-15
209,fixed_band,128,2,2,2,16,20261116,1.0,8,1.0,4788.700958162394,0.4442702852354168,0.025726264715625925,0.02776689282721355,0.9265085897696245,5.030095810055162e-15
210,fixed_band,128,2,2,2,17,20261117,0.1,1,1.0000000000000004,9545.034329517106,0.47461801739930054,0.002371946169657767,0.0023730900869965033,0.9995179629526059,7.776966719220259e-16
210,fixed_band,128,2,2,2,17,20261117,0.1,2,1.0000000000000004,9545.034329517106,0.47461801739930054,0.0011857587434818877,0.0011865450434982517,0.9993373197076061,1.22166368454946e-15
210,fixed_band,128,2,2,2,17,20261117,0.1,4,1.0000000000000004,9545.034329517106,0.47461801739930054,0.0005928525877045994,0.0005932725217491258,0.9992921734462127,2.667719813671377e-15
210,fixed_band,128,2,2,2,17,20261117,0.1,8,1.0000000000000004,9545.034329517106,0.47461801739930054,0.00029642294611790344,0.0002966362608745629,0.9992808877915648,6.44096999905224e-15
210,fixed_band,128,2,2,2,17,20261117,1.0,1,1.0000000000000004,9545.034329517106,0.47461801739930054,0.22607198930931172,0.23730900869965027,0.9526481550282793,8.105052578699294e-16
210,fixed_band,128,2,2,2,17,20261117,1.0,2,1.0000000000000004,9545.034329517106,0.47461801739930054,0.1110660015688529,0.11865450434982514,0.9360453880570829,1.4637329149552415e-15
210,fixed_band,128,2,2,2,17,20261117,1.0,4,1.0000000000000004,9545.034329517106,0.47461801739930054,0.055294529793588384,0.05932725217491257,0.9320258020810631,2.5624856276079666e-15
210,fixed_band,128,2,2,2,17,20261117,1.0,8,1.0000000000000004,9545.034329517106,0.47461801739930054,0.027617695795688416,0.029663626087456284,0.931028988642996,4.650424393613016e-15
211,fixed_band,128,2,2,2,18,20261118,0.1,1,1.0,111902.63040883518,0.47697255504167513,0.0023837803056588644,0.002384862775208376,0.9995461082454034,6.666972741522937e-16
211,fixed_band,128,2,2,2,18,20261118,0.1,2,1.0,111902.63040883518,0.47697255504167513,0.0011916873473391302,0.001192431387604188,0.9993760309626262,1.5547951151870342e-15
211,fixed_band,128,2,2,2,18,20261118,0.1,4,1.0,111902.63040883518,0.47697255504167513,0.0005958183309073177,0.000596215693802094,0.9993335249324917,2.8884728821189345e-15
211,fixed_band,128,2,2,2,18,20261118,0.1,8,1.0,111902.63040883518,0.47697255504167513,0.0002979059978562212,0.000298107846901047,0.999322899256346,6.44072243197447e-15
211,fixed_band,128,2,2,2,18,20261118,1.0,1,1.0,111902.63040883518,0.47697255504167513,0.22781250045927376,0.23848627752083756,0.9552436426425785,7.24050504871665e-16
211,fixed_band,128,2,2,2,18,20261118,1.0,2,1.0,111902.63040883518,0.47697255504167513,0.1120547159952306,0.11924313876041878,0.9397162567178726,1.5883418889479123e-15
211,fixed_band,128,2,2,2,18,20261118,1.0,4,1.0,111902.63040883518,0.47697255504167513,0.055803051190643826,0.05962156938020939,0.9359540812283101,2.6509635371184084e-15
211,fixed_band,128,2,2,2,18,20261118,1.0,8,1.0,111902.63040883518,0.47697255504167513,0.02787370899565182,0.029810784690104696,0.9350209759793453,5.661465190364772e-15
212,fixed_band,128,2,2,2,19,20261119,0.1,1,1.000000000000001,274009.42507040914,0.4649026051890627,0.002323373382288059,0.002324513025945314,0.9995097279969892,8.892646793773126e-16
212,fixed_band,128,2,2,2,19,20261119,0.1,2,1.000000000000001,274009.42507040914,0.4649026051890627,0.0011614731325663885,0.001162256512972657,0.9993259832080744,1.1103123935154236e-15
212,fixed_band,128,2,2,2,19,20261119,0.1,4,1.000000000000001,274009.42507040914,0.4649026051890627,0.0005807098790335763,0.0005811282564863285,0.999280060041682,2.886686535835146e-15
212,fixed_band,128,2,2,2,19,20261119,0.1,8,1.000000000000001,274009.42507040914,0.4649026051890627,0.0002903516038474501,0.00029056412824316423,0.9992685800652713,4.8888738750936995e-15
212,fixed_band,128,2,2,2,19,20261119,1.0,1,1.000000000000001,274009.42507040914,0.4649026051890627,0.2212861496552397,0.23245130259453134,0.9519677764130787,7.971820293504591e-16
212,fixed_band,128,2,2,2,19,20261119,1.0,2,1.000000000000001,274009.42507040914,0.4649026051890627,0.10867023375857099,0.11622565129726567,0.934993545277105,1.4068645748582667e-15
212,fixed_band,128,2,2,2,19,20261119,1.0,4,1.000000000000001,274009.42507040914,0.4649026051890627,0.05409525594378451,0.058112825648632835,0.9308660410158038,2.471842648412803e-15
212,fixed_band,128,2,2,2,19,20261119,1.0,8,1.000000000000001,274009.42507040914,0.4649026051890627,0.02701785465110969,0.029056412824316417,0.929841368047307,5.6406513609265814e-15
213,fixed_band,128,2,2,2,20,20261120,0.1,1,0.9999999999999987,213259449.00334093,0.46572039156315,0.0023273697949962252,0.0023286019578157503,0.9994708572603448,6.663312297869427e-16
213,fixed_band,128,2,2,2,20,20261120,0.1,2,0.9999999999999987,213259449.00334093,0.46572039156315,0.0011634540077229384,0.0011643009789078752,0.9992725496239544,1.3329329195842916e-15
213,fixed_band,128,2,2,2,20,20261120,0.1,4,0.9999999999999987,213259449.00334093,0.46572039156315,0.0005816981537327593,0.0005821504894539376,0.9992229917703882,2.6653298685940703e-15
213,fixed_band,128,2,2,2,20,20261120,0.1,8,0.9999999999999987,213259449.00334093,0.46572039156315,0.0002908454709467979,0.0002910752447269688,0.9992106034974344,5.555929292611851e-15
213,fixed_band,128,2,2,2,20,20261120,1.0,1,0.9999999999999987,213259449.00334093,0.46572039156315,0.22088285044911074,0.232860195781575,0.948564222011996,6.732823617700223e-16
213,fixed_band,128,2,2,2,20,20261120,1.0,2,0.9999999999999987,213259449.00334093,0.46572039156315,0.10833541505359745,0.1164300978907875,0.9304760282450082,1.612290812966178e-15
213,fixed_band,128,2,2,2,20,20261120,1.0,4,0.9999999999999987,213259449.00334093,0.46572039156315,0.05391414146509491,0.05821504894539375,0.9261203493218201,2.6556282065056724e-15
213,fixed_band,128,2,2,2,20,20261120,1.0,8,0.9999999999999987,213259449.00334093,0.46572039156315,0.026925662701722124,0.029107524472696874,0.9250413145569505,4.680973665751975e-15
214,fixed_band,128,2,2,2,21,20261121,0.1,1,0.9999999999999987,11947.169067253051,0.47395833844905627,0.002368771853341243,0.002369791692245282,0.9995696504011825,6.678393724826092e-16
214,fixed_band,128,2,2,2,21,20261121,0.1,2,0.9999999999999987,11947.169067253051,0.47395833844905627,0.0011841948907394448,0.001184895846122641,0.9994084244741933,1.3331988206940348e-15
214,fixed_band,128,2,2,2,21,20261121,0.1,4,0.9999999999999987,11947.169067253051,0.47395833844905627,0.0005920735709667879,0.0005924479230613205,0.9993681265813235,2.6682041524481745e-15
214,fixed_band,128,2,2,2,21,20261121,0.1,8,0.9999999999999987,11947.169067253051,0.47395833844905627,0.0002960338013423567,0.00029622396153066024,0.9993580526459745,5.3352255374500644e-15
214,fixed_band,128,2,2,2,21,20261121,1.0,1,0.9999999999999987,11947.169067253051,0.47395833844905627,0.22684573218143506,0.23697916922452814,0.9572391232687121,8.98903476693458e-16
214,fixed_band,128,2,2,2,21,20261121,1.0,2,0.9999999999999987,11947.169067253051,0.47395833844905627,0.11169960527766684,0.11848958461226407,0.9426955596408223,1.5704839749058517e-15
214,fixed_band,128,2,2,2,21,20261121,1.0,4,0.9999999999999987,11947.169067253051,0.47395833844905627,0.055638497633967124,0.059244792306132034,0.9391289169598178,2.52432381854777e-15
214,fixed_band,128,2,2,2,21,20261121,1.0,8,0.9999999999999987,11947.169067253051,0.47395833844905627,0.027792961535714714,0.029622396153066017,0.9382415045731555,4.948469896987835e-15
215,fixed_band,128,2,2,2,22,20261122,0.1,1,0.9999999999999977,72221.44022546297,0.4611680090400553,0.002304823674910202,0.0023058400452002767,0.9995592190827849,7.779665197142235e-16
215,fixed_band,128,2,2,2,22,20261122,0.1,2,0.9999999999999977,72221.44022546297,0.4611680090400553,0.0011522214127199105,0.0011529200226001383,0.999394051741202,1.332786372955488e-15
215,fixed_band,128,2,2,2,22,20261122,0.1,4,0.9999999999999977,72221.44022546297,0.4611680090400553,0.0005760869083025496,0.0005764600113000692,0.999352768639271,2.448619344679776e-15
215,fixed_band,128,2,2,2,22,20261122,0.1,8,0.9999999999999977,72221.44022546297,0.4611680090400553,0.00028804047955203636,0.0002882300056500346,0.999342448411744,5.219788352640416e-15
215,fixed_band,128,2,2,2,22,20261122,1.0,1,0.9999999999999977,72221.44022546297,0.4611680090400553,0.22052497897738604,0.23058400452002764,0.9563758745383056,5.795893817922778e-16
215,fixed_band,128,2,2,2,22,20261122,1.0,2,0.9999999999999977,72221.44022546297,0.4611680090400553,0.10851441485058991,0.11529200226001382,0.9412137244859476,1.8901660795186103e-15
215,fixed_band,128,2,2,2,22,20261122,1.0,4,0.9999999999999977,72221.44022546297,0.4611680090400553,0.05404294807831447,0.05764600113000691,0.9374969125166791,2.6351073577823416e-15
215,fixed_band,128,2,2,2,22,20261122,1.0,8,0.9999999999999977,72221.44022546297,0.4611680090400553,0.026994824706301657,0.028823000565003455,0.9365723268617097,5.8270646219365995e-15
216,fixed_band,128,2,2,2,23,20261123,0.1,1,1.0000000000000002,368.4324185892262,0.42186382055944566,0.0021081398516703824,0.0021093191027972288,0.9994409327989859,8.900221013892438e-16
216,fixed_band,128,2,2,2,23,20261123,0.1,2,1.0000000000000002,368.4324185892262,0.42186382055944566,0.0010538488445239365,0.0010546595513986144,0.9992313094082325,1.3323796482844622e-15
216,fixed_band,128,2,2,2,23,20261123,0.1,4,1.0000000000000002,368.4324185892262,0.42186382055944566,0.0005268967942585802,0.0005273297756993072,0.9991789171393692,2.7758166785570452e-15
216,fixed_band,128,2,2,2,23,20261123,0.1,8,1.0000000000000002,368.4324185892262,0.42186382055944566,0.0002634449438529841,0.0002636648878496536,0.9991658199221622,4.99883190587084e-15
216,fixed_band,128,2,2,2,23,20261123,1.0,1,1.0000000000000002,368.4324185892262,0.42186382055944566,0.1994917156637064,0.21093191027972283,0.9457635660680963,7.23902610278266e-16
216,fixed_band,128,2,2,2,23,20261123,1.0,2,1.0000000000000002,368.4324185892262,0.42186382055944566,0.09762454163649996,0.10546595513986141,0.9256498128428009,1.6171771215947698e-15
216,fixed_band,128,2,2,2,23,20261123,1.0,4,1.0000000000000002,368.4324185892262,0.42186382055944566,0.04855440663720148,0.05273297756993071,0.9207598143460057,3.526906621792842e-15
216,fixed_band,128,2,2,2,23,20261123,1.0,8,1.0000000000000002,368.4324185892262,0.42186382055944566,0.024245187095354045,0.026366488784965354,0.9195455372570915,6.09822566522592e-15
217,fixed_band,128,4,2,4,0,20261124,0.1,1,1.0000000000000007,1095.1814194055105,0.5840151267876587,0.0016553008062854166,0.002920075633938294,0.566869154705051,1.1137037046439473e-15
217,fixed_band,128,4,2,4,0,20261124,0.1,2,1.0000000000000007,1095.1814194055105,0.5840151267876587,0.0008275964420601013,0.001460037816969147,0.566832196016735,2.221400789007403e-15
217,fixed_band,128,4,2,4,0,20261124,0.1,4,1.0000000000000007,1095.1814194055105,0.5840151267876587,0.0004137914774855098,0.0007300189084845735,0.566822958523757,4.33082176559788e-15
217,fixed_band,128,4,2,4,0,20261124,0.1,8,1.0000000000000007,1095.1814194055105,0.5840151267876587,0.00020689489585025024,0.00036500945424228676,0.5668206492890376,1.1437547979660706e-14
217,fixed_band,128,4,2,4,0,20261124,1.0,1,1.0000000000000007,1095.1814194055105,0.5840151267876587,0.16014277917743758,0.29200756339382933,0.5484199700726714,9.220597180844044e-16
217,fixed_band,128,4,2,4,0,20261124,1.0,2,1.0000000000000007,1095.1814194055105,0.5840151267876587,0.079581855392708,0.14600378169691466,0.5450670829739865,1.855144682787636e-15
217,fixed_band,128,4,2,4,0,20261124,1.0,4,1.0000000000000007,1095.1814194055105,0.5840151267876587,0.039731179749449806,0.07300189084845733,0.5442486391472612,3.577507801738328e-15
217,fixed_band,128,4,2,4,0,20261124,1.0,8,1.0000000000000007,1095.1814194055105,0.5840151267876587,0.01985816624266537,0.036500945424228666,0.5440452572355531,7.676099121816857e-15
218,fixed_band,128,4,2,4,1,20261125,0.1,1,1.0000000000000013,16043260.30556187,0.8025805745078701,0.0018956915774821761,0.004012902872539351,0.4723990681295979,1.0019255533649555e-15
218,fixed_band,128,4,2,4,1,20261125,0.1,2,1.0000000000000013,16043260.30556187,0.8025805745078701,0.0009477018702404937,0.0020064514362696756,0.4723273402532124,1.7776289885808363e-15
218,fixed_band,128,4,2,4,1,20261125,0.1,4,1.0000000000000013,16043260.30556187,0.8025805745078701,0.00047383295042052384,0.0010032257181348378,0.4723094133805277,4.219946071611412e-15
218,fixed_band,128,4,2,4,1,20261125,0.1,8,1.0000000000000013,16043260.30556187,0.8025805745078701,0.00023691422728359032,0.0005016128590674189,0.47230493198291,8.010463236578785e-15
218,fixed_band,128,4,2,4,1,20261125,1.0,1,1.0000000000000013,16043260.30556187,0.8025805745078701,0.18510139366525788,0.40129028725393506,0.46126557144436037,9.819682371873107e-16
218,fixed_band,128,4,2,4,1,20261125,1.0,2,1.0000000000000013,16043260.30556187,0.8025805745078701,0.0912940786296572,0.20064514362696753,0.45500268274316163,1.6373941220290195e-15
218,fixed_band,128,4,2,4,1,20261125,1.0,4,1.0000000000000013,16043260.30556187,0.8025805745078701,0.04549432455198745,0.10032257181348377,0.45348044542327837,2.968265021390473e-15
218,fixed_band,128,4,2,4,1,20261125,1.0,8,1.0000000000000013,16043260.30556187,0.8025805745078701,0.022728188853594674,0.05016128590674188,0.4531021970977804,9.165791538730364e-15
219,fixed_band,128,4,2,4,2,20261126,0.1,1,1.0000000000000002,27374.461648606593,0.8742766917758176,0.002048232181828463,0.004371383458879089,0.4685546809370211,1.1106883789752685e-15
219,fixed_band,128,4,2,4,2,20261126,0.1,2,1.0000000000000002,27374.461648606593,0.8742766917758176,0.0010240116955440336,0.0021856917294395444,0.46850691785644033,2.332120531102474e-15
219,fixed_band,128,4,2,4,2,20261126,0.1,4,1.0000000000000002,27374.461648606593,0.8742766917758176,0.0005119927901304606,0.0010928458647197722,0.4684949695643913,3.997432823783552e-15
219,fixed_band,128,4,2,4,2,20261126,0.1,8,1.0000000000000002,27374.461648606593,0.8742766917758176,0.00025599476260454207,0.0005464229323598861,0.4684919820238041,8.666457566079508e-15
219,fixed_band,128,4,2,4,2,20261126,1.0,1,1.0000000000000002,27374.461648606593,0.8742766917758176,0.20040023127278314,0.4371383458879088,0.45843663260822665,1.11467143614803e-15
219,fixed_band,128,4,2,4,2,20261126,1.0,2,1.0000000000000002,27374.461648606593,0.8742766917758176,0.0993030808732664,0.2185691729439544,0.45433250963862937,2.18580475490271e-15
219,fixed_band,128,4,2,4,2,20261126,1.0,4,1.0000000000000002,27374.461648606593,0.8742766917758176,0.04953105333179614,0.1092845864719772,0.4532300018767689,3.81771833124913e-15
219,fixed_band,128,4,2,4,2,20261126,1.0,8,1.0000000000000002,27374.461648606593,0.8742766917758176,0.024750194811689264,0.0546422932359886,0.4529494160283202,6.840541070049648e-15
220,fixed_band,128,4,2,4,3,20261127,0.1,1,0.9999999999999998,55574.07297588568,0.6707783373824427,0.0017990633494666846,0.0033538916869122145,0.5364106886597181,8.885781158176601e-16
220,fixed_band,128,4,2,4,3,20261127,0.1,2,0.9999999999999998,55574.07297588568,0.6707783373824427,0.000899574965623673,0.0016769458434561073,0.5364365039777855,2.553984701342593e-15
220,fixed_band,128,4,2,4,3,20261127,0.1,4,0.9999999999999998,55574.07297588568,0.6707783373824427,0.00044979289653687986,0.0008384729217280536,0.5364429606264179,4.442010144276073e-15
220,fixed_band,128,4,2,4,3,20261127,0.1,8,0.9999999999999998,55574.07297588568,0.6707783373824427,0.00022489712505762075,0.0004192364608640268,0.536444574964015,8.66061090832898e-15
220,fixed_band,128,4,2,4,3,20261127,1.0,1,0.9999999999999998,55574.07297588568,0.6707783373824427,0.17591205981451374,0.3353891686912214,0.5245013144013262,1.1973600245974135e-15
220,fixed_band,128,4,2,4,3,20261127,1.0,2,0.9999999999999998,55574.07297588568,0.6707783373824427,0.08843473540178412,0.1676945843456107,0.5273559414388974,1.8839654786434075e-15
220,fixed_band,128,4,2,4,3,20261127,1.0,4,0.9999999999999998,55574.07297588568,0.6707783373824427,0.04427945337427853,0.08384729217280534,0.5280964027200861,3.709756950661532e-15
220,fixed_band,128,4,2,4,3,20261127,1.0,8,0.9999999999999998,55574.07297588568,0.6707783373824427,0.022147559840182702,0.04192364608640267,0.5282832460358438,9.602598769580718e-15
221,fixed_band,128,4,2,4,4,20261128,0.1,1,1.0000000000000004,147510.93824255504,0.790217245818325,0.0017634054517623534,0.003951086229091625,0.44630902731975286,8.894061632824304e-16
221,fixed_band,128,4,2,4,4,20261128,0.1,2,1.0000000000000004,147510.93824255504,0.790217245818325,0.0008815946308104326,0.0019755431145458127,0.4462543106851483,2.111897333872398e-15
221,fixed_band,128,4,2,4,4,20261128,0.1,4,1.0000000000000004,147510.93824255504,0.790217245818325,0.00044078380579396154,0.0009877715572729063,0.4462406338272197,4.005299185720894e-15
221,fixed_band,128,4,2,4,4,20261128,0.1,8,1.0000000000000004,147510.93824255504,0.790217245818325,0.00022039021426674695,0.0004938857786364532,0.4462372147568458,6.885861471836682e-15
221,fixed_band,128,4,2,4,4,20261128,1.0,1,1.0000000000000004,147510.93824255504,0.790217245818325,0.1708645207950355,0.3951086229091625,0.43244948575652353,1.162072733548363e-15
221,fixed_band,128,4,2,4,4,20261128,1.0,2,1.0000000000000004,147510.93824255504,0.790217245818325,0.0841878923576235,0.19755431145458124,0.4261506202408482,2.08371754770348e-15
221,fixed_band,128,4,2,4,4,20261128,1.0,4,1.0000000000000004,147510.93824255504,0.790217245818325,0.04196957661684457,0.09877715572729062,0.42489152788238277,4.078819078441408e-15
221,fixed_band,128,4,2,4,4,20261128,1.0,8,1.0000000000000004,147510.93824255504,0.790217245818325,0.020969310624894242,0.04938857786364531,0.42457814199039023,7.536901348874958e-15
222,fixed_band,128,4,2,4,5,20261129,0.1,1,0.9999999999999998,1943072.9320032476,0.5778186123462941,0.001346036280795205,0.0028890930617314708,0.4659027078859509,1.1103224509223299e-15
222,fixed_band,128,4,2,4,5,20261129,0.1,2,0.9999999999999998,1943072.9320032476,0.5778186123462941,0.0006729475503121596,0.0014445465308657354,0.465853841280456,1.7794657228025503e-15
222,fixed_band,128,4,2,4,5,20261129,0.1,4,0.9999999999999998,1943072.9320032476,0.5778186123462941,0.00033646495068337585,0.0007222732654328677,0.4658416236432731,3.442478873545478e-15
222,fixed_band,128,4,2,4,5,20261129,0.1,8,0.9999999999999998,1943072.9320032476,0.5778186123462941,0.00016823137226091076,0.00036113663271643384,0.4658385691739193,8.438774509483485e-15
222,fixed_band,128,4,2,4,5,20261129,1.0,1,0.9999999999999998,1943072.9320032476,0.5778186123462941,0.1312456266886524,0.28890930617314703,0.4542796783776678,1.1789091178401066e-15
222,fixed_band,128,4,2,4,5,20261129,1.0,2,0.9999999999999998,1943072.9320032476,0.5778186123462941,0.06494403652923404,0.14445465308657351,0.44958078636838544,1.5308367394299812e-15
222,fixed_band,128,4,2,4,5,20261129,1.0,4,0.9999999999999998,1943072.9320032476,0.5778186123462941,0.03238642555777326,0.07222732654328676,0.4483957403347009,4.3028589509354345e-15
222,fixed_band,128,4,2,4,5,20261129,1.0,8,0.9999999999999998,1943072.9320032476,0.5778186123462941,0.016182493039597522,0.03611366327164338,0.4480989069946857,8.289580849967048e-15
223,fixed_band,128,4,2,4,6,20261130,0.1,1,1.0000000000000009,5949.2597870308455,0.89375544650354,0.0024176777955582244,0.004468777232517701,0.5410155104545477,1.1107596180715246e-15
223,fixed_band,128,4,2,4,6,20261130,0.1,2,1.0000000000000009,5949.2597870308455,0.89375544650354,0.0012086030458612245,0.0022343886162588503,0.540909954994691,1.999892307664512e-15
223,fixed_band,128,4,2,4,6,20261130,0.1,4,1.0000000000000009,5949.2597870308455,0.89375544650354,0.0006042720551689875,0.0011171943081294251,0.5408835784177515,4.997810902925305e-15
223,fixed_band,128,4,2,4,6,20261130,0.1,8,1.0000000000000009,5949.2597870308455,0.89375544650354,0.00030213234454292987,0.0005585971540647126,0.540876985040866,7.557786863108649e-15
223,fixed_band,128,4,2,4,6,20261130,1.0,1,1.0000000000000009,5949.2597870308455,0.89375544650354,0.23218564362895666,0.44687772325177,0.5195730991901418,9.784984639013308e-16
223,fixed_band,128,4,2,4,6,20261130,1.0,2,1.0000000000000009,5949.2597870308455,0.89375544650354,0.11400158889270467,0.223438861625885,0.5102137921002449,1.8172506601655353e-15
223,fixed_band,128,4,2,4,6,20261130,1.0,4,1.0000000000000009,5949.2597870308455,0.89375544650354,0.05675100586777994,0.1117194308129425,0.5079779359313155,3.837252583645755e-15
223,fixed_band,128,4,2,4,6,20261130,1.0,8,1.0000000000000009,5949.2597870308455,0.89375544650354,0.02834461727252909,0.05585971540647125,0.507425021167319,8.125249929187099e-15
224,fixed_band,128,4,2,4,7,20261131,0.1,1,1.0000000000000018,5163.3898379946795,0.5561860819125319,0.0011146926304738648,0.0027809304095626603,0.40083442096962274,1.1102720629602477e-15
224,fixed_band,128,4,2,4,7,20261131,0.1,2,1.0000000000000018,5163.3898379946795,0.5561860819125319,0.0005573624171795546,0.0013904652047813301,0.40084600122532915,2.444190651926973e-15
224,fixed_band,128,4,2,4,7,20261131,0.1,4,1.0000000000000018,5163.3898379946795,0.5561860819125319,0.0002786832222351556,0.0006952326023906651,0.4008488975874551,3.997612802829419e-15
224,fixed_band,128,4,2,4,7,20261131,0.1,8,1.0000000000000018,5163.3898379946795,0.5561860819125319,0.00013934186285226427,0.00034761630119533254,0.4008496217614527,7.440372761404671e-15
224,fixed_band,128,4,2,4,7,20261131,1.0,1,1.0000000000000018,5163.3898379946795,0.5561860819125319,0.10867044663368462,0.27809304095626597,0.39077010435070386,1.4003620057831572e-15
224,fixed_band,128,4,2,4,7,20261131,1.0,2,1.0000000000000018,5163.3898379946795,0.5561860819125319,0.05449924661332724,0.13904652047813298,0.39194973326857185,1.8084837207682502e-15
224,fixed_band,128,4,2,4,7,20261131,1.0,4,1.0000000000000018,5163.3898379946795,0.5561860819125319,0.027271039056500787,0.06952326023906649,0.3922577704602042,3.601659794934324e-15
224,fixed_band,128,4,2,4,7,20261131,1.0,8,1.0000000000000018,5163.3898379946795,0.5561860819125319,0.013638223167321505,0.034761630119533246,0.3923355469931751,9.478895113854778e-15
225,fixed_band,128,4,2,4,8,20261132,0.1,1,1.0000000000000007,40648.071546605155,0.7270290297944532,0.001518853390615486,0.0036351451489722666,0.41782468880091306,1.110646213014866e-15
225,fixed_band,128,4,2,4,8,20261132,0.1,2,1.0000000000000007,40648.071546605155,0.7270290297944532,0.0007593797784172041,0.0018175725744861333,0.41779887586161285,2.0027251655971636e-15
225,fixed_band,128,4,2,4,8,20261132,0.1,4,1.0000000000000007,40648.071546605155,0.7270290297944532,0.00037968402584055564,0.0009087862872430666,0.4177924239948443,4.663185037479374e-15
225,fixed_band,128,4,2,4,8,20261132,0.1,8,1.0000000000000007,40648.071546605155,0.7270290297944532,0.00018984128003900823,0.0004543931436215333,0.4177908111156011,8.441680996754994e-15
225,fixed_band,128,4,2,4,8,20261132,1.0,1,1.0000000000000007,40648.071546605155,0.7270290297944532,0.14572317893845171,0.3635145148972266,0.4008730682450213,9.897445239987146e-16
225,fixed_band,128,4,2,4,8,20261132,1.0,2,1.0000000000000007,40648.071546605155,0.7270290297944532,0.07243349292787742,0.1817572574486133,0.3985177480374116,2.030477111314765e-15
225,fixed_band,128,4,2,4,8,20261132,1.0,4,1.0000000000000007,40648.071546605155,0.7270290297944532,0.036164365076354954,0.09087862872430665,0.3979413596354402,3.792005064740357e-15
225,fixed_band,128,4,2,4,8,20261132,1.0,8,1.0000000000000007,40648.071546605155,0.7270290297944532,0.018075668771340925,0.04543931436215332,0.3977980087304367,7.355315537140369e-15
226,fixed_band,128,4,2,4,9,20261133,0.1,1,1.0000000000000002,11934.800402938496,0.9225247888328201,0.001917455299097365,0.004612623944164102,0.4156972955758364,1.1159897338182478e-15
226,fixed_band,128,4,2,4,9,20261133,0.1,2,1.0000000000000002,11934.800402938496,0.9225247888328201,0.0009585210763222364,0.002306311972082051,0.4156077269359704,2.2205795172990097e-15
226,fixed_band,128,4,2,4,9,20261133,0.1,4,1.0000000000000002,11934.800402938496,0.9225247888328201,0.0004792346193389099,0.0011531559860410254,0.41558525051255324,3.777147833039579e-15
226,fixed_band,128,4,2,4,9,20261133,0.1,8,1.0000000000000002,11934.800402938496,0.9225247888328201,0.00023961406673885706,0.0005765779930205127,0.4155796260686148,8.328956665077714e-15
226,fixed_band,128,4,2,4,9,20261133,1.0,1,1.0000000000000002,11934.800402938496,0.9225247888328201,0.187514459236246,0.46126239441641004,0.40652448911099637,1.1907709222127298e-15
226,fixed_band,128,4,2,4,9,20261133,1.0,2,1.0000000000000002,11934.800402938496,0.9225247888328201,0.09232610879251847,0.23063119720820502,0.4003192539002865,2.0181342229701354e-15
226,fixed_band,128,4,2,4,9,20261133,1.0,4,1.0000000000000002,11934.800402938496,0.9225247888328201,0.04596206310449985,0.11531559860410251,0.39857628682391183,4.190152654632028e-15
226,fixed_band,128,4,2,4,9,20261133,1.0,8,1.0000000000000002,11934.800402938496,0.9225247888328201,0.022954841838350785,0.057657799302051255,0.3981220600893474,8.306629487844468e-15
227,fixed_band,128,4,2,4,10,20261134,0.1,1,0.9999999999999999,185522210.39682198,0.7573521212450738,0.0019353250622022847,0.0037867606062253695,0.5110766862369497,1.1109177164584655e-15
227,fixed_band,128,4,2,4,10,20261134,0.1,2,0.9999999999999999,185522210.39682198,0.7573521212450738,0.0009676308307789285,0.0018933803031126848,0.5110599435243728,1.7770037051921898e-15
227,fixed_band,128,4,2,4,10,20261134,0.1,4,0.9999999999999999,185522210.39682198,0.7573521212450738,0.000483811456095656,0.0009466901515563424,0.5110557612755116,3.775929117326379e-15
227,fixed_band,128,4,2,4,10,20261134,0.1,8,0.9999999999999999,185522210.39682198,0.7573521212450738,0.0002419052332375489,0.0004733450757781712,0.5110547159276155,6.995631962222627e-15
227,fixed_band,128,4,2,4,10,20261134,1.0,1,0.9999999999999999,185522210.39682198,0.7573521212450738,0.18866454729361457,0.3786760606225369,0.4982214798143123,1.0524229674278696e-15
227,fixed_band,128,4,2,4,10,20261134,1.0,2,0.9999999999999999,185522210.39682198,0.7573521212450738,0.09411547401114331,0.18933803031126845,0.49707643972222115,2.0741495210335633e-15
227,fixed_band,128,4,2,4,10,20261134,1.0,4,0.9999999999999999,185522210.39682198,0.7573521212450738,0.04703356896227892,0.09466901515563422,0.49682114982348285,4.2879456640752844e-15
227,fixed_band,128,4,2,4,10,20261134,1.0,8,0.9999999999999999,185522210.39682198,0.7573521212450738,0.023513855868021523,0.04733450757781711,0.4967592792502415,8.967367606252408e-15
228,fixed_band,128,4,2,4,11,20261135,0.1,1,1.0000000000000007,44512.72422575546,0.7670790962047382,0.0019577181526662887,0.003835395481023692,0.5104344942659632,9.997363178223493e-16
228,fixed_band,128,4,2,4,11,20261135,0.1,2,1.0000000000000007,44512.72422575546,0.7670790962047382,0.0009789409322263532,0.001917697740511846,0.5104771787263344,2.221016670412155e-15
228,fixed_band,128,4,2,4,11,20261135,0.1,4,1.0000000000000007,44512.72422575546,0.7670790962047382,0.0004894807012810425,0.000958848870255923,0.5104878531591709,3.561071452317596e-15
228,fixed_band,128,4,2,4,11,20261135,0.1,8,1.0000000000000007,44512.72422575546,0.7670790962047382,0.0002447416301361411,0.0004794244351279615,0.5104905219752055,8.00631517721102e-15
228,fixed_band,128,4,2,4,11,20261135,1.0,1,1.0000000000000007,44512.72422575546,0.7670790962047382,0.19143031542316688,0.3835395481023691,0.499114931876785,9.024255665729044e-16
228,fixed_band,128,4,2,4,11,20261135,1.0,2,1.0000000000000007,44512.72422575546,0.7670790962047382,0.09659564385380913,0.19176977405118456,0.5037063026836917,2.042855777264543e-15
228,fixed_band,128,4,2,4,11,20261135,1.0,4,1.0000000000000007,44512.72422575546,0.7670790962047382,0.04841128856346034,0.09588488702559228,0.5048896657774552,3.3572243478521836e-15
228,fixed_band,128,4,2,4,11,20261135,1.0,8,1.0000000000000007,44512.72422575546,0.7670790962047382,0.024219936817366353,0.04794244351279614,0.5051877844086503,7.072679884755383e-15
229,fixed_band,128,4,2,4,12,20261136,0.1,1,0.9999999999999996,86175989197.70926,0.6615256339218776,0.001842306141589634,0.0033076281696093886,0.5569870756685446,8.904632768527553e-16
229,fixed_band,128,4,2,4,12,20261136,0.1,2,0.9999999999999996,86175989197.70926,0.6615256339218776,0.0009209555919061197,0.0016538140848046943,0.5568676675134734,1.99898212905011e-15
229,fixed_band,128,4,2,4,12,20261136,0.1,4,0.9999999999999996,86175989197.70926,0.6615256339218776,0.00046045311634598893,0.0008269070424023471,0.5568378218285228,5.109218485478097e-15
229,fixed_band,128,4,2,4,12,20261136,0.1,8,0.9999999999999996,86175989197.70926,0.6615256339218776,0.00023022347338680843,0.00041345352120117357,0.5568303608056319,8.220269119346365e-15
229,fixed_band,128,4,2,4,12,20261136,1.0,1,0.9999999999999996,86175989197.70926,0.6615256339218776,0.1778124773051903,0.3307628169609388,0.5375830298548611,1.0199259082770536e-15
229,fixed_band,128,4,2,4,12,20261136,1.0,2,0.9999999999999996,86175989197.70926,0.6615256339218776,0.08705831879516852,0.1653814084804694,0.526409344285211,1.9177475697986224e-15
229,fixed_band,128,4,2,4,12,20261136,1.0,4,0.9999999999999996,86175989197.70926,0.6615256339218776,0.043302920761128384,0.0826907042402347,0.5236733821412848,3.2835265071619563e-15
229,fixed_band,128,4,2,4,12,20261136,1.0,8,0.9999999999999996,86175989197.70926,0.6615256339218776,0.02162333315808213,0.04134535212011735,0.5229930826386866,8.301352260132405e-15
230,fixed_band,128,4,2,4,13,20261137,0.1,1,1.0000000000000002,795934.668787891,0.7574148535982598,0.001626225659525569,0.0037870742679913,0.42941477891536955,1.1106235452746193e-15
230,fixed_band,128,4,2,4,13,20261137,0.1,2,1.0000000000000002,795934.668787891,0.7574148535982598,0.0008130445501436891,0.00189353713399565,0.42937871961773577,1.9991103586191662e-15
230,fixed_band,128,4,2,4,13,20261137,0.1,4,1.0000000000000002,795934.668787891,0.7574148535982598,0.000406513740836897,0.000946768566997825,0.4293697055511042,4.6635066383218465e-15
230,fixed_band,128,4,2,4,13,20261137,0.1,8,1.0000000000000002,795934.668787891,0.7574148535982598,0.0002032558036619449,0.0004733842834989125,0.4293674520827472,9.671550228498763e-15
230,fixed_band,128,4,2,4,13,20261137,1.0,1,1.0000000000000002,795934.668787891,0.7574148535982598,0.1583307404009646,0.3787074267991299,0.41808195244331653,1.1285505868720476e-15
230,fixed_band,128,4,2,4,13,20261137,1.0,2,1.0000000000000002,795934.668787891,0.7574148535982598,0.07853646703806391,0.18935371339956494,0.41476063832104576,2.0421775478936326e-15
230,fixed_band,128,4,2,4,13,20261137,1.0,4,1.0000000000000002,795934.668787891,0.7574148535982598,0.039190182079177724,0.09467685669978247,0.41393624001955026,3.650412018377172e-15
230,fixed_band,128,4,2,4,13,20261137,1.0,8,1.0000000000000002,795934.668787891,0.7574148535982598,0.01958535210910457,0.047338428349891236,0.4137305101120783,9.2169117214419e-15
231,fixed_band,128,4,2,4,14,20261138,0.1,1,1.0000000000000009,1590645.687424717,0.7343155309743575,0.0017267569016512687,0.0036715776548717884,0.47030379416326606,1.002030881885821e-15
231,fixed_band,128,4,2,4,14,20261138,0.1,2,1.0000000000000009,1590645.687424717,0.7343155309743575,0.0008632891522516124,0.0018357888274358942,0.47025515100088955,2.333016115099462e-15
231,fixed_band,128,4,2,4,14,20261138,0.1,4,1.0000000000000009,1590645.687424717,0.7343155309743575,0.0004316334223927116,0.0009178944137179471,0.4702429995672084,4.33142994959552e-15
231,fixed_band,128,4,2,4,14,20261138,0.1,8,1.0000000000000009,1590645.687424717,0.7343155309743575,0.00021581531724841851,0.00045894720685897355,0.47023996229425746,7.772923214325864e-15
231,fixed_band,128,4,2,4,14,20261138,1.0,1,1.0000000000000009,1590645.687424717,0.7343155309743575,0.16835817060166505,0.36715776548717877,0.45854449075391857,1.0003462465037638e-15
231,fixed_band,128,4,2,4,14,20261138,1.0,2,1.0000000000000009,1590645.687424717,0.7343155309743575,0.08338586587485147,0.18357888274358938,0.454223626533991,1.8989331967052405e-15
231,fixed_band,128,4,2,4,14,20261138,1.0,4,1.0000000000000009,1590645.687424717,0.7343155309743575,0.04158881890100452,0.09178944137179469,0.45308935624249314,3.786007251184592e-15
231,fixed_band,128,4,2,4,14,20261138,1.0,8,1.0000000000000009,1590645.687424717,0.7343155309743575,0.020781244101829813,0.045894720685897346,0.45280249648006965,6.450204341728786e-15
232,fixed_band,128,4,2,4,15,20261139,0.1,1,1.000000000000002,20927.899903257487,0.6206281830547956,0.0016386412562843598,0.0031031409152739785,0.5280589251422,1.0000738335370032e-15
232,fixed_band,128,4,2,4,15,20261139,0.1,2,1.000000000000002,20927.899903257487,0.6206281830547956,0.0008193249748108004,0.0015515704576369892,0.5280617266060968,1.7775942710388827e-15
232,fixed_band,128,4,2,4,15,20261139,0.1,4,1.000000000000002,20927.899903257487,0.6206281830547956,0.0004096630275715781,0.0007757852288184946,0.5280624228892404,3.775310376445466e-15
232,fixed_band,128,4,2,4,15,20261139,0.1,8,1.000000000000002,20927.899903257487,0.6206281830547956,0.00020483158120774485,0.0003878926144092473,0.5280625967052743,8.438461569396609e-15
232,fixed_band,128,4,2,4,15,20261139,1.0,1,1.000000000000002,20927.899903257487,0.6206281830547956,0.15957682466046846,0.3103140915273978,0.5142429203746919,1.2112199265979977e-15
232,fixed_band,128,4,2,4,15,20261139,1.0,2,1.000000000000002,20927.899903257487,0.6206281830547956,0.0798626830826808,0.1551570457636989,0.5147216015205012,2.2714067051399303e-15
232,fixed_band,128,4,2,4,15,20261139,1.0,4,1.000000000000002,20927.899903257487,0.6206281830547956,0.03993741725534823,0.07757852288184945,0.5147999184796561,3.931403236735445e-15
232,fixed_band,128,4,2,4,15,20261139,1.0,8,1.000000000000002,20927.899903257487,0.6206281830547956,0.019969360766922597,0.038789261440924726,0.5148167308453536,9.291709434643179e-15
233,fixed_band,128,4,2,4,16,20261140,0.1,1,1.0000000000000007,7399.727999900363,0.5636699081069444,0.0014119523310965637,0.0028183495405347224,0.5009855274476265,1.1108009597476825e-15
233,fixed_band,128,4,2,4,16,20261140,0.1,2,1.0000000000000007,7399.727999900363,0.5636699081069444,0.0007058452970154341,0.0014091747702673612,0.5008926585319966,2.3326585396881725e-15
233,fixed_band,128,4,2,4,16,20261140,0.1,4,1.0000000000000007,7399.727999900363,0.5636699081069444,0.0003529062960147516,0.0007045873851336806,0.5008694499232271,4.331985934759719e-15
233,fixed_band,128,4,2,4,16,20261140,0.1,8,1.0000000000000007,7399.727999900363,0.5636699081069444,0.0001764511041358608,0.0003522936925668403,0.5008636483106574,6.6688283212900805e-15
233,fixed_band,128,4,2,4,16,20261140,1.0,1,1.0000000000000007,7399.727999900363,0.5636699081069444,0.13450234303285385,0.2818349540534722,0.4772379759798527,1.1531470512502806e-15
233,fixed_band,128,4,2,4,16,20261140,1.0,2,1.0000000000000007,7399.727999900363,0.5636699081069444,0.06619628686753523,0.1409174770267361,0.4697521433411407,1.781625957954345e-15
233,fixed_band,128,4,2,4,16,20261140,1.0,4,1.0000000000000007,7399.727999900363,0.5636699081069444,0.032952537167230934,0.07045873851336805,0.4676855967408342,3.937894236728793e-15
233,fixed_band,128,4,2,4,16,20261140,1.0,8,1.0000000000000007,7399.727999900363,0.5636699081069444,0.01645688595730637,0.035229369256684025,0.4671354129959061,7.235988917837233e-15
234,fixed_band,128,4,2,4,17,20261141,0.1,1,1.0000000000000009,8041936.816999684,0.671765019910452,0.0016100504805182296,0.0033588250995522607,0.47934930602157677,1.0007598662262947e-15
234,fixed_band,128,4,2,4,17,20261141,0.1,2,1.0000000000000009,8041936.816999684,0.671765019910452,0.0008050816301678669,0.0016794125497761304,0.479382883184472,1.5552230746791883e-15
234,fixed_band,128,4,2,4,17,20261141,0.1,4,1.0000000000000009,8041936.816999684,0.671765019910452,0.0004025478669149932,0.0008397062748880652,0.47939128115799035,4.219127424104281e-15
234,fixed_band,128,4,2,4,17,20261141,0.1,8,1.0000000000000009,8041936.816999684,0.671765019910452,0.0002012748150333467,0.0004198531374440326,0.479393380882326,7.66941097889104e-15
234,fixed_band,128,4,2,4,17,20261141,1.0,1,1.0000000000000009,8041936.816999684,0.671765019910452,0.1575588060220772,0.335882509955226,0.46908904558049236,1.1710278072752289e-15
234,fixed_band,128,4,2,4,17,20261141,1.0,2,1.0000000000000009,8041936.816999684,0.671765019910452,0.0793798583219966,0.167941254977613,0.47266443455229706,1.6717153674587504e-15
234,fixed_band,128,4,2,4,17,20261141,1.0,4,1.0000000000000009,8041936.816999684,0.671765019910452,0.0397681690860285,0.0839706274888065,0.4735961880400346,4.44348787015616e-15
234,fixed_band,128,4,2,4,17,20261141,1.0,8,1.0000000000000009,8041936.816999684,0.671765019910452,0.019893967515520798,0.04198531374440325,0.47383157921911956,7.799951037064962e-15
235,fixed_band,128,4,2,4,18,20261142,0.1,1,0.9999999999999998,2230.377662684783,0.7880318320380881,0.001907870903734717,0.003940159160190441,0.484211633634237,1.223229614766961e-15
235,fixed_band,128,4,2,4,18,20261142,0.1,2,0.9999999999999998,2230.377662684783,0.7880318320380881,0.0009538991773237128,0.0019700795800952206,0.48419322090410566,1.998432664175848e-15
235,fixed_band,128,4,2,4,18,20261142,0.1,4,0.9999999999999998,2230.377662684783,0.7880318320380881,0.0004769450579944324,0.0009850397900476103,0.48418862142754665,3.9991594588682025e-15
235,fixed_band,128,4,2,4,18,20261142,0.1,8,0.9999999999999998,2230.377662684783,0.7880318320380881,0.00023847196277786115,0.0004925198950238051,0.48418747179001775,7.000193258689641e-15
235,fixed_band,128,4,2,4,18,20261142,1.0,1,0.9999999999999998,2230.377662684783,0.7880318320380881,0.18635782872861723,0.39401591601904407,0.47297030691422615,1.0114570809099684e-15
235,fixed_band,128,4,2,4,18,20261142,1.0,2,0.9999999999999998,2230.377662684783,0.7880318320380881,0.09292857635545482,0.19700795800952203,0.471699606931428,2.6168624963506076e-15
235,fixed_band,128,4,2,4,18,20261142,1.0,4,0.9999999999999998,2230.377662684783,0.7880318320380881,0.04643615023650047,0.09850397900476102,0.471413954092718,4.505397206163627e-15
235,fixed_band,128,4,2,4,18,20261142,1.0,8,0.9999999999999998,2230.377662684783,0.7880318320380881,0.023214649627823606,0.04925198950238051,0.4713444037971617,7.003027303864269e-15
236,fixed_band,128,4,2,4,19,20261143,0.1,1,0.9999999999999993,39422823706.690216,0.9711615168613196,0.0026766630461437253,0.004855807584306599,0.5512292239079626,8.898774304832627e-16
236,fixed_band,128,4,2,4,19,20261143,0.1,2,0.9999999999999993,39422823706.690216,0.9711615168613196,0.0013382309169438181,0.0024279037921532995,0.5511877864637074,1.998422222372425e-15
236,fixed_band,128,4,2,4,19,20261143,0.1,4,0.9999999999999993,39422823706.690216,0.9711615168613196,0.0006691028809173999,0.0012139518960766497,0.5511774256293531,3.779264874749838e-15
236,fixed_band,128,4,2,4,19,20261143,0.1,8,0.9999999999999993,39422823706.690216,0.9711615168613196,0.0003345498682079643,0.0006069759480383249,0.5511748353278088,1.0437948920942273e-14
236,fixed_band,128,4,2,4,19,20261143,1.0,1,0.9999999999999993,39422823706.690216,0.9711615168613196,0.25530005957828933,0.4855807584306598,0.525762306569538,8.035500743785035e-16
236,fixed_band,128,4,2,4,19,20261143,1.0,2,0.9999999999999993,39422823706.690216,0.9711615168613196,0.12680457914655544,0.2427903792153299,0.5222800819224098,1.8151315097655353e-15
236,fixed_band,128,4,2,4,19,20261143,1.0,4,0.9999999999999993,39422823706.690216,0.9711615168613196,0.0632945245801422,0.12139518960766495,0.5213923614659091,2.955811376922579e-15
236,fixed_band,128,4,2,4,19,20261143,1.0,8,0.9999999999999993,39422823706.690216,0.9711615168613196,0.03163373264347034,0.06069759480383247,0.5211694589498457,6.998523949205141e-15
237,fixed_band,128,4,2,4,20,20261144,0.1,1,1.0000000000000002,16781.842741651886,0.7789243856788588,0.002010841802783936,0.0038946219283942946,0.5163124533664251,8.893018352140063e-16
237,fixed_band,128,4,2,4,20,20261144,0.1,2,1.0000000000000002,16781.842741651886,0.7789243856788588,0.0010054470299651135,0.0019473109641971473,0.5163258711377138,1.776823732522399e-15
237,fixed_band,128,4,2,4,20,20261144,0.1,4,1.0000000000000002,16781.842741651886,0.7789243856788588,0.0005027267849434289,0.0009736554820985737,0.5163292295749972,3.998766840010743e-15
237,fixed_band,128,4,2,4,20,20261144,0.1,8,1.0000000000000002,16781.842741651886,0.7789243856788588,0.0002513638013394977,0.00048682774104928683,0.5163300694363048,8.882115978942202e-15
237,fixed_band,128,4,2,4,20,20261144,1.0,1,1.0000000000000002,16781.842741651886,0.7789243856788588,0.1955607733928675,0.3894621928394294,0.5021303145424821,1.1568613691420368e-15
237,fixed_band,128,4,2,4,20,20261144,1.0,2,1.0000000000000002,16781.842741651886,0.7789243856788588,0.09811455782444409,0.1947310964197147,0.5038463790753397,1.7259557844633708e-15
237,fixed_band,128,4,2,4,20,20261144,1.0,4,1.0000000000000002,16781.842741651886,0.7789243856788588,0.04910279563404177,0.09736554820985735,0.5043138619032658,4.263629024379951e-15
237,fixed_band,128,4,2,4,20,20261144,1.0,8,1.0000000000000002,16781.842741651886,0.7789243856788588,0.024557199121686874,0.048682774104928675,0.5044330273529068,8.887816636486886e-15
238,fixed_band,128,4,2,4,21,20261145,0.1,1,1.0000000000000016,4007.2659150659215,0.5874943471316372,0.0014831023343351917,0.0029374717356581864,0.5048907590604883,8.884022236024649e-16
238,fixed_band,128,4,2,4,21,20261145,0.1,2,1.0000000000000016,4007.2659150659215,0.5874943471316372,0.0007414537113880972,0.0014687358678290932,0.5048244055508931,2.1103453268822715e-15
238,fixed_band,128,4,2,4,21,20261145,0.1,4,1.0000000000000016,4007.2659150659215,0.5874943471316372,0.00037071467455844335,0.0007343679339145466,0.5048078183130215,3.666373859974795e-15
238,fixed_band,128,4,2,4,21,20261145,0.1,8,1.0000000000000016,4007.2659150659215,0.5874943471316372,0.00018535581466347316,0.0003671839669572733,0.5048036715749131,7.441720793712598e-15
238,fixed_band,128,4,2,4,21,20261145,1.0,1,1.0000000000000016,4007.2659150659215,0.5874943471316372,0.14385126474194193,0.2937471735658186,0.489711145117486,1.0557426950388313e-15
238,fixed_band,128,4,2,4,21,20261145,1.0,2,1.0000000000000016,4007.2659150659215,0.5874943471316372,0.07099708504211642,0.1468735867829093,0.4833890599203225,1.7035338923484616e-15
238,fixed_band,128,4,2,4,21,20261145,1.0,4,1.0000000000000016,4007.2659150659215,0.5874943471316372,0.035383122257658085,0.07343679339145465,0.48181736461515196,3.650811107939839e-15
238,fixed_band,128,4,2,4,21,20261145,1.0,8,1.0000000000000016,4007.2659150659215,0.5874943471316372,0.01767715226899065,0.03671839669572732,0.4814249493373883,9.046674580671678e-15
239,fixed_band,128,4,2,4,22,20261146,0.1,1,1.000000000000001,799526.8029105698,0.8660781868289954,0.0022057350693347392,0.0043303909341449775,0.5093616495320543,8.900527096265002e-16
239,fixed_band,128,4,2,4,22,20261146,0.1,2,1.000000000000001,799526.8029105698,0.8660781868289954,0.0011028970275986077,0.0021651954670724887,0.5093752709032823,1.9996651243900185e-15
239,fixed_band,128,4,2,4,22,20261146,0.1,4,1.000000000000001,799526.8029105698,0.8660781868289954,0.0005514522047157718,0.0010825977335362444,0.5093786802180754,4.339512161819982e-15
239,fixed_band,128,4,2,4,22,20261146,0.1,8,1.000000000000001,799526.8029105698,0.8660781868289954,0.0002757265638568093,0.0005412988667681222,0.5093795327950005,9.440359733778729e-15
239,fixed_band,128,4,2,4,22,20261146,1.0,1,1.000000000000001,799526.8029105698,0.8660781868289954,0.21510817132202129,0.4330390934144977,0.4967407668113774,9.335374469788501e-16
239,fixed_band,128,4,2,4,22,20261146,1.0,2,1.000000000000001,799526.8029105698,0.8660781868289954,0.1079619892351746,0.21651954670724885,0.49862467789639126,2.0896784285280344e-15
239,fixed_band,128,4,2,4,22,20261146,1.0,4,1.000000000000001,799526.8029105698,0.8660781868289954,0.05403624495129666,0.10825977335362442,0.49913502751193023,3.5244235114626502e-15
239,fixed_band,128,4,2,4,22,20261146,1.0,8,1.000000000000001,799526.8029105698,0.8660781868289954,0.02702516399727627,0.05412988667681221,0.49926511316442723,8.844768381545684e-15
240,fixed_band,128,4,2,4,23,20261147,0.1,1,1.000000000000001,18099875.674951304,0.874385335529284,0.0021569093142205136,0.004371926677646421,0.4933544117399659,1.1108570238069885e-15
240,fixed_band,128,4,2,4,23,20261147,0.1,2,1.000000000000001,18099875.674951304,0.874385335529284,0.0010784164888352195,0.0021859633388232103,0.4933369511200372,2.2248769325561406e-15
240,fixed_band,128,4,2,4,23,20261147,0.1,4,1.000000000000001,18099875.674951304,0.874385335529284,0.0005392034746393079,0.0010929816694116052,0.49333258711427636,4.997393270264962e-15
240,fixed_band,128,4,2,4,23,20261147,0.1,8,1.000000000000001,18099875.674951304,0.874385335529284,0.0002696011411364982,0.0005464908347058026,0.4933314961844421,7.772486283151974e-15
240,fixed_band,128,4,2,4,23,20261147,1.0,1,1.000000000000001,18099875.674951304,0.874385335529284,0.20992172557694624,0.437192667764642,0.48015838566157143,1.131250195778504e-15
240,fixed_band,128,4,2,4,23,20261147,1.0,2,1.000000000000001,18099875.674951304,0.874385335529284,0.10471660926950137,0.218596333882321,0.4790410132215412,2.094622886885452e-15
240,fixed_band,128,4,2,4,23,20261147,1.0,4,1.000000000000001,18099875.674951304,0.874385335529284,0.052329272985869084,0.1092981669411605,0.478775394412973,4.394602400475775e-15
240,fixed_band,128,4,2,4,23,20261147,1.0,8,1.000000000000001,18099875.674951304,0.874385335529284,0.026161054999418627,0.05464908347058025,0.478709858208366,8.333082211960996e-15
241,random_matching,8,2,2,2,0,20261148,0.1,1,1.0000000000000002,11.066102990801001,0.178037591210751,0.0008899776733006688,0.0008901879560537551,0.9997637771308224,4.468012713938089e-16
241,random_matching,8,2,2,2,0,20261148,0.1,2,1.0000000000000002,11.066102990801001,0.178037591210751,0.00044494941075962996,0.00044509397802687756,0.9996751983302752,1.1110657995950626e-15
241,random_matching,8,2,2,2,0,20261148,0.1,4,1.0000000000000002,11.066102990801001,0.178037591210751,0.00022246977740115984,0.00022254698901343878,0.9996530547880192,2.889320255133326e-15
241,random_matching,8,2,2,2,0,20261148,0.1,8,1.0000000000000002,11.066102990801001,0.178037591210751,0.00011123427271194181,0.00011127349450671939,0.9996475189805852,5.5572837305396664e-15
241,random_matching,8,2,2,2,0,20261148,1.0,1,1.0000000000000002,11.066102990801001,0.178037591210751,0.0869338509358131,0.0890187956053755,0.9765786016831204,3.0654584573792143e-16
241,random_matching,8,2,2,2,0,20261148,1.0,2,1.0000000000000002,11.066102990801001,0.178037591210751,0.04307801028312499,0.04450939780268775,0.9678407799200481,8.6131173165743095e-16
241,random_matching,8,2,2,2,0,20261148,1.0,4,1.0000000000000002,11.066102990801001,0.178037591210751,0.021490639907593697,0.022254698901343874,0.9656675205026459,1.9234010312425083e-15
241,random_matching,8,2,2,2,0,20261148,1.0,8,1.0000000000000002,11.066102990801001,0.178037591210751,0.010739282469050157,0.011127349450671937,0.9651249398302715,2.199505592253398e-15
242,random_matching,8,2,2,2,1,20261149,0.1,1,0.9999999999999999,13.588247225701362,0.4759719599019167,0.002378089265310556,0.002379859799509584,0.9992560342422722,4.453273198426292e-16
242,random_matching,8,2,2,2,1,20261149,0.1,2,0.9999999999999999,13.588247225701362,0.4759719599019167,0.0011885456133449565,0.001189929899754792,0.9988366655799464,6.696646766554563e-16
242,random_matching,8,2,2,2,1,20261149,0.1,4,0.9999999999999999,13.588247225701362,0.4759719599019167,0.0005942104609354983,0.000594964949877396,0.9987318766558378,2.3329713595129812e-15
242,random_matching,8,2,2,2,1,20261149,0.1,8,0.9999999999999999,13.588247225701362,0.4759719599019167,0.0002970974382407744,0.000297482474938698,0.9987056827532346,4.55517564905884e-15
242,random_matching,8,2,2,2,1,20261149,1.0,1,0.9999999999999999,13.588247225701362,0.4759719599019167,0.2208595461983389,0.23798597995095835,0.9280359550753843,3.510467535749221e-16
242,random_matching,8,2,2,2,1,20261149,1.0,2,0.9999999999999999,13.588247225701362,0.4759719599019167,0.10564052261957074,0.11899298997547918,0.8877877817957178,9.727860354685214e-16
242,random_matching,8,2,2,2,1,20261149,1.0,4,0.9999999999999999,13.588247225701362,0.4759719599019167,0.05225208180762829,0.05949649498773959,0.878237983908058,1.604746199357411e-15
242,random_matching,8,2,2,2,1,20261149,1.0,8,0.9999999999999999,13.588247225701362,0.4759719599019167,0.02605595050341945,0.029748247493869794,0.8758818652691653,4.001079811768383e-15
243,random_matching,8,2,2,2,2,20261150,0.1,1,1.0000000000000002,7.789084958997421,0.34348989067552294,0.001716552233335434,0.001717449453377615,0.999477585765091,4.441089861710682e-16
243,random_matching,8,2,2,2,2,20261150,0.1,2,1.0000000000000002,7.789084958997421,0.34348989067552294,0.0008581079437903953,0.0008587247266888075,0.9992817455009239,5.55251325298368e-16
243,random_matching,8,2,2,2,2,20261150,0.1,4,1.0000000000000002,7.789084958997421,0.34348989067552294,0.0004290329612368298,0.00042936236334440375,0.9992328109408376,1.2384986042442477e-15
243,random_matching,8,2,2,2,2,20261150,0.1,8,1.0000000000000002,7.789084958997421,0.34348989067552294,0.00021451385462928666,0.00021468118167220187,0.9992205788993155,4.8916157570757395e-15
243,random_matching,8,2,2,2,2,20261150,1.0,1,1.0000000000000002,7.789084958997421,0.34348989067552294,0.1630216670999808,0.17174494533776147,0.9492079477470207,3.2830830744410853e-16
243,random_matching,8,2,2,2,2,20261150,1.0,2,1.0000000000000002,7.789084958997421,0.34348989067552294,0.07992925438032682,0.08587247266888073,0.9307901810226122,7.338325379036467e-16
243,random_matching,8,2,2,2,2,20261150,1.0,4,1.0000000000000002,7.789084958997421,0.34348989067552294,0.03977730061588112,0.04293623633444037,0.9264272794207308,2.555025366952454e-15
243,random_matching,8,2,2,2,2,20261150,1.0,8,1.0000000000000002,7.789084958997421,0.34348989067552294,0.01986554064170798,0.021468118167220183,0.9253508149606149,4.244276121353424e-15
244,random_matching,8,2,2,2,3,20261151,0.1,1,0.9999999999999999,7.402537129344302,0.4714237375487995,0.0023559449160625843,0.002357118687743998,0.9995020311503545,4.445055080484842e-16
244,random_matching,8,2,2,2,3,20261151,0.1,2,0.9999999999999999,7.402537129344302,0.4714237375487995,0.0011776955310655748,0.001178559343871999,0.9992670604064906,5.560769812141346e-16
244,random_matching,8,2,2,2,3,20261151,0.1,4,0.9999999999999999,7.402537129344302,0.4714237375487995,0.0005888131606020886,0.0005892796719359995,0.9992083362855904,2.0017701510002304e-15
244,random_matching,8,2,2,2,3,20261151,0.1,8,0.9999999999999999,7.402537129344302,0.4714237375487995,0.00029440225502677664,0.00029463983596799976,0.9991936564163411,3.1110446107613546e-15
244,random_matching,8,2,2,2,3,20261151,1.0,1,0.9999999999999999,7.402537129344302,0.4714237375487995,0.22410892022716322,0.23571186877439976,0.950774865060606,4.534425746514186e-16
244,random_matching,8,2,2,2,3,20261151,1.0,2,0.9999999999999999,7.402537129344302,0.4714237375487995,0.1094593705346342,0.11785593438719988,0.9287556974010329,9.6314123315758e-16
244,random_matching,8,2,2,2,3,20261151,1.0,4,0.9999999999999999,7.402537129344302,0.4714237375487995,0.054415191475019796,0.05892796719359994,0.9234187783238131,2.28026758971453e-15
244,random_matching,8,2,2,2,3,20261151,1.0,8,0.9999999999999999,7.402537129344302,0.4714237375487995,0.02716859285372019,0.02946398359679997,0.9220950305128096,4.000377846933348e-15
245,random_matching,8,2,2,2,4,20261152,0.1,1,0.9999999999999999,2.7201797089411897,0.7842389483671529,0.003917828094428414,0.003921194741835765,0.9991414230536851,2.297291946056232e-16
245,random_matching,8,2,2,2,4,20261152,0.1,2,0.9999999999999999,2.7201797089411897,0.7842389483671529,0.0019582828597841263,0.0019605973709178825,0.998819486770671,1.1103232213706483e-15
245,random_matching,8,2,2,2,4,20261152,0.1,4,0.9999999999999999,2.7201797089411897,0.7842389483671529,0.0009790625157980626,0.0009802986854589412,0.9987389867198487,1.3334438899180314e-15
245,random_matching,8,2,2,2,4,20261152,0.1,8,0.9999999999999999,2.7201797089411897,0.7842389483671529,0.0004895213931503193,0.0004901493427294706,0.998718860713646,4.34384111527547e-15
245,random_matching,8,2,2,2,4,20261152,1.0,1,0.9999999999999999,2.7201797089411897,0.7842389483671529,0.35969122682006366,0.39211947418357646,0.9173000845443064,5.699979881342909e-16
245,random_matching,8,2,2,2,4,20261152,1.0,2,0.9999999999999999,2.7201797089411897,0.7842389483671529,0.17382018286517162,0.19605973709178823,0.8865674586914046,1.1550256674907557e-15
245,random_matching,8,2,2,2,4,20261152,1.0,4,0.9999999999999999,2.7201797089411897,0.7842389483671529,0.08614059542155894,0.09802986854589411,0.8787178509908025,1.6297276614600894e-15
245,random_matching,8,2,2,2,4,20261152,1.0,8,0.9999999999999999,2.7201797089411897,0.7842389483671529,0.04297382765367751,0.04901493427294706,0.8767496741783078,2.9855809174212517e-15
246,random_matching,8,2,2,2,5,20261153,0.1,1,1.0,3.6484326432123253,0.4152634984481219,0.0020751919975475685,0.0020763174922406097,0.99945793709428,4.441699744790662e-16
246,random_matching,8,2,2,2,5,20261153,0.1,2,1.0,3.6484326432123253,0.4152634984481219,0.0010373863323058033,0.0010381587461203048,0.9992559771640049,8.890452167336713e-16
246,random_matching,8,2,2,2,5,20261153,0.1,4,1.0,3.6484326432123253,0.4152634984481219,0.0005186669665884841,0.0005190793730601524,0.9992055040267985,2.447600819541557e-15
246,random_matching,8,2,2,2,5,20261153,0.1,8,1.0,3.6484326432123253,0.4152634984481219,0.0002593302086225717,0.0002595396865300762,0.9991928867977566,2.1144117512985858e-15
246,random_matching,8,2,2,2,5,20261153,1.0,1,1.0,3.6484326432123253,0.4152634984481219,0.19664252607763782,0.20763174922406094,0.9470734933964056,2.765253472166071e-16
246,random_matching,8,2,2,2,5,20261153,1.0,2,1.0,3.6484326432123253,0.4152634984481219,0.09633485772437156,0.10381587461203047,0.9279395668955623,9.296282662209746e-16
246,random_matching,8,2,2,2,5,20261153,1.0,4,1.0,3.6484326432123253,0.4152634984481219,0.04792738344431823,0.051907937306015235,0.923315121573214,1.720520526989254e-15
246,random_matching,8,2,2,2,5,20261153,1.0,8,1.0,3.6484326432123253,0.4152634984481219,0.023933940230127494,0.025953968653007618,0.9221688039356541,3.4304097670300705e-15
247,random_matching,8,2,2,2,6,20261154,0.1,1,0.9999999999999999,6.298836624602368,0.48694584977555355,0.002433650155105458,0.0024347292488777683,0.9995567910588794,4.443899027670781e-16
247,random_matching,8,2,2,2,6,20261154,0.1,2,0.9999999999999999,6.298836624602368,0.48694584977555355,0.0012166229262501025,0.0012173646244388841,0.9993907345639164,7.808186889497035e-16
247,random_matching,8,2,2,2,6,20261154,0.1,4,0.9999999999999999,6.298836624602368,0.48694584977555355,0.0006082862018802237,0.0006086823122194421,0.9993492330378814,1.782559321402922e-15
247,random_matching,8,2,2,2,6,20261154,0.1,8,0.9999999999999999,6.298836624602368,0.48694584977555355,0.00030413994352460863,0.00030434115610972104,0.9993388584452907,2.8936614462776994e-15
247,random_matching,8,2,2,2,6,20261154,1.0,1,0.9999999999999999,6.298836624602368,0.48694584977555355,0.23278074421885434,0.24347292488777678,0.9560847241069997,3.97462096015384e-16
247,random_matching,8,2,2,2,6,20261154,1.0,2,0.9999999999999999,6.298836624602368,0.48694584977555355,0.11455381614848255,0.12173646244388839,0.9409983980870439,9.213433085306197e-16
247,random_matching,8,2,2,2,6,20261154,1.0,4,0.9999999999999999,6.298836624602368,0.48694584977555355,0.05705396084197831,0.060868231221944194,0.9373356132847381,1.4916678250690759e-15
247,random_matching,8,2,2,2,6,20261154,1.0,8,0.9999999999999999,6.298836624602368,0.48694584977555355,0.028499313728349105,0.030434115610972097,0.9364265448894642,4.114691774377828e-15
248,random_matching,8,2,2,2,7,20261155,0.1,1,0.9999999999999999,4.772813764242724,0.3793616508505309,0.0018958040648052877,0.001896808254252655,0.9994705899001041,8.891927190718222e-16
248,random_matching,8,2,2,2,7,20261155,0.1,2,0.9999999999999999,4.772813764242724,0.3793616508505309,0.0009477138456416811,0.0009484041271263275,0.9992721652459085,1.111166216405415e-15
248,random_matching,8,2,2,2,7,20261155,0.1,4,0.9999999999999999,4.772813764242724,0.3793616508505309,0.00047383341110641606,0.00047420206356316375,0.9992225836092369,1.5569714680014898e-15
248,random_matching,8,2,2,2,7,20261155,0.1,8,0.9999999999999999,4.772813764242724,0.3793616508505309,0.00023691376695246687,0.00023710103178158187,0.9992101897334318,3.4552795947682126e-15
248,random_matching,8,2,2,2,7,20261155,1.0,1,0.9999999999999999,4.772813764242724,0.3793616508505309,0.17984717481709844,0.18968082542526546,0.9481568546208088,3.796356568674366e-16
248,random_matching,8,2,2,2,7,20261155,1.0,2,0.9999999999999999,4.772813764242724,0.3793616508505309,0.0881746720868283,0.09484041271263273,0.9297162418936147,1.4693763251727802e-15
248,random_matching,8,2,2,2,7,20261155,1.0,4,0.9999999999999999,4.772813764242724,0.3793616508505309,0.0438794449503312,0.047420206356316365,0.9253322227368684,1.2885120279069993e-15
248,random_matching,8,2,2,2,7,20261155,1.0,8,0.9999999999999999,4.772813764242724,0.3793616508505309,0.021914052186918033,0.023710103178158182,0.9242495497491264,2.6868902670614506e-15
249,random_matching,8,2,2,2,8,20261156,0.1,1,1.0000000000000004,9.68426111528396,0.4482244338456643,0.0022400574153792784,0.002241122169228322,0.9995249014696017,6.664224360897248e-16
249,random_matching,8,2,2,2,8,20261156,0.1,2,1.0000000000000004,9.68426111528396,0.4482244338456643,0.0011198291549301004,0.001120561084614161,0.9993468185767734,1.1112399601375723e-15
249,random_matching,8,2,2,2,8,20261156,0.1,4,1.0000000000000004,9.68426111528396,0.4482244338456643,0.0005598896368707615,0.0005602805423070804,0.9993023041016036,8.883278243656698e-16
249,random_matching,8,2,2,2,8,20261156,0.1,8,1.0000000000000004,9.68426111528396,0.4482244338456643,0.00027994170097068907,0.0002801402711535402,0.9992911758740237,3.558881500170392e-15
249,random_matching,8,2,2,2,8,20261156,1.0,1,1.0000000000000004,9.68426111528396,0.4482244338456643,0.2136095308893176,0.22411221692283215,0.9531364859188783,3.72306580279214e-16
249,random_matching,8,2,2,2,8,20261156,1.0,2,1.0000000000000004,9.68426111528396,0.4482244338456643,0.10491752931402534,0.11205610846141607,0.9362946005763824,1.1418722367078911e-15
249,random_matching,8,2,2,2,8,20261156,1.0,4,1.0000000000000004,9.68426111528396,0.4482244338456643,0.05222576487923766,0.05602805423070804,0.9321359735996971,3.070121001649071e-15
249,random_matching,8,2,2,2,8,20261156,1.0,8,1.0000000000000004,9.68426111528396,0.4482244338456643,0.02608385409496902,0.02801402711535402,0.9310997661122736,4.660328655221822e-15
250,random_matching,8,2,2,2,9,20261157,0.1,1,1.0000000000000007,11.957740551585859,0.24137890449618016,0.0012063549406981632,0.001206894522480901,0.9995529171997329,3.330731009518879e-16
250,random_matching,8,2,2,2,9,20261157,0.1,2,1.0000000000000007,11.957740551585859,0.24137890449618016,0.0006030763688860216,0.0006034472612404505,0.9993853773506793,1.5571798421384278e-15
250,random_matching,8,2,2,2,9,20261157,0.1,4,1.0000000000000007,11.957740551585859,0.24137890449618016,0.0003015255505927787,0.00030172363062022525,0.9993435050909357,2.55909991436777e-15
250,random_matching,8,2,2,2,9,20261157,0.1,8,1.0000000000000007,11.957740551585859,0.24137890449618016,0.0001507611961852628,0.00015086181531011263,0.9993330378224403,3.778992517378228e-15
250,random_matching,8,2,2,2,9,20261157,1.0,1,1.0000000000000007,11.957740551585859,0.24137890449618016,0.11539128785719958,0.12068945224809008,0.9561008498074914,6.169899561972379e-16
250,random_matching,8,2,2,2,9,20261157,1.0,2,1.0000000000000007,11.957740551585859,0.24137890449618016,0.05670945213193366,0.06034472612404504,0.9397582154132461,1.7813052437281604e-15
250,random_matching,8,2,2,2,9,20261157,1.0,4,1.0000000000000007,11.957740551585859,0.24137890449618016,0.028235196873103708,0.03017236306202252,0.9357966697889469,3.2379621778664056e-15
250,random_matching,8,2,2,2,9,20261157,1.0,8,1.0000000000000007,11.957740551585859,0.24137890449618016,0.014102771315045207,0.01508618153101126,0.9348138417965773,2.7816220409131886e-15
251,random_matching,8,2,2,2,10,20261158,0.1,1,1.0000000000000002,3.517004912131993,0.44129409056721886,0.0022056636134671808,0.002206470452836095,0.999634330308898,4.454945238304533e-16
251,random_matching,8,2,2,2,10,20261158,0.1,2,1.0000000000000002,3.517004912131993,0.44129409056721886,0.0011027511406967872,0.0011032352264180474,0.9995612125957654,8.892455963833244e-16
251,random_matching,8,2,2,2,10,20261158,0.1,4,1.0000000000000002,3.517004912131993,0.44129409056721886,0.00055136548409279,0.0005516176132090237,0.9995429277271134,1.7802570705105137e-15
251,random_matching,8,2,2,2,10,20261158,0.1,8,1.0000000000000002,3.517004912131993,0.44129409056721886,0.00027568148117057957,0.00027580880660451186,0.9995383561696242,3.11652610709003e-15
251,random_matching,8,2,2,2,10,20261158,1.0,1,1.0000000000000002,3.517004912131993,0.44129409056721886,0.21257773623797263,0.22064704528360943,0.9634288823797079,4.926807477060615e-16
251,random_matching,8,2,2,2,10,20261158,1.0,2,1.0000000000000002,3.517004912131993,0.44129409056721886,0.10556193157750507,0.11032352264180471,0.9568397477683935,1.1205074484133652e-15
251,random_matching,8,2,2,2,10,20261158,1.0,4,1.0000000000000002,3.517004912131993,0.44129409056721886,0.052686795816756254,0.05516176132090236,0.9551325874141682,1.826238238726142e-15
251,random_matching,8,2,2,2,10,20261158,1.0,8,1.0000000000000002,3.517004912131993,0.44129409056721886,0.02633152722719304,0.02758088066045118,0.9547021921221821,1.9001853818475575e-15
252,random_matching,8,2,2,2,11,20261159,0.1,1,0.9999999999999999,12.329318401775684,0.4796157046184735,0.0023968939984763574,0.002398078523092368,0.9995060526147895,6.668409863874213e-16
252,random_matching,8,2,2,2,11,20261159,0.1,2,0.9999999999999999,12.329318401775684,0.4796157046184735,0.00119822500399186,0.001199039261546184,0.9993209083468426,5.581215900198112e-16
252,random_matching,8,2,2,2,11,20261159,0.1,4,0.9999999999999999,12.329318401775684,0.4796157046184735,0.0005990847566107563,0.000599519630773092,0.999274628986252,1.3350811790906986e-15
252,random_matching,8,2,2,2,11,20261159,0.1,8,0.9999999999999999,12.329318401775684,0.4796157046184735,0.0002995389102587446,0.000299759815386546,0.9992630595681528,4.558233411107955e-15
252,random_matching,8,2,2,2,11,20261159,1.0,1,0.9999999999999999,12.329318401775684,0.4796157046184735,0.2282080159505214,0.23980785230923676,0.9516286216359706,4.513473529773435e-16
252,random_matching,8,2,2,2,11,20261159,1.0,2,0.9999999999999999,12.329318401775684,0.4796157046184735,0.11202909272164557,0.11990392615461838,0.9343238066882141,1.4673623436057753e-15
252,random_matching,8,2,2,2,11,20261159,1.0,4,0.9999999999999999,12.329318401775684,0.4796157046184735,0.05575864926956162,0.05995196307730919,0.9300554378454595,1.5710534445447177e-15
252,random_matching,8,2,2,2,11,20261159,1.0,8,0.9999999999999999,12.329318401775684,0.4796157046184735,0.02784745618929535,0.029975981538654595,0.9289923051689076,4.485508365266693e-15
253,random_matching,8,2,2,2,12,20261160,0.1,1,1.0,49.26141638075137,0.426433974039941,0.0021313364455571877,0.0021321698701997054,0.9996091190227542,4.458896785874754e-16
253,random_matching,8,2,2,2,12,20261160,0.1,2,1.0,49.26141638075137,0.426433974039941,0.0010655120740774376,0.0010660849350998527,0.9994626497349749,1.3348099375978837e-15
253,random_matching,8,2,2,2,12,20261160,0.1,4,1.0,49.26141638075137,0.426433974039941,0.0005327365200495463,0.0005330424675499264,0.9994260354118006,1.5585690526467198e-15
253,random_matching,8,2,2,2,12,20261160,0.1,8,1.0,49.26141638075137,0.426433974039941,0.00026636582045150997,0.0002665212337749632,0.9994168820200479,4.667322133783434e-15
253,random_matching,8,2,2,2,12,20261160,1.0,1,1.0,49.26141638075137,0.426433974039941,0.20484906459114857,0.2132169870199705,0.9607539598707576,3.736316878212503e-16
253,random_matching,8,2,2,2,12,20261160,1.0,2,1.0,49.26141638075137,0.426433974039941,0.10096385855160331,0.10660849350998525,0.9470526712034135,9.092704976283062e-16
253,random_matching,8,2,2,2,12,20261160,1.0,4,1.0,49.26141638075137,0.426433974039941,0.05030046775521623,0.053304246754992624,0.9436484110997206,1.63575659573735e-15
253,random_matching,8,2,2,2,12,20261160,1.0,8,1.0,49.26141638075137,0.426433974039941,0.02512759240842685,0.026652123377496312,0.9427988927007332,4.244737532947398e-15
254,random_matching,8,2,2,2,13,20261161,0.1,1,0.9999999999999994,3.1694341788207043,0.4325266949246889,0.002161466013299194,0.002162633474623445,0.9994601668114593,4.483621949529229e-16
254,random_matching,8,2,2,2,13,20261161,0.1,2,0.9999999999999994,3.1694341788207043,0.4325266949246889,0.0010805143134567487,0.0010813167373117224,0.9992579196943084,1.111887903151795e-15
254,random_matching,8,2,2,2,13,20261161,0.1,4,0.9999999999999994,3.1694341788207043,0.4325266949246889,0.0005402298403139984,0.0005406583686558612,0.9992073953411131,2.0017855822250174e-15
254,random_matching,8,2,2,2,13,20261161,0.1,8,0.9999999999999994,3.1694341788207043,0.4325266949246889,0.0002701115062371016,0.0002703291843279306,0.9991947665903326,2.7787344536448443e-15
254,random_matching,8,2,2,2,13,20261161,1.0,1,0.9999999999999994,3.1694341788207043,0.4325266949246889,0.20490171221771858,0.21626334746234446,0.9474638889208715,4.953345191829126e-16
254,random_matching,8,2,2,2,13,20261161,1.0,2,0.9999999999999994,3.1694341788207043,0.4325266949246889,0.10052461271206961,0.10813167373117223,0.9296500206034483,7.104849489804904e-16
254,random_matching,8,2,2,2,13,20261161,1.0,4,0.9999999999999994,3.1694341788207043,0.4325266949246889,0.05003970172785401,0.054065836865586116,0.925532732476859,1.6214163009390187e-15
254,random_matching,8,2,2,2,13,20261161,1.0,8,0.9999999999999994,3.1694341788207043,0.4325266949246889,0.02499254807936298,0.027032918432793058,0.9245227496060896,3.743941163682024e-15
255,random_matching,8,2,2,2,14,20261162,0.1,1,1.0,1294.123103756157,0.45688062473339097,0.0022834457370936303,0.002284403123666955,0.9995809029661157,4.454755676060047e-16
255,random_matching,8,2,2,2,14,20261162,0.1,2,1.0,1294.123103756157,0.45688062473339097,0.0011415434721685283,0.0011422015618334776,0.9994238410391483,8.883144273475412e-16
255,random_matching,8,2,2,2,14,20261162,0.1,4,1.0,1294.123103756157,0.45688062473339097,0.000570749312188786,0.0005711007809167388,0.9993845766987245,2.2234294672616674e-15
255,random_matching,8,2,2,2,14,20261162,0.1,8,1.0,1294.123103756157,0.45688062473339097,0.00028537185312880716,0.0002855503904583694,0.9993747606883827,2.8872879925425476e-15
255,random_matching,8,2,2,2,14,20261162,1.0,1,1.0,1294.123103756157,0.45688062473339097,0.2188951176283819,0.22844031236669549,0.95821580420976,4.702083035610878e-16
255,random_matching,8,2,2,2,14,20261162,1.0,2,1.0,1294.123103756157,0.45688062473339097,0.10776186518605975,0.11422015618334774,0.9434575191184202,9.403887354062731e-16
255,random_matching,8,2,2,2,14,20261162,1.0,4,1.0,1294.123103756157,0.45688062473339097,0.05367036774016917,0.05711007809167387,0.9397705192070789,1.8505002094593155e-15
255,random_matching,8,2,2,2,14,20261162,1.0,8,1.0,1294.123103756157,0.45688062473339097,0.026808879111940985,0.028555039045836936,0.9388493242438579,2.2384997961658785e-15
256,random_matching,8,2,2,2,15,20261163,0.1,1,1.0,19.430314645359744,0.45156606557404505,0.002256961276671664,0.0022578303278702255,0.9996150945499163,4.446882528478281e-16
256,random_matching,8,2,2,2,15,20261163,0.1,2,1.0,19.430314645359744,0.45156606557404505,0.0011283134162511628,0.0011289151639351127,0.999466968198166,4.453586975336059e-16
256,random_matching,8,2,2,2,15,20261163,0.1,4,1.0,19.430314645359744,0.45156606557404505,0.0005641358055363704,0.0005644575819675564,0.9994299369138344,1.3350015065857983e-15
256,random_matching,8,2,2,2,15,20261163,0.1,8,1.0,19.430314645359744,0.45156606557404505,0.0002820652899498133,0.0002822287909837782,0.9994206791114579,4.219343527986886e-15
256,random_matching,8,2,2,2,15,20261163,1.0,1,1.0,19.430314645359744,0.45156606557404505,0.21706312270195693,0.22578303278702253,0.961379249904527,4.923926455678597e-16
256,random_matching,8,2,2,2,15,20261163,1.0,2,1.0,19.430314645359744,0.45156606557404505,0.10697090411001323,0.11289151639351126,0.9475548520150949,8.984358662837215e-16
256,random_matching,8,2,2,2,15,20261163,1.0,4,1.0,19.430314645359744,0.45156606557404505,0.05329004166946061,0.05644575819675563,0.9440929375721202,1.2963987181060013e-15
256,random_matching,8,2,2,2,15,20261163,1.0,8,1.0,19.430314645359744,0.45156606557404505,0.026620594688176923,0.028222879098377816,0.9432274643343177,3.300216289227022e-15
257,random_matching,8,2,2,2,16,20261164,0.1,1,1.0000000000000002,37.41384826424422,0.4987781441212878,0.0024931810263829346,0.0024938907206064394,0.9997154268959578,4.441780344406626e-16
257,random_matching,8,2,2,2,16,20261164,0.1,2,1.0000000000000002,37.41384826424422,0.4987781441212878,0.0012464577173253318,0.0012469453603032197,0.9996089299552233,1.1102914715594982e-15
257,random_matching,8,2,2,2,16,20261164,0.1,4,1.0000000000000002,37.41384826424422,0.4987781441212878,0.0006232122583784015,0.0006234726801516099,0.9995823044353042,2.003485163595154e-15
257,random_matching,8,2,2,2,16,20261164,0.1,8,1.0000000000000002,37.41384826424422,0.4987781441212878,0.00031160405412930525,0.00031173634007580493,0.9995756479771736,3.8927423955343994e-15
257,random_matching,8,2,2,2,16,20261164,1.0,1,1.0000000000000002,37.41384826424422,0.4987781441212878,0.2419548030298699,0.2493890720606439,0.970190077017624,5.562346088793557e-16
257,random_matching,8,2,2,2,16,20261164,1.0,2,1.0000000000000002,37.41384826424422,0.4987781441212878,0.1198359322882856,0.12469453603032195,0.9610359531643401,9.012280556966385e-16
257,random_matching,8,2,2,2,16,20261164,1.0,4,1.0000000000000002,37.41384826424422,0.4987781441212878,0.05977361454262606,0.062347268015160974,0.9587206696545375,2.0006431612980303e-15
257,random_matching,8,2,2,2,16,20261164,1.0,8,1.0000000000000002,37.41384826424422,0.4987781441212878,0.029868716136200377,0.031173634007580487,0.9581403351607068,4.593047243693715e-15
258,random_matching,8,2,2,2,17,20261165,0.1,1,1.0,5.5860462502625685,0.4676870185226799,0.0023373088297500063,0.0023384350926134,0.9995183689866137,3.3683162769644603e-16
258,random_matching,8,2,2,2,17,20261165,0.1,2,1.0,5.5860462502625685,0.4676870185226799,0.0011684433736469095,0.0011692175463067,0.999337871158164,9.051745772684485e-16
258,random_matching,8,2,2,2,17,20261165,0.1,4,1.0,5.5860462502625685,0.4676870185226799,0.0005841953147070246,0.00058460877315335,0.9992927604488465,1.887685918493551e-15
258,random_matching,8,2,2,2,17,20261165,0.1,8,1.0,5.5860462502625685,0.4676870185226799,0.0002920943610904419,0.000292304386576675,0.9992814836318648,3.3307393681377442e-15
258,random_matching,8,2,2,2,17,20261165,1.0,1,1.0,5.5860462502625685,0.4676870185226799,0.22277729273745034,0.23384350926133995,0.952676828367632,5.377730308321981e-16
258,random_matching,8,2,2,2,17,20261165,1.0,2,1.0,5.5860462502625685,0.4676870185226799,0.109440570894643,0.11692175463066998,0.9360154681251716,6.751065339587546e-16
258,random_matching,8,2,2,2,17,20261165,1.0,4,1.0,5.5860462502625685,0.4676870185226799,0.054483968889854704,0.05846087731533499,0.9319731655064114,1.940848408916584e-15
258,random_matching,8,2,2,2,17,20261165,1.0,8,1.0,5.5860462502625685,0.4676870185226799,0.027212666951965926,0.029230438657667494,0.9309701872991809,3.703167012346344e-15
259,random_matching,8,2,2,2,18,20261166,0.1,1,0.9999999999999997,4.771279317875851,0.44993017733144963,0.002248627554567833,0.0022496508866572487,0.9995451151574295,4.481822830270448e-16
259,random_matching,8,2,2,2,18,20261166,0.1,2,0.9999999999999997,4.771279317875851,0.44993017733144963,0.001124086550231259,0.0011248254433286243,0.9993431042107487,8.885568180831898e-16
259,random_matching,8,2,2,2,18,20261166,0.1,4,0.9999999999999997,4.771279317875851,0.44993017733144963,0.0005620148787249603,0.0005624127216643122,0.9992926139042969,1.783268837962487e-15
259,random_matching,8,2,2,2,18,20261166,0.1,8,0.9999999999999997,4.771279317875851,0.44993017733144963,0.00028100389003278835,0.0002812063608321561,0.9992799921069759,3.555621495111715e-15
259,random_matching,8,2,2,2,18,20261166,1.0,1,0.9999999999999997,4.771279317875851,0.44993017733144963,0.21484236519440383,0.22496508866572482,0.9550031361249909,4.482681585522595e-16
259,random_matching,8,2,2,2,18,20261166,1.0,2,0.9999999999999997,4.771279317875851,0.44993017733144963,0.10529455568758266,0.11248254433286241,0.9360968522901758,8.348354143091058e-16
259,random_matching,8,2,2,2,18,20261166,1.0,4,0.9999999999999997,4.771279317875851,0.44993017733144963,0.05238748363378523,0.056241272166431204,0.931477571822314,1.4870490521210442e-15
259,random_matching,8,2,2,2,18,20261166,1.0,8,0.9999999999999997,4.771279317875851,0.44993017733144963,0.02616145385813616,0.028120636083215602,0.9303293773554141,1.678438942137583e-15
260,random_matching,8,2,2,2,19,20261167,0.1,1,1.0000000000000004,10.817924874360298,0.40513463644363795,0.002024620123938796,0.00202567318221819,0.9994801440387135,3.343677478507956e-16
260,random_matching,8,2,2,2,19,20261167,0.1,2,1.0000000000000004,10.817924874360298,0.40513463644363795,0.0010121126262481214,0.001012836591109095,0.999285210598305,8.907119081749199e-16
260,random_matching,8,2,2,2,19,20261167,0.1,4,1.0000000000000004,10.817924874360298,0.40513463644363795,0.0005060316363637062,0.0005064182955545475,0.9992364825792521,1.0002241282952617e-15
260,random_matching,8,2,2,2,19,20261167,0.1,8,1.0000000000000004,10.817924874360298,0.40513463644363795,0.0002530127336712843,0.00025320914777727377,0.9992243009081084,4.885836421048116e-15
260,random_matching,8,2,2,2,19,20261167,1.0,1,1.0000000000000004,10.817924874360298,0.40513463644363795,0.1922992603560568,0.20256731822181898,0.9493103924369564,5.933380945488997e-16
260,random_matching,8,2,2,2,19,20261167,1.0,2,1.0000000000000004,10.817924874360298,0.40513463644363795,0.09423758072271181,0.10128365911090949,0.9304322291468364,5.707074989949526e-16
260,random_matching,8,2,2,2,19,20261167,1.0,4,1.0000000000000004,10.817924874360298,0.40513463644363795,0.04688240134797587,0.050641829555454744,0.9257643683002772,2.638840829330421e-15
260,random_matching,8,2,2,2,19,20261167,1.0,8,1.0000000000000004,10.817924874360298,0.40513463644363795,0.02341174466984411,0.025320914777727372,0.9246010610342327,3.496658098067386e-15
261,random_matching,8,2,2,2,20,20261168,0.1,1,1.0,43.3444957314645,0.34092239281490905,0.0017041138727028186,0.0017046119640745456,0.999707797796669,7.77586259416497e-16
261,random_matching,8,2,2,2,20,20261168,0.1,2,1.0,43.3444957314645,0.34092239281490905,0.0008519636289028658,0.0008523059820372728,0.9995983213286985,8.886125823825879e-16
261,random_matching,8,2,2,2,20,20261168,0.1,4,1.0,43.3444957314645,0.34092239281490905,0.00042597015294193913,0.0004261529910186364,0.9995709567208241,1.777132000431525e-15
261,random_matching,8,2,2,2,20,20261168,0.1,8,1.0,43.3444957314645,0.34092239281490905,0.00021298361884238486,0.0002130764955093182,0.9995641158509232,3.442442822136243e-15
261,random_matching,8,2,2,2,20,20261168,1.0,1,1.0,43.3444957314645,0.34092239281490905,0.16542288522804488,0.17046119640745452,0.970443061027411,4.051081458407518e-16
261,random_matching,8,2,2,2,20,20261168,1.0,2,1.0,43.3444957314645,0.34092239281490905,0.0818454583941581,0.08523059820372726,0.9602825759655278,9.415051714252802e-16
261,random_matching,8,2,2,2,20,20261168,1.0,4,1.0,43.3444957314645,0.34092239281490905,0.04081606566266417,0.04261529910186363,0.9577796360199482,2.097699962750574e-15
261,random_matching,8,2,2,2,20,20261168,1.0,8,1.0,43.3444957314645,0.34092239281490905,0.020394747903131845,0.021307649550931815,0.9571561543839993,3.596378109779341e-15
262,random_matching,8,2,2,2,21,20261169,0.1,1,0.9999999999999999,5.730748913469577,0.2920253811745468,0.0014595378602763056,0.0014601269058727342,0.9995965791781115,2.352282223954335e-16
262,random_matching,8,2,2,2,21,20261169,0.1,2,0.9999999999999999,5.730748913469577,0.2920253811745468,0.0007296305126727367,0.0007300634529363671,0.9994069826918618,8.890581730616814e-16
262,random_matching,8,2,2,2,21,20261169,0.1,4,0.9999999999999999,5.730748913469577,0.2920253811745468,0.00036479796164394463,0.00036503172646818355,0.9993596040911275,1.1107695353737422e-15
262,random_matching,8,2,2,2,21,20261169,0.1,8,0.9999999999999999,5.730748913469577,0.2920253811745468,0.00018239681922002995,0.00018251586323409178,0.9993477607263697,3.2204981986013785e-15
262,random_matching,8,2,2,2,21,20261169,1.0,1,0.9999999999999999,5.730748913469577,0.2920253811745468,0.1402150847862376,0.1460126905872734,0.960293822559413,4.450726943257621e-16
262,random_matching,8,2,2,2,21,20261169,1.0,2,0.9999999999999999,5.730748913469577,0.2920253811745468,0.06879410876450903,0.0730063452936367,0.9423031448542486,1.3526448092561518e-15
262,random_matching,8,2,2,2,21,20261169,1.0,4,0.9999999999999999,5.730748913469577,0.2920253811745468,0.03423992089732074,0.03650317264681835,0.9379984920380646,1.5929366586780735e-15
262,random_matching,8,2,2,2,21,20261169,1.0,8,0.9999999999999999,5.730748913469577,0.2920253811745468,0.01710052725255872,0.018251586323409175,0.9369337519241204,3.3959358724740615e-15
263,random_matching,8,2,2,2,22,20261170,0.1,1,1.0,4.474605818501111,0.05960223020130179,0.0002979559870769608,0.000298011151006509,0.9998148930690617,8.914443060099224e-16
263,random_matching,8,2,2,2,22,20261170,0.1,2,1.0,4.474605818501111,0.05960223020130179,0.0001489676503063491,0.0001490055755032545,0.999745478001227,8.899573695332443e-16
263,random_matching,8,2,2,2,22,20261170,0.1,4,1.0,4.474605818501111,0.05960223020130179,7.448253247277081e-05,7.450278775162725e-05,0.9997281272356685,1.3330438948992626e-15
263,random_matching,8,2,2,2,22,20261170,0.1,8,1.0,4.474605818501111,0.05960223020130179,3.724110465847969e-05,3.7251393875813624e-05,0.9997237897360771,5.1162375883020835e-15
263,random_matching,8,2,2,2,22,20261170,1.0,1,1.0,4.474605818501111,0.05960223020130179,0.02925392826586273,0.029801115100650893,0.9816387127481612,5.26778226314854e-16
263,random_matching,8,2,2,2,22,20261170,1.0,2,1.0,4.474605818501111,0.05960223020130179,0.014524357959314924,0.014900557550325447,0.9747526500441384,1.4777548014778945e-15
263,random_matching,8,2,2,2,22,20261170,1.0,4,1.0,4.474605818501111,0.05960223020130179,0.007249574819877187,0.007450278775162723,0.973060879821755,1.537590878640885e-15
263,random_matching,8,2,2,2,22,20261170,1.0,8,1.0,4.474605818501111,0.05960223020130179,0.00362321864631057,0.0037251393875813617,0.9726397509820521,2.737324480733709e-15
264,random_matching,8,2,2,2,23,20261171,0.1,1,0.9999999999999997,17.026107116641217,0.4722270511119094,0.002359893552199941,0.0023611352555595474,0.9994741074842356,4.447576094688876e-16
264,random_matching,8,2,2,2,23,20261171,0.1,2,0.9999999999999997,17.026107116641217,0.4722270511119094,0.0011797139928011746,0.0011805676277797737,0.9992769283533511,7.777166945695701e-16
264,random_matching,8,2,2,2,23,20261171,0.1,4,0.9999999999999997,17.026107116641217,0.4722270511119094,0.0005898278985098295,0.0005902838138898868,0.9992276336072085,1.3326302068390498e-15
264,random_matching,8,2,2,2,23,20261171,0.1,8,0.9999999999999997,17.026107116641217,0.4722270511119094,0.00029491031201968766,0.0002951419069449434,0.9992153099244596,4.109402989369658e-15
264,random_matching,8,2,2,2,23,20261171,1.0,1,0.9999999999999997,17.026107116641217,0.4722270511119094,0.22400778434439617,0.2361135255559547,0.9487291497466981,4.730371970947339e-16
264,random_matching,8,2,2,2,23,20261171,1.0,2,0.9999999999999997,17.026107116641217,0.4722270511119094,0.10977039418989859,0.11805676277797734,0.9298103014762276,1.3971547805993992e-15
264,random_matching,8,2,2,2,23,20261171,1.0,4,0.9999999999999997,17.026107116641217,0.4722270511119094,0.05460587454938785,0.05902838138898867,0.9250782973285829,1.9831683454540286e-15
264,random_matching,8,2,2,2,23,20261171,1.0,8,0.9999999999999997,17.026107116641217,0.4722270511119094,0.027268041288256946,0.029514190694494336,0.9238959512904281,2.7871150295522216e-15
265,random_matching,8,4,3,4,0,20261172,0.1,1,0.9999999999999994,2724.0868701421027,1.2942799924298183,0.0030412236764522723,0.006471399962149092,0.46994834104525196,4.529863443882363e-16
265,random_matching,8,4,3,4,0,20261172,0.1,2,0.9999999999999994,2724.0868701421027,1.2942799924298183,0.0015205484914988898,0.003235699981074546,0.46992876360370395,1.999086996737747e-15
265,random_matching,8,4,3,4,0,20261172,0.1,4,0.9999999999999994,2724.0868701421027,1.2942799924298183,0.0007602662940203569,0.001617849990537273,0.4699238486059387,2.002879637767221e-15
265,random_matching,8,4,3,4,0,20261172,0.1,8,0.9999999999999994,2724.0868701421027,1.2942799924298183,0.00038013215199419646,0.0008089249952686365,0.4699226185586688,5.330863445263255e-15
265,random_matching,8,4,3,4,0,20261172,1.0,1,0.9999999999999994,2724.0868701421027,1.2942799924298183,0.28712082438680764,0.6471399962149091,0.4436765245019062,6.93439272852157e-16
265,random_matching,8,4,3,4,0,20261172,1.0,2,0.9999999999999994,2724.0868701421027,1.2942799924298183,0.14313919264534586,0.32356999810745457,0.4423747364791549,1.873177262302712e-15
265,random_matching,8,4,3,4,0,20261172,1.0,4,0.9999999999999994,2724.0868701421027,1.2942799924298183,0.07148943374036824,0.16178499905372729,0.4418792481287296,2.9524200582389847e-15
265,random_matching,8,4,3,4,0,20261172,1.0,8,0.9999999999999994,2724.0868701421027,1.2942799924298183,0.03573317881998035,0.08089249952686364,0.4417366137649597,6.4827285516226685e-15
266,random_matching,8,4,4,4,1,20261173,0.1,1,1.0,4.282674253849236,0.9729735049383499,0.002676861980287229,0.00486486752469175,0.5502435506621203,4.784960392234853e-16
266,random_matching,8,4,4,4,1,20261173,0.1,2,1.0,4.282674253849236,0.9729735049383499,0.0013378784033816465,0.002432433762345875,0.5500163762286282,1.7795564063764277e-15
266,random_matching,8,4,4,4,1,20261173,0.1,4,1.0,4.282674253849236,0.9729735049383499,0.0006688168900894076,0.0012162168811729376,0.5499158089668931,3.4434035638200704e-15
266,random_matching,8,4,4,4,1,20261173,0.1,8,1.0,4.282674253849236,0.9729735049383499,0.00033437984240003774,0.0006081084405864688,0.5498687735324918,3.337274408816361e-15
266,random_matching,8,4,4,4,1,20261173,1.0,1,1.0,4.282674253849236,0.9729735049383499,0.25117608059399005,0.48648675246917494,0.5163061056013138,1.1283546177098789e-15
266,random_matching,8,4,4,4,1,20261173,1.0,2,1.0,4.282674253849236,0.9729735049383499,0.12395126268589945,0.24324337623458747,0.5095771346569332,1.0812183633176136e-15
266,random_matching,8,4,4,4,1,20261173,1.0,4,1.0,4.282674253849236,0.9729735049383499,0.06171481743165882,0.12162168811729374,0.507432665892124,2.0331670084320333e-15
266,random_matching,8,4,4,4,1,20261173,1.0,8,1.0,4.282674253849236,0.9729735049383499,0.03081197043060773,0.06081084405864687,0.5066854589436749,8.549046597873402e-15
267,random_matching,8,4,4,4,2,20261174,0.1,1,1.0,44.13050398699469,1.1507097780238098,0.002958303957838211,0.00575354889011905,0.5141702998159452,5.557582397144055e-16
267,random_matching,8,4,4,4,2,20261174,0.1,2,1.0,44.13050398699469,1.1507097780238098,0.0014778199414808425,0.002876774445059525,0.5137072682284147,6.674702708932009e-16
267,random_matching,8,4,4,4,2,20261174,0.1,4,1.0,44.13050398699469,1.1507097780238098,0.0007386377474866646,0.0014383872225297626,0.5135180123385592,1.5574277254959915e-15
267,random_matching,8,4,4,4,2,20261174,0.1,8,1.0,44.13050398699469,1.1507097780238098,0.0003692584160636135,0.0007191936112648813,0.5134339491895381,4.4455659760257615e-15
267,random_matching,8,4,4,4,2,20261174,1.0,1,1.0,44.13050398699469,1.1507097780238098,0.27612834290429783,0.5753548890119049,0.4799269949343984,6.24561253937269e-16
267,random_matching,8,4,4,4,2,20261174,1.0,2,1.0,44.13050398699469,1.1507097780238098,0.13267063148752453,0.28767744450595245,0.46117842751060517,1.835945769699387e-15
267,random_matching,8,4,4,4,2,20261174,1.0,4,1.0,44.13050398699469,1.1507097780238098,0.06555591833499519,0.14383872225297623,0.45575987681327407,3.502580335345538e-15
267,random_matching,8,4,4,4,2,20261174,1.0,8,1.0,44.13050398699469,1.1507097780238098,0.03265309389958182,0.07191936112648811,0.45402369248182306,6.570352861542251e-15
268,random_matching,8,4,4,4,3,20261175,0.1,1,1.0,36.834022566412735,1.747189481267771,0.0027640554781800703,0.008735947406338858,0.3164001967519235,5.563493475526076e-16
268,random_matching,8,4,4,4,3,20261175,0.1,2,1.0,36.834022566412735,1.747189481267771,0.00138173588887274,0.004367973703169429,0.3163333808237316,8.884261209301948e-16
268,random_matching,8,4,4,4,3,20261175,0.1,4,1.0,36.834022566412735,1.747189481267771,0.0006907976476574726,0.0021839868515847144,0.316301193460128,3.1161259420740833e-15
268,random_matching,8,4,4,4,3,20261175,0.1,8,1.0,36.834022566412735,1.747189481267771,0.00034538159226451485,0.0010919934257923572,0.316285413544412,3.4465504065313122e-15
268,random_matching,8,4,4,4,3,20261175,1.0,1,1.0,36.834022566412735,1.747189481267771,0.26214242599015747,0.8735947406338855,0.3000732648641467,5.465641514183396e-16
268,random_matching,8,4,4,4,3,20261175,1.0,2,1.0,36.834022566412735,1.747189481267771,0.13068367199708145,0.43679737031694277,0.2991860319631883,9.142403592168808e-16
268,random_matching,8,4,4,4,3,20261175,1.0,4,1.0,36.834022566412735,1.747189481267771,0.06524481662092795,0.21839868515847138,0.2987418013692982,1.576960215000985e-15
268,random_matching,8,4,4,4,3,20261175,1.0,8,1.0,36.834022566412735,1.747189481267771,0.032599879238393234,0.10919934257923569,0.2985354899434359,3.975441208264863e-15
269,random_matching,8,4,4,4,4,20261176,0.1,1,1.0000000000000002,4.63479820307412,1.0612709472831354,0.0027345723532533816,0.0053063547364156785,0.515339152598856,9.998768124430624e-16
269,random_matching,8,4,4,4,4,20261176,0.1,2,1.0000000000000002,4.63479820307412,1.0612709472831354,0.0013664119875201766,0.0026531773682078393,0.5150096649750773,8.923628947645314e-16
269,random_matching,8,4,4,4,4,20261176,0.1,4,1.0000000000000002,4.63479820307412,1.0612709472831354,0.0006830186766844029,0.0013265886841039196,0.5148684628994604,2.889541404064369e-15
269,random_matching,8,4,4,4,4,20261176,0.1,8,1.0000000000000002,4.63479820307412,1.0612709472831354,0.0003414664129983094,0.0006632943420519598,0.5148037475217304,5.7833000855930766e-15
269,random_matching,8,4,4,4,4,20261176,1.0,1,1.0000000000000002,4.63479820307412,1.0612709472831354,0.25879123217697836,0.5306354736415677,0.48770058737495187,5.259993755069563e-16
269,random_matching,8,4,4,4,4,20261176,1.0,2,1.0000000000000002,4.63479820307412,1.0612709472831354,0.12641072601040418,0.26531773682078386,0.4764503403547113,1.1561029994563828e-15
269,random_matching,8,4,4,4,4,20261176,1.0,4,1.0000000000000002,4.63479820307412,1.0612709472831354,0.06275286456074945,0.13265886841039193,0.47303934755886745,1.724109962126563e-15
269,random_matching,8,4,4,4,4,20261176,1.0,8,1.0000000000000002,4.63479820307412,1.0612709472831354,0.03129950185710615,0.06632943420519596,0.4718795242588438,4.706360775902981e-15
270,random_matching,8,4,4,4,5,20261177,0.1,1,1.0,15.071703132734546,1.2456694861140334,0.0027722883424024783,0.0062283474305701685,0.44510817248174794,4.543067623774823e-16
270,random_matching,8,4,4,4,5,20261177,0.1,2,1.0,15.071703132734546,1.2456694861140334,0.0013851185709015373,0.0031141737152850842,0.4447788394407978,1.555629405765461e-15
270,random_matching,8,4,4,4,5,20261177,0.1,4,1.0,15.071703132734546,1.2456694861140334,0.0006923262498642219,0.0015570868576425421,0.444629178177264,3.109111133468231e-15
270,random_matching,8,4,4,4,5,20261177,0.1,8,1.0,15.071703132734546,1.2456694861140334,0.00034610778890174727,0.0007785434288212711,0.4445581018206791,5.113496973414578e-15
270,random_matching,8,4,4,4,5,20261177,1.0,1,1.0,15.071703132734546,1.2456694861140334,0.2654268086409503,0.6228347430570167,0.4261592847858394,9.175602555519246e-16
270,random_matching,8,4,4,4,5,20261177,1.0,2,1.0,15.071703132734546,1.2456694861140334,0.13032400476880482,0.31141737152850835,0.4184866249726035,1.5735476200709864e-15
270,random_matching,8,4,4,4,5,20261177,1.0,4,1.0,15.071703132734546,1.2456694861140334,0.06476025831181988,0.15570868576425417,0.41590652437891684,3.75894560963469e-15
270,random_matching,8,4,4,4,5,20261177,1.0,8,1.0,15.071703132734546,1.2456694861140334,0.032304818262813804,0.07785434288212709,0.41493919371619253,4.1266633650822025e-15
271,random_matching,8,4,4,4,6,20261178,0.1,1,0.9999999999999999,7.196845887292637,1.6080862689609083,0.0025684647573718357,0.008040431344804543,0.31944365261342494,4.453873222110207e-16
271,random_matching,8,4,4,4,6,20261178,0.1,2,0.9999999999999999,7.196845887292637,1.6080862689609083,0.0012833303190946444,0.004020215672402272,0.319219271718274,1.2233459485558696e-15
271,random_matching,8,4,4,4,6,20261178,0.1,4,0.9999999999999999,7.196845887292637,1.6080862689609083,0.0006414650113670193,0.002010107836201136,0.31911970085113034,2.0005467376380163e-15
271,random_matching,8,4,4,4,6,20261178,0.1,8,0.9999999999999999,7.196845887292637,1.6080862689609083,0.0003206856686709134,0.001005053918100568,0.3190730993586604,6.000765445528704e-15
271,random_matching,8,4,4,4,6,20261178,1.0,1,0.9999999999999999,7.196845887292637,1.6080862689609083,0.24545090778374073,0.8040431344804542,0.30527082100183955,5.791003065075915e-16
271,random_matching,8,4,4,4,6,20261178,1.0,2,0.9999999999999999,7.196845887292637,1.6080862689609083,0.12011077823338613,0.4020215672402271,0.2987670016260949,1.4087019265253078e-15
271,random_matching,8,4,4,4,6,20261178,1.0,4,0.9999999999999999,7.196845887292637,1.6080862689609083,0.059593727181243734,0.20101078362011354,0.2964702992943343,1.8618610868008086e-15
271,random_matching,8,4,4,4,6,20261178,1.0,8,0.9999999999999999,7.196845887292637,1.6080862689609083,0.02970791401746503,0.10050539181005677,0.2955852763960112,6.514338852716212e-15
272,random_matching,8,4,4,4,7,20261179,0.1,1,0.9999999999999999,3.475931527293977,0.8234858306131692,0.002169076506989213,0.004117429153065846,0.5268036015565961,6.686876894819139e-16
272,random_matching,8,4,4,4,7,20261179,0.1,2,0.9999999999999999,3.475931527293977,0.8234858306131692,0.0010841141733742693,0.002058714576532923,0.5265976088827349,8.890625083260366e-16
272,random_matching,8,4,4,4,7,20261179,0.1,4,0.9999999999999999,3.475931527293977,0.8234858306131692,0.0005419717849583867,0.0010293572882664615,0.526514739960816,2.8877728774379784e-15
272,random_matching,8,4,4,4,7,20261179,0.1,8,0.9999999999999999,3.475931527293977,0.8234858306131692,0.0002709671577953408,0.0005146786441332308,0.5264783392201479,6.892870939630125e-15
272,random_matching,8,4,4,4,7,20261179,1.0,1,0.9999999999999999,3.475931527293977,0.8234858306131692,0.2062921755662955,0.4117429153065846,0.5010217975765047,9.155216116327812e-16
272,random_matching,8,4,4,4,7,20261179,1.0,2,0.9999999999999999,3.475931527293977,0.8234858306131692,0.10136142332305344,0.2058714576532923,0.4923529685875932,1.099532272867202e-15
272,random_matching,8,4,4,4,7,20261179,1.0,4,0.9999999999999999,3.475931527293977,0.8234858306131692,0.05042445623093438,0.10293572882664614,0.4898634983762937,2.723037322369058e-15
272,random_matching,8,4,4,4,7,20261179,1.0,8,0.9999999999999999,3.475931527293977,0.8234858306131692,0.025171739087429926,0.05146786441332307,0.4890768127716199,6.755284891841648e-15
273,random_matching,8,4,4,4,8,20261180,0.1,1,0.9999999999999997,16.902241383883844,0.9372409782433132,0.0027174259059756086,0.004686204891216567,0.5798777409559974,8.892631535483277e-16
273,random_matching,8,4,4,4,8,20261180,0.1,2,0.9999999999999997,16.902241383883844,0.9372409782433132,0.0013579348373442782,0.0023431024456082835,0.5795456531956076,4.46053191076623e-16
273,random_matching,8,4,4,4,8,20261180,0.1,4,0.9999999999999997,16.902241383883844,0.9372409782433132,0.0006788049775182716,0.0011715512228041417,0.5794069984354011,2.2205418728226453e-15
273,random_matching,8,4,4,4,8,20261180,0.1,8,0.9999999999999997,16.902241383883844,0.9372409782433132,0.0003393658886766609,0.0005857756114020709,0.5793445170316648,4.8854254760076974e-15
273,random_matching,8,4,4,4,8,20261180,1.0,1,0.9999999999999997,16.902241383883844,0.9372409782433132,0.25596277248578214,0.4686204891216566,0.5462048254986408,9.044016254677712e-16
273,random_matching,8,4,4,4,8,20261180,1.0,2,0.9999999999999997,16.902241383883844,0.9372409782433132,0.12512530421363444,0.2343102445608283,0.5340155077220756,7.590397904222373e-16
273,random_matching,8,4,4,4,8,20261180,1.0,4,0.9999999999999997,16.902241383883844,0.9372409782433132,0.06214540661754128,0.11715512228041415,0.5304540288797144,1.564597744862176e-15
273,random_matching,8,4,4,4,8,20261180,1.0,8,0.9999999999999997,16.902241383883844,0.9372409782433132,0.031003907538833794,0.058577561140207075,0.5292795899205337,3.716247014561004e-15
274,random_matching,8,4,3,4,9,20261181,0.1,1,1.0000000000000002,6.518803209771449,1.2472945029303673,0.0024691030222186846,0.0062364725146518375,0.3959133975845842,8.898881381089309e-16
274,random_matching,8,4,3,4,9,20261181,0.1,2,1.0000000000000002,6.518803209771449,1.2472945029303673,0.0012327117721648419,0.0031182362573259187,0.3953234041419199,1.1109069125138316e-15
274,random_matching,8,4,3,4,9,20261181,0.1,4,1.0000000000000002,6.518803209771449,1.2472945029303673,0.0006159126613185807,0.0015591181286629594,0.3950391249999537,1.779477901317994e-15
274,random_matching,8,4,3,4,9,20261181,0.1,8,1.0000000000000002,6.518803209771449,1.2472945029303673,0.00030784764484028917,0.0007795590643314797,0.3948997053921599,6.666355997543653e-15
274,random_matching,8,4,3,4,9,20261181,1.0,1,1.0000000000000002,6.518803209771449,1.2472945029303673,0.2423891540562093,0.6236472514651836,0.388663869658281,7.459227703479319e-16
274,random_matching,8,4,3,4,9,20261181,1.0,2,1.0000000000000002,6.518803209771449,1.2472945029303673,0.11873161978636201,0.3118236257325918,0.3807653108625636,9.72300080333877e-16
274,random_matching,8,4,3,4,9,20261181,1.0,4,1.0000000000000002,6.518803209771449,1.2472945029303673,0.05892295109876417,0.1559118128662959,0.3779248667276691,1.4955350721976025e-15
274,random_matching,8,4,3,4,9,20261181,1.0,8,1.0000000000000002,6.518803209771449,1.2472945029303673,0.02937102231220429,0.07795590643314795,0.3767645539134584,4.561619111843395e-15
275,random_matching,8,4,4,4,10,20261182,0.1,1,1.0000000000000002,24.18918298869395,1.1452126233994149,0.002120084893007275,0.005726063116997075,0.37025175058131615,1.1113908230029623e-15
275,random_matching,8,4,4,4,10,20261182,0.1,2,1.0000000000000002,24.18918298869395,1.1452126233994149,0.0010598972098914438,0.0028630315584985376,0.37020102232030117,8.894569797186131e-16
275,random_matching,8,4,4,4,10,20261182,0.1,4,1.0000000000000002,24.18918298869395,1.1452126233994149,0.0005299137623917301,0.0014315157792492688,0.37017668269757614,4.001909637240074e-15
275,random_matching,8,4,4,4,10,20261182,0.1,8,1.0000000000000002,24.18918298869395,1.1452126233994149,0.0002649483532188006,0.0007157578896246344,0.3701647680862417,5.1112306617674254e-15
275,random_matching,8,4,4,4,10,20261182,1.0,1,1.0000000000000002,24.18918298869395,1.1452126233994149,0.20157847953390337,0.5726063116997074,0.35203677538157735,7.591905776324185e-16
275,random_matching,8,4,4,4,10,20261182,1.0,2,1.0000000000000002,24.18918298869395,1.1452126233994149,0.10057992338515556,0.2863031558498537,0.3513056748766779,1.2401206826421658e-15
275,random_matching,8,4,4,4,10,20261182,1.0,4,1.0000000000000002,24.18918298869395,1.1452126233994149,0.050248885339613296,0.14315157792492686,0.35101873180863835,2.4814123948043623e-15
275,random_matching,8,4,4,4,10,20261182,1.0,8,1.0000000000000002,24.18918298869395,1.1452126233994149,0.025114441239591417,0.07157578896246343,0.350878999779691,3.482196219450722e-15
276,random_matching,8,4,4,4,11,20261183,0.1,1,0.9999999999999999,4.803282147183364,1.0962721450572372,0.0020147467571579648,0.005481360725286187,0.36756324900561493,8.891383969023767e-16
276,random_matching,8,4,4,4,11,20261183,0.1,2,0.9999999999999999,4.803282147183364,1.0962721450572372,0.0010054588689946868,0.0027406803626430936,0.3668646963358504,2.002084577948769e-15
276,random_matching,8,4,4,4,11,20261183,0.1,4,0.9999999999999999,4.803282147183364,1.0962721450572372,0.0005023106243376202,0.0013703401813215468,0.3665590713783166,3.3340873005166717e-15
276,random_matching,8,4,4,4,11,20261183,0.1,8,0.9999999999999999,4.803282147183364,1.0962721450572372,0.0002510580883436083,0.0006851700906607734,0.36641717402096396,4.109436331152104e-15
276,random_matching,8,4,4,4,11,20261183,1.0,1,0.9999999999999999,4.803282147183364,1.0962721450572372,0.1982471325729588,0.5481360725286186,0.3616750338258538,6.421664184807674e-16
276,random_matching,8,4,4,4,11,20261183,1.0,2,0.9999999999999999,4.803282147183364,1.0962721450572372,0.0933452489191332,0.2740680362643093,0.34059151950544025,2.0715022746491902e-15
276,random_matching,8,4,4,4,11,20261183,1.0,4,0.9999999999999999,4.803282147183364,1.0962721450572372,0.04579925832401928,0.13703401813215466,0.3342181667609775,1.5246889111989328e-15
276,random_matching,8,4,4,4,11,20261183,1.0,8,0.9999999999999999,4.803282147183364,1.0962721450572372,0.022747961999577293,0.06851700906607733,0.3320045972473684,5.5285719232418044e-15
277,random_matching,8,4,4,4,12,20261184,0.1,1,1.0,10.65529314311655,1.1281546586617457,0.0027065634989247595,0.00564077329330873,0.4798213574963869,5.579263000052508e-16
277,random_matching,8,4,4,4,12,20261184,0.1,2,1.0,10.65529314311655,1.1281546586617457,0.001352799453856953,0.002820386646654365,0.4796503541320081,1.334172389411064e-15
277,random_matching,8,4,4,4,12,20261184,0.1,4,1.0,10.65529314311655,1.1281546586617457,0.0006763125367464269,0.0014101933233271824,0.47958852560069454,3.3387313120800293e-15
277,random_matching,8,4,4,4,12,20261184,0.1,8,1.0,10.65529314311655,1.1281546586617457,0.00033813866600057113,0.0007050966616635912,0.479563561119086,4.999664260877895e-15
277,random_matching,8,4,4,4,12,20261184,1.0,1,1.0,10.65529314311655,1.1281546586617457,0.25589163442870105,0.5640773293308728,0.4536463727982973,9.006290822694644e-16
277,random_matching,8,4,4,4,12,20261184,1.0,2,1.0,10.65529314311655,1.1281546586617457,0.1252875113672642,0.2820386646654364,0.4442210486136161,8.555546946905789e-16
277,random_matching,8,4,4,4,12,20261184,1.0,4,1.0,10.65529314311655,1.1281546586617457,0.062251056068806127,0.1410193323327182,0.44143632677207845,2.9681542445155774e-15
277,random_matching,8,4,4,4,12,20261184,1.0,8,1.0,10.65529314311655,1.1281546586617457,0.03106526357260324,0.0705096661663591,0.44058162889763897,3.9807455270887434e-15
278,random_matching,8,4,4,4,13,20261185,0.1,1,1.0000000000000002,7.331991636675433,0.8508442106345412,0.0020757963671952993,0.0042542210531727066,0.487938059929259,7.790389941796924e-16
278,random_matching,8,4,4,4,13,20261185,0.1,2,1.0000000000000002,7.331991636675433,0.8508442106345412,0.0010376991139140457,0.0021271105265863533,0.4878444730276308,1.3336809322457648e-15
278,random_matching,8,4,4,4,13,20261185,0.1,4,1.0000000000000002,7.331991636675433,0.8508442106345412,0.0005187976768217063,0.0010635552632931766,0.48779569311265397,1.778661338797196e-15
278,random_matching,8,4,4,4,13,20261185,0.1,8,1.0000000000000002,7.331991636675433,0.8508442106345412,0.0002593855980263446,0.0005317776316465883,0.48777079476469687,7.333433567367275e-15
278,random_matching,8,4,4,4,13,20261185,1.0,1,1.0000000000000002,7.331991636675433,0.8508442106345412,0.20137237604445607,0.4254221053172706,0.4733472321431838,5.631198399742618e-16
278,random_matching,8,4,4,4,13,20261185,1.0,2,1.0000000000000002,7.331991636675433,0.8508442106345412,0.10070572502684517,0.2127110526586353,0.47343907976639354,1.911437818088386e-15
278,random_matching,8,4,4,4,13,20261185,1.0,4,1.0000000000000002,7.331991636675433,0.8508442106345412,0.05033917137338504,0.10635552632931765,0.4733103498309584,2.8353965031831552e-15
278,random_matching,8,4,4,4,13,20261185,1.0,8,1.0000000000000002,7.331991636675433,0.8508442106345412,0.025162694321996384,0.053177763164658824,0.47318075873336374,6.1526336738652994e-15
279,random_matching,8,4,4,4,14,20261186,0.1,1,1.0,7.909963795951859,0.8586655987593109,0.002147812499167053,0.004293327993796555,0.500267508625112,5.552663146338302e-16
279,random_matching,8,4,4,4,14,20261186,0.1,2,1.0,7.909963795951859,0.8586655987593109,0.0010731701002403412,0.0021466639968982775,0.49992458148595614,1.887602753062729e-15
279,random_matching,8,4,4,4,14,20261186,0.1,4,1.0,7.909963795951859,0.8586655987593109,0.0005364241094698745,0.0010733319984491388,0.4997746365942278,2.889030592320034e-15
279,random_matching,8,4,4,4,14,20261186,0.1,8,1.0,7.909963795951859,0.8586655987593109,0.0002681747002825306,0.0005366659992245694,0.49970503193795995,7.772043097651086e-15
279,random_matching,8,4,4,4,14,20261186,1.0,1,1.0,7.909963795951859,0.8586655987593109,0.20550047803184024,0.42933279937965546,0.4786507770400226,9.004696120662297e-16
279,random_matching,8,4,4,4,14,20261186,1.0,2,1.0,7.909963795951859,0.8586655987593109,0.10048541926192547,0.21466639968982773,0.46810036133795146,1.4531203983988758e-15
279,random_matching,8,4,4,4,14,20261186,1.0,4,1.0,7.909963795951859,0.8586655987593109,0.04990266733841239,0.10733319984491387,0.46493226150451994,3.115586801309456e-15
279,random_matching,8,4,4,4,14,20261186,1.0,8,1.0,7.909963795951859,0.8586655987593109,0.02489257197808566,0.05366659992245693,0.4638373217989034,4.485410812452069e-15
280,random_matching,8,4,4,4,15,20261187,0.1,1,1.0000000000000002,72.95296350224703,1.2563180113546926,0.0023391484217675238,0.006281590056773464,0.3723815786490573,6.6741297620915e-16
280,random_matching,8,4,4,4,15,20261187,0.1,2,1.0000000000000002,72.95296350224703,1.2563180113546926,0.001168628700087632,0.003140795028386732,0.37208053678303793,7.807007835215828e-16
280,random_matching,8,4,4,4,15,20261187,0.1,4,1.0000000000000002,72.95296350224703,1.2563180113546926,0.0005841213184861575,0.001570397514193366,0.37195761786861414,2.8893755793061373e-15
280,random_matching,8,4,4,4,15,20261187,0.1,8,1.0000000000000002,72.95296350224703,1.2563180113546926,0.00029201788227265537,0.000785198757096683,0.3719031387064443,4.2218856909100075e-15
280,random_matching,8,4,4,4,15,20261187,1.0,1,1.0000000000000002,72.95296350224703,1.2563180113546926,0.2238820990833032,0.6281590056773463,0.35640991701120367,6.966563788206721e-16
280,random_matching,8,4,4,4,15,20261187,1.0,2,1.0000000000000002,72.95296350224703,1.2563180113546926,0.10833290066386893,0.31407950283867314,0.3449219057109693,1.2667498357007772e-15
280,random_matching,8,4,4,4,15,20261187,1.0,4,1.0000000000000002,72.95296350224703,1.2563180113546926,0.05358280403145804,0.15703975141933657,0.34120535435883464,2.5419838890125623e-15
280,random_matching,8,4,4,4,15,20261187,1.0,8,1.0000000000000002,72.95296350224703,1.2563180113546926,0.0266871811998072,0.07851987570966829,0.33987803672135924,8.54071141369798e-15
281,random_matching,8,4,4,4,16,20261188,0.1,1,0.9999999999999999,33.55168642214155,0.9309842503404486,0.0022879142435051703,0.004654921251702244,0.4915043928333932,4.631500176354302e-16
281,random_matching,8,4,4,4,16,20261188,0.1,2,0.9999999999999999,33.55168642214155,0.9309842503404486,0.001141477472618691,0.002327460625851122,0.49043900461313605,1.3325500174926215e-15
281,random_matching,8,4,4,4,16,20261188,0.1,4,0.9999999999999999,33.55168642214155,0.9309842503404486,0.0005701243198419165,0.001163730312925561,0.48991103308863015,2.8895682310012515e-15
281,random_matching,8,4,4,4,16,20261188,0.1,8,0.9999999999999999,33.55168642214155,0.9309842503404486,0.0002849092596458008,0.0005818651564627805,0.48964825695663605,4.0075900847741745e-15
281,random_matching,8,4,4,4,16,20261188,1.0,1,0.9999999999999999,33.55168642214155,0.9309842503404486,0.22504999943138745,0.4654921251702243,0.48346682416827064,9.213505079448168e-16
281,random_matching,8,4,4,4,16,20261188,1.0,2,0.9999999999999999,33.55168642214155,0.9309842503404486,0.10988741635233124,0.23274606258511216,0.47213437310952083,7.077215198183443e-16
281,random_matching,8,4,4,4,16,20261188,1.0,4,0.9999999999999999,33.55168642214155,0.9309842503404486,0.05431255710356135,0.11637303129255608,0.4667108564614275,1.8275449227461932e-15
281,random_matching,8,4,4,4,16,20261188,1.0,8,0.9999999999999999,33.55168642214155,0.9309842503404486,0.027002563492734156,0.05818651564627804,0.46406909217395975,3.923087891497196e-15
282,random_matching,8,4,4,4,17,20261189,0.1,1,1.0000000000000002,37.45124039425525,1.608113321758357,0.002937924645127186,0.008040566608791787,0.3653877628368596,8.895423272081816e-16
282,random_matching,8,4,4,4,17,20261189,0.1,2,1.0000000000000002,37.45124039425525,1.608113321758357,0.0014667787177665176,0.004020283304395893,0.36484461584155015,1.1192835417116543e-15
282,random_matching,8,4,4,4,17,20261189,0.1,4,1.0000000000000002,37.45124039425525,1.608113321758357,0.0007328599335706957,0.0020101416521979467,0.36458123872482595,4.896310132043303e-15
282,random_matching,8,4,4,4,17,20261189,0.1,8,1.0000000000000002,37.45124039425525,1.608113321758357,0.0003662996935009508,0.0010050708260989734,0.36445162270074666,8.457425832311352e-15
282,random_matching,8,4,4,4,17,20261189,1.0,1,1.0000000000000002,37.45124039425525,1.608113321758357,0.27979362121268997,0.8040566608791785,0.34797749316168297,5.048336243869184e-16
282,random_matching,8,4,4,4,17,20261189,1.0,2,1.0000000000000002,37.45124039425525,1.608113321758357,0.13669035719637063,0.40202833043958924,0.3400018029747045,1.2146663120183881e-15
282,random_matching,8,4,4,4,17,20261189,1.0,4,1.0000000000000002,37.45124039425525,1.608113321758357,0.06765425514610517,0.20101416521979462,0.33656461509630464,2.8832580387942287e-15
282,random_matching,8,4,4,4,17,20261189,1.0,8,1.0000000000000002,37.45124039425525,1.608113321758357,0.0336701669486026,0.10050708260989731,0.3350029278960185,7.151948307380407e-15
283,random_matching,8,4,4,4,18,20261190,0.1,1,1.0000000000000007,21.432446075080417,0.8975026367154887,0.0022206773107595838,0.004487513183577444,0.49485699983821785,1.110789393424618e-15
283,random_matching,8,4,4,4,18,20261190,0.1,2,1.0000000000000007,21.432446075080417,0.8975026367154887,0.0011098775410746393,0.002243756591788722,0.49465148988814567,1.2268017326803695e-15
283,random_matching,8,4,4,4,18,20261190,0.1,4,1.0000000000000007,21.432446075080417,0.8975026367154887,0.0005548295795697641,0.001121878295894361,0.4945541611779325,2.3339480690855642e-15
283,random_matching,8,4,4,4,18,20261190,0.1,8,1.0000000000000007,21.432446075080417,0.8975026367154887,0.0002773882843585586,0.0005609391479471805,0.49450690930324975,1.0439838252034868e-14
283,random_matching,8,4,4,4,18,20261190,1.0,1,1.0000000000000007,21.432446075080417,0.8975026367154887,0.21358209152346347,0.44875131835774434,0.47594755221018853,4.98475914849068e-16
283,random_matching,8,4,4,4,18,20261190,1.0,2,1.0000000000000007,21.432446075080417,0.8975026367154887,0.10600007931236484,0.22437565917887217,0.4724223639065128,1.62389498922568e-15
283,random_matching,8,4,4,4,18,20261190,1.0,4,1.0000000000000007,21.432446075080417,0.8975026367154887,0.052812250376206335,0.11218782958943609,0.47074848109174294,2.0055338116889356e-15
283,random_matching,8,4,4,4,18,20261190,1.0,8,1.0000000000000007,21.432446075080417,0.8975026367154887,0.026363257886043573,0.05609391479471804,0.4699842751664394,4.5672226761164926e-15
284,random_matching,8,4,4,4,19,20261191,0.1,1,1.0000000000000004,87.17148717341745,0.8120198276860688,0.0023190602564983802,0.004060099138430345,0.5711831601715374,6.66163219849448e-16
284,random_matching,8,4,4,4,19,20261191,0.1,2,1.0000000000000004,87.17148717341745,0.8120198276860688,0.0011592916556449656,0.0020300495692151723,0.571065688850718,1.3348918610442552e-15
284,random_matching,8,4,4,4,19,20261191,0.1,4,1.0000000000000004,87.17148717341745,0.8120198276860688,0.0005795984931060759,0.0010150247846075862,0.5710190548008655,2.665238767868296e-15
284,random_matching,8,4,4,4,19,20261191,0.1,8,1.0000000000000004,87.17148717341745,0.8120198276860688,0.00028978892347063923,0.0005075123923037931,0.5709987142484864,4.6644006520337265e-15
284,random_matching,8,4,4,4,19,20261191,1.0,1,1.0000000000000004,87.17148717341745,0.8120198276860688,0.22307839890817155,0.4060099138430344,0.5494407680754683,4.820116218328577e-16
284,random_matching,8,4,4,4,19,20261191,1.0,2,1.0000000000000004,87.17148717341745,0.8120198276860688,0.1104584625539305,0.2030049569215172,0.5441170709769138,1.1627588112077e-15
284,random_matching,8,4,4,4,19,20261191,1.0,4,1.0000000000000004,87.17148717341745,0.8120198276860688,0.055105559857890604,0.1015024784607586,0.5428986631020513,2.4153064773513076e-15
284,random_matching,8,4,4,4,19,20261191,1.0,8,1.0000000000000004,87.17148717341745,0.8120198276860688,0.027537526380723817,0.0507512392303793,0.5425981079145761,6.716655897806728e-15
285,random_matching,8,4,4,4,20,20261192,0.1,1,0.9999999999999999,11.019852586907364,0.8984214774511432,0.0017664368603426113,0.004492107387255717,0.39323121823713775,6.677208313702023e-16
285,random_matching,8,4,4,4,20,20261192,0.1,2,0.9999999999999999,11.019852586907364,0.8984214774511432,0.0008828424431552051,0.0022460536936278583,0.39306381929330697,1.1219691997632044e-15
285,random_matching,8,4,4,4,20,20261192,0.1,4,0.9999999999999999,11.019852586907364,0.8984214774511432,0.0004413571582317185,0.0011230268468139292,0.3930067740445083,2.4443645072559017e-15
285,random_matching,8,4,4,4,20,20261192,0.1,8,0.9999999999999999,11.019852586907364,0.8984214774511432,0.0002206662928698614,0.0005615134234069646,0.392984893452726,7.777080399880271e-15
285,random_matching,8,4,4,4,20,20261192,1.0,1,0.9999999999999999,11.019852586907364,0.8984214774511432,0.1716198313345912,0.4492107387255716,0.38204748137028816,7.069762911196897e-16
285,random_matching,8,4,4,4,20,20261192,1.0,2,0.9999999999999999,11.019852586907364,0.8984214774511432,0.0834638189549368,0.2246053693627858,0.3716020645086398,1.9322437883520547e-15
285,random_matching,8,4,4,4,20,20261192,1.0,4,0.9999999999999999,11.019852586907364,0.8984214774511432,0.0414464462760142,0.1123026846813929,0.36906015553946364,2.7012762569230866e-15
285,random_matching,8,4,4,4,20,20261192,1.0,8,0.9999999999999999,11.019852586907364,0.8984214774511432,0.020686090875911087,0.05615134234069645,0.3683988665916284,7.418820906825771e-15
286,random_matching,8,4,4,4,21,20261193,0.1,1,0.9999999999999999,6.534773981956758,1.7806783116968177,0.0033834076334009508,0.00890339155848409,0.38001334785471536,8.8826935705007e-16
286,random_matching,8,4,4,4,21,20261193,0.1,2,0.9999999999999999,6.534773981956758,1.7806783116968177,0.0016917226005236496,0.004451695779242045,0.3800175673306422,1.1105361177422434e-15
286,random_matching,8,4,4,4,21,20261193,0.1,4,0.9999999999999999,6.534773981956758,1.7806783116968177,0.0008458636520059467,0.0022258478896210227,0.3800186238916646,3.664721386590207e-15
286,random_matching,8,4,4,4,21,20261193,0.1,8,0.9999999999999999,6.534773981956758,1.7806783116968177,0.00042293212008943465,0.0011129239448105113,0.38001888813834794,5.443959563115242e-15
286,random_matching,8,4,4,4,21,20261193,1.0,1,0.9999999999999999,6.534773981956758,1.7806783116968177,0.32433747020421455,0.8903391558484088,0.36428530417170263,5.858855598988539e-16
286,random_matching,8,4,4,4,21,20261193,1.0,2,0.9999999999999999,6.534773981956758,1.7806783116968177,0.16269544656240426,0.4451695779242044,0.3654684745553416,1.2559334817118402e-15
286,random_matching,8,4,4,4,21,20261193,1.0,4,0.9999999999999999,6.534773981956758,1.7806783116968177,0.08141660468552432,0.2225847889621022,0.36577793597291364,2.9591072375836388e-15
286,random_matching,8,4,4,4,21,20261193,1.0,8,0.9999999999999999,6.534773981956758,1.7806783116968177,0.040717003284395266,0.1112923944810511,0.3658561168915081,5.774908189111783e-15
287,random_matching,8,4,4,4,22,20261194,0.1,1,0.9999999999999996,26.516099783509347,0.9650089982957416,0.0013716665315986018,0.004825044991478709,0.28428056816486463,6.665883539499532e-16
287,random_matching,8,4,4,4,22,20261194,0.1,2,0.9999999999999996,26.516099783509347,0.9650089982957416,0.0006857833449971893,0.0024125224957393544,0.2842598757973531,1.554699999971238e-15
287,random_matching,8,4,4,4,22,20261194,0.1,4,0.9999999999999996,26.516099783509347,0.9650089982957416,0.00034288543376064645,0.0012062612478696772,0.2842547038348457,3.5529316869512715e-15
287,random_matching,8,4,4,4,22,20261194,0.1,8,0.9999999999999996,26.516099783509347,0.9650089982957416,0.00017144193708213478,0.0006031306239348386,0.2842534109172628,6.669307028828412e-15
287,random_matching,8,4,4,4,22,20261194,1.0,1,0.9999999999999996,26.516099783509347,0.9650089982957416,0.13386778738825075,0.4825044991478708,0.2774436044112926,9.30124804675591e-16
287,random_matching,8,4,4,4,22,20261194,1.0,2,0.9999999999999996,26.516099783509347,0.9650089982957416,0.0664705156047475,0.2412522495739354,0.27552288412704146,1.2774612758920575e-15
287,random_matching,8,4,4,4,22,20261194,1.0,4,0.9999999999999996,26.516099783509347,0.9650089982957416,0.03317858627511955,0.1206261247869677,0.27505307273788937,4.370051294487916e-15
287,random_matching,8,4,4,4,22,20261194,1.0,8,0.9999999999999996,26.516099783509347,0.9650089982957416,0.01658224677770867,0.06031306239348385,0.27493624299037744,4.011306200434465e-15
288,random_matching,8,4,4,4,23,20261195,0.1,1,1.0,58.22862512674027,0.92470639690706,0.0018851317855308539,0.004623531984535301,0.40772547737015896,4.444299356516617e-16
288,random_matching,8,4,4,4,23,20261195,0.1,2,1.0,58.22862512674027,0.92470639690706,0.0009421174076637909,0.0023117659922676503,0.4075314762891083,1.3353318643497007e-15
288,random_matching,8,4,4,4,23,20261195,0.1,4,1.0,58.22862512674027,0.92470639690706,0.0004709664080024552,0.0011558829961338252,0.4074516275243553,4.222475017385162e-15
288,random_matching,8,4,4,4,23,20261195,0.1,8,1.0,58.22862512674027,0.92470639690706,0.0002354626501699531,0.0005779414980669126,0.40741606366305927,2.9981247487125954e-15
288,random_matching,8,4,4,4,23,20261195,1.0,1,1.0,58.22862512674027,0.92470639690706,0.1834125650988675,0.46235319845353,0.39669362234833083,8.158206681709568e-16
288,random_matching,8,4,4,4,23,20261195,1.0,2,1.0,58.22862512674027,0.92470639690706,0.09020483644635054,0.231176599226765,0.39019882093631414,1.2327203967011418e-15
288,random_matching,8,4,4,4,23,20261195,1.0,4,1.0,58.22862512674027,0.92470639690706,0.044835916834163214,0.1155882996133825,0.38789321223799916,3.3752919697886232e-15
288,random_matching,8,4,4,4,23,20261195,1.0,8,1.0,58.22862512674027,0.92470639690706,0.022369141929855733,0.05779414980669125,0.38704855084252654,4.205249461444317e-15
289,random_matching,16,2,2,2,0,20261196,0.1,1,0.9999999999999996,78.1603008015969,0.4043298828041708,0.0020206086161082635,0.0020216494140208544,0.9994851738855547,5.578161651409046e-16
289,random_matching,16,2,2,2,0,20261196,0.1,2,0.9999999999999996,78.1603008015969,0.4043298828041708,0.001010103955679107,0.0010108247070104272,0.999286967041544,8.883735393083294e-16
289,random_matching,16,2,2,2,0,20261196,0.1,4,0.9999999999999996,78.1603008015969,0.4043298828041708,0.000505026937593291,0.0005054123535052136,0.9992374228503723,2.4445021977587367e-15
289,random_matching,16,2,2,2,0,20261196,0.1,8,0.9999999999999996,78.1603008015969,0.4043298828041708,0.0002525103388849211,0.0002527061767526068,0.9992250372737133,3.778813951383962e-15
289,random_matching,16,2,2,2,0,20261196,1.0,1,0.9999999999999996,78.1603008015969,0.4043298828041708,0.19198430161909574,0.2021649414020854,0.9496419126264756,6.220101844488241e-16
289,random_matching,16,2,2,2,0,20261196,1.0,2,0.9999999999999996,78.1603008015969,0.4043298828041708,0.09405761645472534,0.1010824707010427,0.9305037342518686,1.3968026590381076e-15
289,random_matching,16,2,2,2,0,20261196,1.0,4,0.9999999999999996,78.1603008015969,0.4043298828041708,0.04679049904726014,0.05054123535052135,0.9257885906973082,2.5219623095287704e-15
289,random_matching,16,2,2,2,0,20261196,1.0,8,0.9999999999999996,78.1603008015969,0.4043298828041708,0.023365576627693622,0.025270617675260676,0.9246143852893615,4.221531988915528e-15
290,random_matching,16,2,2,2,1,20261197,0.1,1,0.9999999999999997,25.19665628276676,0.4257010530526816,0.002127449900285262,0.002128505265263408,0.9995041755379377,1.0017626315975818e-15
290,random_matching,16,2,2,2,1,20261197,0.1,2,0.9999999999999997,25.19665628276676,0.4257010530526816,0.0010635271195569918,0.001064252632631704,0.9993182886727578,8.882252436584853e-16
290,random_matching,16,2,2,2,1,20261197,0.1,4,0.9999999999999997,25.19665628276676,0.4257010530526816,0.0005317388357906223,0.000532126316315852,0.9992718260432739,2.6658589189282556e-15
290,random_matching,16,2,2,2,1,20261197,0.1,8,0.9999999999999997,25.19665628276676,0.4257010530526816,0.00026586632754842335,0.000266063158157926,0.9992602109556791,3.778240908412003e-15
290,random_matching,16,2,2,2,1,20261197,1.0,1,0.9999999999999997,25.19665628276676,0.4257010530526816,0.2025594663467663,0.2128505265263408,0.9516512345657696,6.736339047420695e-16
290,random_matching,16,2,2,2,1,20261197,1.0,2,0.9999999999999997,25.19665628276676,0.4257010530526816,0.09940049607600239,0.1064252632631704,0.933993424382733,1.3131421023988947e-15
290,random_matching,16,2,2,2,1,20261197,1.0,4,0.9999999999999997,25.19665628276676,0.4257010530526816,0.04946996337554836,0.0532126316315852,0.9296657928525506,2.241836289930238e-15
290,random_matching,16,2,2,2,1,20261197,1.0,8,0.9999999999999997,25.19665628276676,0.4257010530526816,0.024706347697582093,0.0266063158157926,0.928589582587652,3.619603056189322e-15
291,random_matching,16,2,2,2,2,20261198,0.1,1,1.0,9.802190698579412,0.4222472114226101,0.0021101475616138077,0.002111236057113051,0.9994844273829181,4.451579955397269e-16
291,random_matching,16,2,2,2,2,20261198,0.1,2,1.0,9.802190698579412,0.4222472114226101,0.0010548698064590835,0.0010556180285565256,0.9992911999632431,1.3339198483765582e-15
291,random_matching,16,2,2,2,2,20261198,0.1,4,1.0,9.802190698579412,0.4222472114226101,0.0005274094158523726,0.0005278090142782628,0.9992429109486949,1.4438467568835959e-15
291,random_matching,16,2,2,2,2,20261198,0.1,8,1.0,9.802190698579412,0.4222472114226101,0.00026370152229903104,0.0002639045071391314,0.999230839812852,4.22591866210576e-15
291,random_matching,16,2,2,2,2,20261198,1.0,1,1.0,9.802190698579412,0.4222472114226101,0.20053138652964864,0.21112360571130506,0.9498292995424659,4.483736314261571e-16
291,random_matching,16,2,2,2,2,20261198,1.0,2,1.0,9.802190698579412,0.4222472114226101,0.09840651697734447,0.10556180285565253,0.9322170928807236,1.1218716501196354e-15
291,random_matching,16,2,2,2,2,20261198,1.0,4,1.0,9.802190698579412,0.4222472114226101,0.04897997898314922,0.052780901427826266,0.9279867841993091,2.691137685176961e-15
291,random_matching,16,2,2,2,2,20261198,1.0,8,1.0,9.802190698579412,0.4222472114226101,0.024462353779596876,0.026390450713913133,0.9269395981441212,3.9508741476440514e-15
292,random_matching,16,2,2,2,3,20261199,0.1,1,1.0000000000000002,41.93322315543034,0.4506081500882496,0.002252038664087714,0.0022530407504412486,0.9995552293702019,4.443264032387671e-16
292,random_matching,16,2,2,2,3,20261199,0.1,2,1.0000000000000002,41.93322315543034,0.4506081500882496,0.001125831931072113,0.0011265203752206243,0.9993888755466349,1.113042028364637e-15
292,random_matching,16,2,2,2,3,20261199,0.1,4,1.0000000000000002,41.93322315543034,0.4506081500882496,0.0005628925448417147,0.0005632601876103122,0.9993472949505676,2.2244859849819827e-15
292,random_matching,16,2,2,2,3,20261199,0.1,8,1.0000000000000002,41.93322315543034,0.4506081500882496,0.00028144334497304875,0.0002816300938051561,0.9993369002950497,4.333527210814289e-15
292,random_matching,16,2,2,2,3,20261199,1.0,1,1.0000000000000002,41.93322315543034,0.4506081500882496,0.2154327026813766,0.2253040750441248,0.9561864455367044,4.445857496707043e-16
292,random_matching,16,2,2,2,3,20261199,1.0,2,1.0000000000000002,41.93322315543034,0.4506081500882496,0.1059800603347256,0.1126520375220624,0.9407735773440393,2.027091308183366e-15
292,random_matching,16,2,2,2,3,20261199,1.0,4,1.0000000000000002,41.93322315543034,0.4506081500882496,0.05277673710985468,0.0563260187610312,0.9369868183612495,1.5064656797193083e-15
292,random_matching,16,2,2,2,3,20261199,1.0,8,1.0000000000000002,41.93322315543034,0.4506081500882496,0.026361826902319276,0.0281630093805156,0.9360443887987886,5.071447441929955e-15
293,random_matching,16,2,2,2,4,20261200,0.1,1,1.0000000000000002,17.148452775616267,0.41721161240636473,0.0020849322649296696,0.002086058062031824,0.9994603232179176,5.58391366428408e-16
293,random_matching,16,2,2,2,4,20261200,0.1,2,1.0000000000000002,17.148452775616267,0.41721161240636473,0.0010422496714602553,0.001043029031015912,0.9992527920772276,1.335715221067945e-15
293,random_matching,16,2,2,2,4,20261200,0.1,4,1.0000000000000002,17.148452775616267,0.41721161240636473,0.0005210977861189145,0.000521514515507956,0.9992009246595263,2.44622808536601e-15
293,random_matching,16,2,2,2,4,20261200,0.1,8,1.0000000000000002,17.148452775616267,0.41721161240636473,0.00026054551210875465,0.000260757257753978,0.9991879587665278,5.556674367336638e-15
293,random_matching,16,2,2,2,4,20261200,1.0,1,1.0000000000000002,17.148452775616267,0.41721161240636473,0.19768341569434453,0.20860580620318236,0.947641004305511,4.640523545532683e-16
293,random_matching,16,2,2,2,4,20261200,1.0,2,1.0000000000000002,17.148452775616267,0.41721161240636473,0.09680964593436532,0.10430290310159118,0.9281586902722408,1.1888074590807163e-15
293,random_matching,16,2,2,2,4,20261200,1.0,4,1.0000000000000002,17.148452775616267,0.41721161240636473,0.0481586063333117,0.05215145155079559,0.923437505596659,1.9763925153015114e-15
293,random_matching,16,2,2,2,4,20261200,1.0,8,1.0000000000000002,17.148452775616267,0.41721161240636473,0.024048770125688897,0.026075725775397796,0.9222665682570833,5.035781647494675e-15
294,random_matching,16,2,2,2,5,20261201,0.1,1,1.0,722.2492018610608,0.49449848527549184,0.0024714195279820182,0.0024724924263774596,0.9995660660538349,6.661765676586846e-16
294,random_matching,16,2,2,2,5,20261201,0.1,2,1.0,722.2492018610608,0.49449848527549184,0.001235508813084606,0.0012362462131887298,0.9994035167944241,1.1120316551549863e-15
294,random_matching,16,2,2,2,5,20261201,0.1,4,1.0,722.2492018610608,0.49449848527549184,0.0006177292975415168,0.0006181231065943649,0.999362895435154,2.4484726029195277e-15
294,random_matching,16,2,2,2,5,20261201,0.1,8,1.0,722.2492018610608,0.49449848527549184,0.00030886151045369647,0.00030906155329718245,0.9993527410920192,2.8892512364522298e-15
294,random_matching,16,2,2,2,5,20261201,1.0,1,1.0,722.2492018610608,0.49449848527549184,0.23661604354417845,0.24724924263774592,0.9569940074229203,6.522704533937174e-16
294,random_matching,16,2,2,2,5,20261201,1.0,2,1.0,722.2492018610608,0.49449848527549184,0.11652018131373415,0.12362462131887296,0.9425321596188039,9.849652882172591e-16
294,random_matching,16,2,2,2,5,20261201,1.0,4,1.0,722.2492018610608,0.49449848527549184,0.05804515128930925,0.06181231065943648,0.9390548690068728,2.0403012196820506e-15
294,random_matching,16,2,2,2,5,20261201,1.0,8,1.0,722.2492018610608,0.49449848527549184,0.028995963801285992,0.03090615532971824,0.9381938158255655,4.060059397284044e-15
295,random_matching,16,2,2,2,6,20261202,0.1,1,0.9999999999999998,4.676031728759774,0.4179728329416472,0.002088833998339051,0.0020898641647082365,0.9995070653937314,4.448760315903876e-16
295,random_matching,16,2,2,2,6,20261202,0.1,2,0.9999999999999998,4.676031728759774,0.4179728329416472,0.0010442251961758932,0.0010449320823541183,0.9993235099293415,1.555644068434577e-15
295,random_matching,16,2,2,2,6,20261202,0.1,4,0.9999999999999998,4.676031728759774,0.4179728329416472,0.0005220886268697484,0.0005224660411770591,0.9992776290178391,1.7835685400420228e-15
295,random_matching,16,2,2,2,6,20261202,0.1,8,0.9999999999999998,4.676031728759774,0.4179728329416472,0.0002610413171637087,0.00026123302058852956,0.9992661592918499,6.339310146497444e-15
295,random_matching,16,2,2,2,6,20261202,1.0,1,0.9999999999999998,4.676031728759774,0.4179728329416472,0.19881543046235617,0.2089864164708236,0.9513318320863815,6.319000895366008e-16
295,random_matching,16,2,2,2,6,20261202,1.0,2,0.9999999999999998,4.676031728759774,0.4179728329416472,0.09757874382735407,0.1044932082354118,0.9338285758010205,1.0527655165853607e-15
295,random_matching,16,2,2,2,6,20261202,1.0,4,0.9999999999999998,4.676031728759774,0.4179728329416472,0.048564453594265644,0.0522466041177059,0.9295236391795958,2.1379899831681256e-15
295,random_matching,16,2,2,2,6,20261202,1.0,8,0.9999999999999998,4.676031728759774,0.4179728329416472,0.024254232769662744,0.02612330205885295,0.9284520278110555,4.466745048697745e-15
296,random_matching,16,2,2,2,7,20261203,0.1,1,1.0000000000000002,8.933760563425775,0.455459950991004,0.0022760931022660904,0.0022772997549550204,0.9994701388403945,6.672603461354971e-16
296,random_matching,16,2,2,2,7,20261203,0.1,2,1.0000000000000002,8.933760563425775,0.455459950991004,0.001137820396880839,0.0011386498774775102,0.9992715226927273,8.899549027389248e-16
296,random_matching,16,2,2,2,7,20261203,0.1,4,1.0000000000000002,8.933760563425775,0.455459950991004,0.0005688819382631872,0.0005693249387387551,0.9992218846471942,2.3331601096874515e-15
296,random_matching,16,2,2,2,7,20261203,0.1,8,1.0000000000000002,8.933760563425775,0.455459950991004,0.00028443743689400824,0.00028466246936937755,0.9992094761354813,5.1161024665739534e-15
296,random_matching,16,2,2,2,7,20261203,1.0,1,1.0000000000000002,8.933760563425775,0.455459950991004,0.21596885215434272,0.227729975495502,0.9483549615479075,4.64544621351296e-16
296,random_matching,16,2,2,2,7,20261203,1.0,2,1.0000000000000002,8.933760563425775,0.455459950991004,0.10587049747414762,0.113864987747751,0.9297897410632155,1.280818891983068e-15
296,random_matching,16,2,2,2,7,20261203,1.0,4,1.0000000000000002,8.933760563425775,0.455459950991004,0.05267932488822296,0.0569324938738755,0.9252945252130579,1.6610128038594866e-15
296,random_matching,16,2,2,2,7,20261203,1.0,8,1.0000000000000002,8.933760563425775,0.455459950991004,0.0263079266915518,0.02846624693693775,0.924179669692062,3.607798702857833e-15
297,random_matching,16,2,2,2,8,20261204,0.1,1,0.9999999999999999,51.23825130098234,0.4619427592474303,0.0023084756200438265,0.002309713796237152,0.9994639265716201,4.473256151906367e-16
297,random_matching,16,2,2,2,8,20261204,0.1,2,0.9999999999999999,51.23825130098234,0.4619427592474303,0.0011540057677327709,0.001154856898118576,0.9992629992623401,1.1109710103306025e-15
297,random_matching,16,2,2,2,8,20261204,0.1,4,0.9999999999999999,51.23825130098234,0.4619427592474303,0.0005769738889093045,0.000577428449059288,0.9992127853230578,1.7770101720146967e-15
297,random_matching,16,2,2,2,8,20261204,0.1,8,0.9999999999999999,51.23825130098234,0.4619427592474303,0.00028848332040849165,0.000288714224529644,0.999200232958634,4.666489658606752e-15
297,random_matching,16,2,2,2,8,20261204,1.0,1,0.9999999999999999,51.23825130098234,0.4619427592474303,0.21892084924534327,0.23097137962371514,0.9478267376763135,5.729989373816621e-16
297,random_matching,16,2,2,2,8,20261204,1.0,2,0.9999999999999999,51.23825130098234,0.4619427592474303,0.10731530194868756,0.11548568981185757,0.9292519456178447,1.544822754202199e-15
297,random_matching,16,2,2,2,8,20261204,1.0,4,0.9999999999999999,51.23825130098234,0.4619427592474303,0.05339875459485177,0.057742844905928785,0.9247683359184303,3.4136407659114537e-15
297,random_matching,16,2,2,2,8,20261204,1.0,8,0.9999999999999999,51.23825130098234,0.4619427592474303,0.026667294418726666,0.028871422452964392,0.9236571028729685,3.1696688252661608e-15
298,random_matching,16,2,2,2,9,20261205,0.1,1,1.0000000000000004,49.03585256544869,0.3686722276635014,0.0018427545360279836,0.0018433611383175074,0.9996709259640368,4.452905924750315e-16
298,random_matching,16,2,2,2,9,20261205,0.1,2,1.0000000000000004,49.03585256544869,0.3686722276635014,0.000921263612907811,0.0009216805691587537,0.9995476130615151,1.2233624878787704e-15
298,random_matching,16,2,2,2,9,20261205,0.1,4,1.0000000000000004,49.03585256544869,0.3686722276635014,0.0004606176032706671,0.00046084028457937684,0.9995167928756208,2.4431625704849637e-15
298,random_matching,16,2,2,2,9,20261205,0.1,8,1.0000000000000004,49.03585256544869,0.3686722276635014,0.00023030702635333262,0.00023042014228968842,0.9995090883321581,3.5543462755415165e-15
298,random_matching,16,2,2,2,9,20261205,1.0,1,1.0000000000000004,49.03585256544869,0.3686722276635014,0.1783061512980845,0.1843361138317507,0.9672882192842043,3.670355656132502e-16
298,random_matching,16,2,2,2,9,20261205,1.0,2,1.0000000000000004,49.03585256544869,0.3686722276635014,0.08810136324900322,0.09216805691587535,0.9558774069569035,1.2046010375344838e-15
298,random_matching,16,2,2,2,9,20261205,1.0,4,1.0000000000000004,49.03585256544869,0.3686722276635014,0.043922495805535804,0.04608402845793767,0.9530958398227974,1.7779629199160045e-15
298,random_matching,16,2,2,2,9,20261205,1.0,8,1.0000000000000004,49.03585256544869,0.3686722276635014,0.021945322937219784,0.023042014228968836,0.9524047125025089,3.1437846663466896e-15
299,random_matching,16,2,2,2,10,20261206,0.1,1,1.0,16553.191247805324,0.47281683912565386,0.0023632443574593772,0.00236408419562827,0.9996447511596898,4.445425782494579e-16
299,random_matching,16,2,2,2,10,20261206,0.1,2,1.0,16553.191247805324,0.47281683912565386,0.001181464894283285,0.001182042097814135,0.9995116895312633,6.683974533350965e-16
299,random_matching,16,2,2,2,10,20261206,0.1,4,1.0,16553.191247805324,0.47281683912565386,0.0005907127867491372,0.0005910210489070675,0.9994784244004501,1.776485142990846e-15
299,random_matching,16,2,2,2,10,20261206,0.1,8,1.0,16553.191247805324,0.47281683912565386,0.0002953539358314311,0.00029551052445353374,0.9994701081377991,4.6629497578412796e-15
299,random_matching,16,2,2,2,10,20261206,1.0,1,1.0,16553.191247805324,0.47281683912565386,0.22786571133931266,0.23640841956282693,0.9638646193764516,4.574847442957666e-16
299,random_matching,16,2,2,2,10,20261206,1.0,2,1.0,16553.191247805324,0.47281683912565386,0.11250166802949978,0.11820420978141347,0.9517568641382655,1.4046256906927298e-15
299,random_matching,16,2,2,2,10,20261206,1.0,4,1.0,16553.191247805324,0.47281683912565386,0.056071421282647096,0.05910210489070673,0.9487212238267306,1.9160008879955887e-15
299,random_matching,16,2,2,2,10,20261206,1.0,8,1.0,16553.191247805324,0.47281683912565386,0.028013276162526347,0.029551052445353367,0.9479620468451768,3.6207680742006806e-15
300,random_matching,16,2,2,2,11,20261207,0.1,1,0.9999999999999998,103.18290799327252,0.46603819350802017,0.0023290105585277985,0.002330190967540101,0.9994934282087837,4.450237658778951e-16
300,random_matching,16,2,2,2,11,20261207,0.1,2,0.9999999999999998,103.18290799327252,0.46603819350802017,0.001164284085460173,0.0011650954837700506,0.9993035778430348,1.3348881507240045e-15
300,random_matching,16,2,2,2,11,20261207,0.1,4,0.9999999999999998,103.18290799327252,0.46603819350802017,0.0005821144021888114,0.0005825477418850253,0.9992561301588576,1.456921217884907e-15
300,random_matching,16,2,2,2,11,20261207,0.1,8,0.9999999999999998,103.18290799327252,0.46603819350802017,0.0002910537462979914,0.00029127387094251265,0.9992442691690505,4.6633033153002965e-15
300,random_matching,16,2,2,2,11,20261207,1.0,1,0.9999999999999998,103.18290799327252,0.46603819350802017,0.22149426939244762,0.23301909675401009,0.9505412752769838,4.734922395074872e-16
300,random_matching,16,2,2,2,11,20261207,1.0,2,0.9999999999999998,103.18290799327252,0.46603819350802017,0.10871738867137298,0.11650954837700504,0.9331199904713564,1.001593320499149e-15
300,random_matching,16,2,2,2,11,20261207,1.0,4,0.9999999999999998,103.18290799327252,0.46603819350802017,0.05411258579330279,0.05825477418850252,0.9288952973743179,1.6741322279785055e-15
300,random_matching,16,2,2,2,11,20261207,1.0,8,0.9999999999999998,103.18290799327252,0.46603819350802017,0.02702575979796145,0.02912738709425126,0.9278470365539723,3.7347388800622015e-15
301,random_matching,16,2,2,2,12,20261208,0.1,1,1.0000000000000002,32.023498899710205,0.43910814489855626,0.0021943529760359132,0.002195540724492782,0.9994590177974754,4.482900799336194e-16
301,random_matching,16,2,2,2,12,20261208,0.1,2,1.0000000000000002,32.023498899710205,0.43910814489855626,0.0010969570824278226,0.001097770362246391,0.9992591530555588,1.0016291019016384e-15
301,random_matching,16,2,2,2,12,20261208,0.1,4,1.0000000000000002,32.023498899710205,0.43910814489855626,0.0005484511225710572,0.0005488851811231955,0.999209199725068,1.4451465754913056e-15
301,random_matching,16,2,2,2,12,20261208,0.1,8,1.0000000000000002,32.023498899710205,0.43910814489855626,0.00027422213417593774,0.00027444259056159774,0.999196712196861,4.219937397376547e-15
301,random_matching,16,2,2,2,12,20261208,1.0,1,1.0000000000000002,32.023498899710205,0.43910814489855626,0.20797651104976086,0.21955407244927813,0.9472678357984367,4.449941800944863e-16
301,random_matching,16,2,2,2,12,20261208,1.0,2,1.0000000000000002,32.023498899710205,0.43910814489855626,0.10193366711056344,0.10977703622463907,0.92855182300581,1.4289560128443295e-15
301,random_matching,16,2,2,2,12,20261208,1.0,4,1.0000000000000002,32.023498899710205,0.43910814489855626,0.05071597441043432,0.05488851811231953,0.9239814838260555,2.1664599032902632e-15
301,random_matching,16,2,2,2,12,20261208,1.0,8,1.0000000000000002,32.023498899710205,0.43910814489855626,0.02532681212394015,0.027444259056159766,0.922845542017125,2.7791772551966118e-15
302,random_matching,16,2,2,2,13,20261209,0.1,1,0.9999999999999997,5.794725299693624,0.4664962282345926,0.002331335031516885,0.0023324811411729635,0.9995086306869336,6.674951634029284e-16
302,random_matching,16,2,2,2,13,20261209,0.1,2,0.9999999999999997,5.794725299693624,0.4664962282345926,0.0011654515660382103,0.0011662405705864817,0.9993234632989361,1.1107707652183726e-15
302,random_matching,16,2,2,2,13,20261209,0.1,4,0.9999999999999997,5.794725299693624,0.4664962282345926,0.0005826987985316394,0.0005831202852932409,0.9992771872763963,2.1127897801778114e-15
302,random_matching,16,2,2,2,13,20261209,0.1,8,0.9999999999999997,5.794725299693624,0.4664962282345926,0.0002913460264942338,0.00029156014264662043,0.9992656192631715,5.000491525963572e-15
302,random_matching,16,2,2,2,13,20261209,1.0,1,0.9999999999999997,5.794725299693624,0.4664962282345926,0.22198797918048827,0.2332481141172963,0.9517246474664078,3.7526170166259624e-16
302,random_matching,16,2,2,2,13,20261209,1.0,2,0.9999999999999997,5.794725299693624,0.4664962282345926,0.10903388031418813,0.11662405705864815,0.934917572446969,7.061297771506393e-16
302,random_matching,16,2,2,2,13,20261209,1.0,4,0.9999999999999997,5.794725299693624,0.4664962282345926,0.05427980646228293,0.05831202852932407,0.9308509381556943,2.6232459941491525e-15
302,random_matching,16,2,2,2,13,20261209,1.0,8,0.9999999999999997,5.794725299693624,0.4664962282345926,0.027110495971013993,0.029156014264662036,0.9298423208645746,4.7563125095420194e-15
303,random_matching,16,2,2,2,14,20261210,0.1,1,1.0000000000000004,149.27042092184746,0.4618176971955563,0.0023081536707113787,0.0023090884859777823,0.9995951583180634,4.473285382607718e-16
303,random_matching,16,2,2,2,14,20261210,0.1,2,1.0000000000000004,149.27042092184746,0.4618176971955563,0.0011539017131660528,0.0011545442429888911,0.9994434775221996,8.901614503032044e-16
303,random_matching,16,2,2,2,14,20261210,0.1,4,1.0000000000000004,149.27042092184746,0.4618176971955563,0.0005769289715924075,0.0005772721214944456,0.9994055664750453,1.889298782629269e-15
303,random_matching,16,2,2,2,14,20261210,0.1,8,1.0000000000000004,149.27042092184746,0.4618176971955563,0.000288461750337253,0.0002886360607472228,0.9993960892844833,2.66928240112222e-15
303,random_matching,16,2,2,2,14,20261210,1.0,1,1.0000000000000004,149.27042092184746,0.4618176971955563,0.22160162751931617,0.23090884859777816,0.9596930947645306,6.8201212549549125e-16
303,random_matching,16,2,2,2,14,20261210,1.0,2,1.0000000000000004,149.27042092184746,0.4618176971955563,0.10920106470342952,0.11545442429888908,0.945836986036405,1.2270651036531264e-15
303,random_matching,16,2,2,2,14,20261210,1.0,4,1.0000000000000004,149.27042092184746,0.4618176971955563,0.05440487986497394,0.05772721214944454,0.9424477268039599,2.2651642117535565e-15
303,random_matching,16,2,2,2,14,20261210,1.0,8,1.0000000000000004,149.27042092184746,0.4618176971955563,0.027178112312805126,0.02886360607472227,0.9416048792533501,3.577994081404748e-15
304,random_matching,16,2,2,2,15,20261211,0.1,1,1.0,30.782827488442745,0.2880311877570917,0.0014396536818829476,0.0014401559387854587,0.9996512482509813,2.236822575503236e-16
304,random_matching,16,2,2,2,15,20261211,0.1,2,1.0,30.782827488442745,0.2880311877570917,0.0007197328004567532,0.0007200779693927293,0.9995206506091733,9.992113610579724e-16
304,random_matching,16,2,2,2,15,20261211,0.1,4,1.0,30.782827488442745,0.2880311877570917,0.00035985464759192746,0.0003600389846963647,0.999488007931717,1.7778298289911222e-15
304,random_matching,16,2,2,2,15,20261211,0.1,8,1.0,30.782827488442745,0.2880311877570917,0.00017992585479297297,0.00018001949234818234,0.9994798476876701,3.999794797663294e-15
304,random_matching,16,2,2,2,15,20261211,1.0,1,1.0,30.782827488442745,0.2880311877570917,0.13907297208471012,0.14401559387854584,0.9656799540888327,4.622936047060824e-16
304,random_matching,16,2,2,2,15,20261211,1.0,2,1.0,30.782827488442745,0.2880311877570917,0.06863548825636795,0.07200779693927292,0.9531674509393896,1.149959670437427e-15
304,random_matching,16,2,2,2,15,20261211,1.0,4,1.0,30.782827488442745,0.2880311877570917,0.03420738861394371,0.03600389846963646,0.9501023519103682,2.737592935422965e-15
304,random_matching,16,2,2,2,15,20261211,1.0,8,1.0,30.782827488442745,0.2880311877570917,0.01708996951764344,0.01800194923481823,0.9493399461758898,6.0052789730781114e-15
305,random_matching,16,2,2,2,16,20261212,0.1,1,0.9999999999999994,37.774627993976786,0.3209314029419478,0.0016040793004791303,0.0016046570147097393,0.9996399765025715,4.448477864715242e-16
305,random_matching,16,2,2,2,16,20261212,0.1,2,0.9999999999999994,37.774627993976786,0.3209314029419478,0.0008019313414024836,0.0008023285073548696,0.9995049833718418,1.110892426018396e-15
305,random_matching,16,2,2,2,16,20261212,0.1,4,0.9999999999999994,37.774627993976786,0.3209314029419478,0.00040095213246723715,0.0004011642536774348,0.9994712360130465,2.4453477891328302e-15
305,random_matching,16,2,2,2,16,20261212,0.1,8,0.9999999999999994,37.774627993976786,0.3209314029419478,0.00020047437396616204,0.0002005821268387174,0.9994627992321469,5.998831123804687e-15
305,random_matching,16,2,2,2,16,20261212,1.0,1,0.9999999999999994,37.774627993976786,0.3209314029419478,0.15479157147463096,0.1604657014709739,0.9646396086869112,3.735071179886771e-16
305,random_matching,16,2,2,2,16,20261212,1.0,2,0.9999999999999994,37.774627993976786,0.3209314029419478,0.07634455480443554,0.08023285073548694,0.9515373578851086,1.0599785338343042e-15
305,random_matching,16,2,2,2,16,20261212,1.0,4,0.9999999999999994,37.774627993976786,0.3209314029419478,0.038041190792698895,0.04011642536774347,0.9482697035934509,2.7561724048183197e-15
305,random_matching,16,2,2,2,16,20261212,1.0,8,0.9999999999999994,37.774627993976786,0.3209314029419478,0.019004223659943528,0.020058212683871736,0.947453492465174,4.9020504649241494e-15
306,random_matching,16,2,2,2,17,20261213,0.1,1,1.0,16.936343377129326,0.4511607700891557,0.0022546354913875956,0.002255803850445779,0.9994820653143435,3.338320236722052e-16
306,random_matching,16,2,2,2,17,20261213,0.1,2,1.0,16.936343377129326,0.4511607700891557,0.001127098810876122,0.0011279019252228896,0.9992879572870587,1.1124660704364637e-15
306,random_matching,16,2,2,2,17,20261213,0.1,4,1.0,16.936343377129326,0.4511607700891557,0.0005635220481780734,0.0005639509626114448,0.9992394472892018,2.886590737706474e-15
306,random_matching,16,2,2,2,17,20261213,0.1,8,1.0,16.936343377129326,0.4511607700891557,0.0002817576047319072,0.0002819754813057224,0.9992273208549682,4.781373748998432e-15
306,random_matching,16,2,2,2,17,20261213,1.0,1,1.0,16.936343377129326,0.4511607700891557,0.21420705760118583,0.22558038504457786,0.9495819308884302,3.9133285939977947e-16
306,random_matching,16,2,2,2,17,20261213,1.0,2,1.0,16.936343377129326,0.4511607700891557,0.10510265528602819,0.11279019252228893,0.9318421481128195,1.5699311595304278e-15
306,random_matching,16,2,2,2,17,20261213,1.0,4,1.0,16.936343377129326,0.4511607700891557,0.05230962040857977,0.056395096261144466,0.9275561862037366,1.5978204193843733e-15
306,random_matching,16,2,2,2,17,20261213,1.0,8,1.0,16.936343377129326,0.4511607700891557,0.026124851167030682,0.028197548130572233,0.9264937166187758,5.0005099962784505e-15
307,random_matching,16,2,2,2,18,20261214,0.1,1,1.0000000000000002,67.62293086490448,0.43896268940457456,0.0021941743585156917,0.002194813447022873,0.9997088187572168,6.698785787335628e-16
307,random_matching,16,2,2,2,18,20261214,0.1,2,1.0000000000000002,67.62293086490448,0.43896268940457456,0.0010969675317007233,0.0010974067235114365,0.9995997912156872,1.110521196744846e-15
307,random_matching,16,2,2,2,18,20261214,0.1,4,1.0000000000000002,67.62293086490448,0.43896268940457456,0.0005484688102785424,0.0005487033617557183,0.9995725350097631,1.3328440312346589e-15
307,random_matching,16,2,2,2,18,20261214,0.1,8,1.0000000000000002,67.62293086490448,0.43896268940457456,0.00027423253570469855,0.00027435168087785913,0.9995657210016744,3.555806833541109e-15
307,random_matching,16,2,2,2,18,20261214,1.0,1,1.0000000000000002,67.62293086490448,0.43896268940457456,0.212881855505174,0.21948134470228728,0.9699314344639857,7.041236168928063e-16
307,random_matching,16,2,2,2,18,20261214,1.0,2,1.0000000000000002,67.62293086490448,0.43896268940457456,0.10537168508931645,0.10974067235114364,0.9601880764148457,1.5889385714920969e-15
307,random_matching,16,2,2,2,18,20261214,1.0,4,1.0000000000000002,67.62293086490448,0.43896268940457456,0.052551980532325876,0.05487033617557182,0.957748470214803,2.7337637134271157e-15
307,random_matching,16,2,2,2,18,20261214,1.0,8,1.0000000000000002,67.62293086490448,0.43896268940457456,0.026259254223147597,0.02743516808778591,0.9571384486919974,4.861805040720238e-15
308,random_matching,16,2,2,2,19,20261215,0.1,1,1.0,7.983644618037819,0.42168750401833655,0.0021073124245136812,0.002108437520091683,0.999466384198118,5.561558564923897e-16
308,random_matching,16,2,2,2,19,20261215,0.1,2,1.0,7.983644618037819,0.42168750401833655,0.0010534453663014695,0.0010542187600458416,0.9992663821080755,1.3369366846623028e-15
308,random_matching,16,2,2,2,19,20261215,0.1,4,1.0,7.983644618037819,0.42168750401833655,0.0005266963372710343,0.0005271093800229208,0.9992164003003162,2.7785177765223276e-15
308,random_matching,16,2,2,2,19,20261215,0.1,8,1.0,7.983644618037819,0.42168750401833655,0.0002633448757084256,0.0002635546900114604,0.9992039060165248,3.776247322068962e-15
308,random_matching,16,2,2,2,19,20261215,1.0,1,1.0,7.983644618037819,0.42168750401833655,0.19994906618994002,0.21084375200916827,0.9483281543066331,6.372595211059543e-16
308,random_matching,16,2,2,2,19,20261215,1.0,2,1.0,7.983644618037819,0.42168750401833655,0.09804646846202095,0.10542187600458414,0.930039116907363,9.122500559417476e-16
308,random_matching,16,2,2,2,19,20261215,1.0,4,1.0,7.983644618037819,0.42168750401833655,0.04879110302014181,0.05271093800229207,0.9256352641271568,2.5337516952092796e-15
308,random_matching,16,2,2,2,19,20261215,1.0,8,1.0,7.983644618037819,0.42168750401833655,0.024366799281362057,0.026355469001146034,0.9245443243792207,4.616910185912018e-15
309,random_matching,16,2,2,2,20,20261216,0.1,1,1.0000000000000002,3607.582682619306,0.4697450893413595,0.002347672654971477,0.002348725446706798,0.9995517604082685,4.444355669982114e-16
309,random_matching,16,2,2,2,20,20261216,0.1,2,1.0000000000000002,3607.582682619306,0.4697450893413595,0.001173639085013764,0.001174362723353399,0.9993838033809787,6.662297606650106e-16
309,random_matching,16,2,2,2,20,20261216,0.1,4,1.0000000000000002,3607.582682619306,0.4697450893413595,0.0005867948932530323,0.0005871813616766995,0.9993418244363825,2.001424479162982e-15
309,random_matching,16,2,2,2,20,20261216,0.1,8,1.0000000000000002,3607.582682619306,0.4697450893413595,0.00029339436565957477,0.00029359068083834977,0.9993313303466771,3.776408106129463e-15
309,random_matching,16,2,2,2,20,20261216,1.0,1,1.0000000000000002,3607.582682619306,0.4697450893413595,0.22442869549908948,0.23487254467067975,0.9555339718985297,6.728559150881628e-16
309,random_matching,16,2,2,2,20,20261216,1.0,2,1.0000000000000002,3607.582682619306,0.4697450893413595,0.11040241252067091,0.11743627233533988,0.9401048783753648,1.3451973943218706e-15
309,random_matching,16,2,2,2,20,20261216,1.0,4,1.0000000000000002,3607.582682619306,0.4697450893413595,0.05497976605062672,0.05871813616766994,0.9363336379348233,2.1084583781782037e-15
309,random_matching,16,2,2,2,20,20261216,1.0,8,1.0000000000000002,3607.582682619306,0.4697450893413595,0.02746235719403931,0.02935906808383497,0.9353960798626307,4.7776293325050795e-15
310,random_matching,16,2,2,2,21,20261217,0.1,1,0.9999999999999996,22.67612355027345,0.43859398748088013,0.002191842879184728,0.002192969937404401,0.9994860585179717,4.443940968345442e-16
310,random_matching,16,2,2,2,21,20261217,0.1,2,0.9999999999999996,22.67612355027345,0.43859398748088013,0.001095710183947835,0.0010964849687022005,0.9992933922703177,7.77275552983063e-16
310,random_matching,16,2,2,2,21,20261217,0.1,4,0.9999999999999996,22.67612355027345,0.43859398748088013,0.0005478286911339882,0.0005482424843511002,0.9992452368633894,1.7824633483850857e-15
310,random_matching,16,2,2,2,21,20261217,0.1,8,0.9999999999999996,22.67612355027345,0.43859398748088013,0.0002739110456532705,0.0002741212421755501,0.9992331987094053,3.112389672504299e-15
310,random_matching,16,2,2,2,21,20261217,1.0,1,0.9999999999999996,22.67612355027345,0.43859398748088013,0.2082672076553867,0.21929699374044007,0.9497038883346106,5.591922928990594e-16
310,random_matching,16,2,2,2,21,20261217,1.0,2,0.9999999999999996,22.67612355027345,0.43859398748088013,0.10213009447046692,0.10964849687022003,0.9314317786895712,1.0544472022177565e-15
310,random_matching,16,2,2,2,21,20261217,1.0,4,0.9999999999999996,22.67612355027345,0.43859398748088013,0.05082019388342182,0.054824248435110016,0.9269656280573113,1.644573369428073e-15
310,random_matching,16,2,2,2,21,20261217,1.0,8,0.9999999999999996,22.67612355027345,0.43859398748088013,0.02537966696814912,0.027412124217555008,0.9258555362847698,4.863788538307773e-15
311,random_matching,16,2,2,2,22,20261218,0.1,1,1.0,12.165628210031773,0.2563862936952931,0.0012815909601935072,0.0012819314684764658,0.9997343787157645,4.4418979392355025e-16
311,random_matching,16,2,2,2,22,20261218,0.1,2,1.0,12.165628210031773,0.2563862936952931,0.0006407313675831218,0.0006409657342382329,0.999634353846716,1.1105011628959348e-15
311,random_matching,16,2,2,2,22,20261218,0.1,4,1.0,12.165628210031773,0.2563862936952931,0.00032035766992119427,0.00032048286711911644,0.9996093482342828,2.4434004262988375e-15
311,random_matching,16,2,2,2,22,20261218,0.1,8,1.0,12.165628210031773,0.2563862936952931,0.00016017783323354375,0.00016024143355955822,0.9996030968732513,3.4419926849987604e-15
311,random_matching,16,2,2,2,22,20261218,1.0,1,1.0,12.165628210031773,0.2563862936952931,0.12480762570026654,0.12819314684764654,0.9735904669583969,4.596982904564241e-16
311,random_matching,16,2,2,2,22,20261218,1.0,2,1.0,12.165628210031773,0.2563862936952931,0.06178023727965367,0.06409657342382327,0.9638617788683744,1.0484396293309172e-15
311,random_matching,16,2,2,2,22,20261218,1.0,4,1.0,12.165628210031773,0.2563862936952931,0.03081232065358863,0.032048286711911636,0.9614342548344831,2.057988804139156e-15
311,random_matching,16,2,2,2,22,20261218,1.0,8,1.0,12.165628210031773,0.2563862936952931,0.01539644168497524,0.016024143355955818,0.9608277549047716,3.9416398287472076e-15
312,random_matching,16,2,2,2,23,20261219,0.1,1,0.9999999999999999,21.91866022073886,0.571055471675538,0.002853449856625816,0.0028552773583776906,0.9993599564867096,8.882632437425508e-16
312,random_matching,16,2,2,2,23,20261219,0.1,2,0.9999999999999999,21.91866022073886,0.571055471675538,0.0014263822853715904,0.0014276386791888453,0.9991199497214738,1.0043673991000169e-15
312,random_matching,16,2,2,2,23,20261219,0.1,4,0.9999999999999999,21.91866022073886,0.571055471675538,0.000713148306774072,0.0007138193395944227,0.9990599402634118,2.7784121511198746e-15
312,random_matching,16,2,2,2,23,20261219,0.1,8,0.9999999999999999,21.91866022073886,0.571055471675538,0.00035656879872559096,0.00035690966979721133,0.9990449374156378,4.6682447989134666e-15
312,random_matching,16,2,2,2,23,20261219,1.0,1,0.9999999999999999,21.91866022073886,0.571055471675538,0.2677657721724,0.285527735837769,0.9377925103729292,7.166570370550851e-16
312,random_matching,16,2,2,2,23,20261219,1.0,2,0.9999999999999999,21.91866022073886,0.571055471675538,0.1305658480005131,0.1427638679188845,0.9145580734384272,9.631689321492212e-16
312,random_matching,16,2,2,2,23,20261219,1.0,4,0.9999999999999999,21.91866022073886,0.571055471675538,0.0648625973246093,0.07138193395944226,0.9086696552864888,2.2854512617285373e-15
312,random_matching,16,2,2,2,23,20261219,1.0,8,0.9999999999999999,21.91866022073886,0.571055471675538,0.0323786452086953,0.03569096697972113,0.9071943953519719,4.76403298552538e-15
313,random_matching,16,4,4,4,0,20261220,0.1,1,1.0,39.48703100188657,1.291241961178622,0.0026996411720818262,0.006456209805893112,0.4181464440045989,6.679427337027338e-16
313,random_matching,16,4,4,4,0,20261220,0.1,2,1.0,39.48703100188657,1.291241961178622,0.0013488834442205333,0.003228104902946556,0.4178561368898814,1.2269707632445849e-15
313,random_matching,16,4,4,4,0,20261220,0.1,4,1.0,39.48703100188657,1.291241961178622,0.0006742276935826918,0.001614052451473278,0.4177235336852089,2.6660894154708226e-15
313,random_matching,16,4,4,4,0,20261220,0.1,8,1.0,39.48703100188657,1.291241961178622,0.0003370629060535274,0.000807026225736639,0.41766041214566785,3.1140284418616334e-15
313,random_matching,16,4,4,4,0,20261220,1.0,1,1.0,39.48703100188657,1.291241961178622,0.2567873619615616,0.645620980589311,0.3977370154965701,9.87828167219035e-16
313,random_matching,16,4,4,4,0,20261220,1.0,2,1.0,39.48703100188657,1.291241961178622,0.12630556070428284,0.3228104902946555,0.3912684516199998,1.968423208722499e-15
313,random_matching,16,4,4,4,0,20261220,1.0,4,1.0,39.48703100188657,1.291241961178622,0.06276601298220648,0.16140524514732776,0.38887220130247196,2.0660216356503e-15
313,random_matching,16,4,4,4,0,20261220,1.0,8,1.0,39.48703100188657,1.291241961178622,0.03130387441675932,0.08070262257366388,0.38789166223421934,7.058730809202546e-15
314,random_matching,16,4,4,4,1,20261221,0.1,1,0.9999999999999999,18.31743275427329,1.1916536484755669,0.00271159364600136,0.005958268242377836,0.4550976115367395,4.51588777034994e-16
314,random_matching,16,4,4,4,1,20261221,0.1,2,0.9999999999999999,18.31743275427329,1.1916536484755669,0.0013549469912898678,0.002979134121188918,0.45481235022380706,1.5572228865762482e-15
314,random_matching,16,4,4,4,1,20261221,0.1,4,0.9999999999999999,18.31743275427329,1.1916536484755669,0.0006772542116788904,0.001489567060594459,0.45466513700202976,4.33485083388379e-15
314,random_matching,16,4,4,4,1,20261221,0.1,8,0.9999999999999999,18.31743275427329,1.1916536484755669,0.00033857142926005347,0.0007447835302972295,0.4545903816172409,5.228334719465832e-15
314,random_matching,16,4,4,4,1,20261221,1.0,1,0.9999999999999999,18.31743275427329,1.1916536484755669,0.2617158939239519,0.5958268242377834,0.439248256838309,8.226308147260283e-16
314,random_matching,16,4,4,4,1,20261221,1.0,2,0.9999999999999999,18.31743275427329,1.1916536484755669,0.13057094590092308,0.2979134121188917,0.4382848861091713,1.6737259710408403e-15
314,random_matching,16,4,4,4,1,20261221,1.0,4,0.9999999999999999,18.31743275427329,1.1916536484755669,0.06513218382591666,0.14895670605944586,0.4372558010239809,5.3602821956603176e-15
314,random_matching,16,4,4,4,1,20261221,1.0,8,0.9999999999999999,18.31743275427329,1.1916536484755669,0.03251832345406895,0.07447835302972293,0.4366144272966333,5.894502227934504e-15
315,random_matching,16,4,4,4,2,20261222,0.1,1,1.0000000000000004,46.7545066512265,1.0768006363480167,0.0021029485887003496,0.005384003181740085,0.39059200333174515,1.112163565064688e-15
315,random_matching,16,4,4,4,2,20261222,0.1,2,1.0000000000000004,46.7545066512265,1.0768006363480167,0.0010513842111210263,0.0026920015908700424,0.39055854004203017,1.6661101348723064e-15
315,random_matching,16,4,4,4,2,20261222,0.1,4,1.0000000000000004,46.7545066512265,1.0768006363480167,0.0005256728018373591,0.0013460007954350212,0.3905441985028427,3.0063584980426733e-15
315,random_matching,16,4,4,4,2,20261222,0.1,8,1.0000000000000004,46.7545066512265,1.0768006363480167,0.0002628319783442631,0.0006730003977175106,0.39053762707371514,8.44076078548468e-15
315,random_matching,16,4,4,4,2,20261222,1.0,1,1.0000000000000004,46.7545066512265,1.0768006363480167,0.20122205465519996,0.5384003181740084,0.3737405938719486,6.006987191479919e-16
315,random_matching,16,4,4,4,2,20261222,1.0,2,1.0000000000000004,46.7545066512265,1.0768006363480167,0.10034798414296445,0.2692001590870042,0.37276346523455234,1.4444469989139495e-15
315,random_matching,16,4,4,4,2,20261222,1.0,4,1.0000000000000004,46.7545066512265,1.0768006363480167,0.05013504164369712,0.1346000795435021,0.3724740862986914,3.3534154843052186e-15
315,random_matching,16,4,4,4,2,20261222,1.0,8,1.0000000000000004,46.7545066512265,1.0768006363480167,0.02506090795649825,0.06730003977175104,0.3723758268418955,7.402059200671648e-15
316,random_matching,16,4,4,4,3,20261223,0.1,1,0.9999999999999999,17.383469905049818,1.217007752590412,0.0024339248026233624,0.006085038762952061,0.39998509416932326,8.897824036346632e-16
316,random_matching,16,4,4,4,3,20261223,0.1,2,0.9999999999999999,17.383469905049818,1.217007752590412,0.0012165630168228172,0.0030425193814760305,0.3998538264800209,1.1143763136941181e-15
316,random_matching,16,4,4,4,3,20261223,0.1,4,0.9999999999999999,17.383469905049818,1.217007752590412,0.0006081818202211156,0.0015212596907380152,0.3997882964519133,2.5558917433618604e-15
316,random_matching,16,4,4,4,3,20261223,0.1,8,0.9999999999999999,17.383469905049818,1.217007752590412,0.0003040659957420269,0.0007606298453690076,0.39975554153349585,5.331577188493517e-15
316,random_matching,16,4,4,4,3,20261223,1.0,1,0.9999999999999999,17.383469905049818,1.217007752590412,0.23257917191102281,0.608503876295206,0.38221477458294895,1.1523007178172638e-15
316,random_matching,16,4,4,4,3,20261223,1.0,2,0.9999999999999999,17.383469905049818,1.217007752590412,0.11594944455411008,0.304251938147603,0.38109681489640684,9.439284742753033e-16
316,random_matching,16,4,4,4,3,20261223,1.0,4,0.9999999999999999,17.383469905049818,1.217007752590412,0.05790583586712109,0.1521259690738015,0.380643990106837,4.8190073360353135e-15
316,random_matching,16,4,4,4,3,20261223,1.0,8,0.9999999999999999,17.383469905049818,1.217007752590412,0.028934024852414333,0.07606298453690075,0.3803956027833414,6.022735426048361e-15
317,random_matching,16,4,4,4,4,20261224,0.1,1,1.0,17.87676922716309,1.1629962794152704,0.0025806917434798684,0.005814981397076353,0.44380051581547353,7.799937358602582e-16
317,random_matching,16,4,4,4,4,20261224,0.1,2,1.0,17.87676922716309,1.1629962794152704,0.0012891446870020014,0.0029074906985381765,0.4433873813079283,1.7794543936912132e-15
317,random_matching,16,4,4,4,4,20261224,0.1,4,1.0,17.87676922716309,1.1629962794152704,0.0006442895158141632,0.0014537453492690883,0.4431928302560679,2.6655698274706055e-15
317,random_matching,16,4,4,4,4,20261224,0.1,8,1.0,17.87676922716309,1.1629962794152704,0.0003220762333315729,0.0007268726746345441,0.4430985571076886,5.999272949985288e-15
317,random_matching,16,4,4,4,4,20261224,1.0,1,1.0,17.87676922716309,1.1629962794152704,0.24800580408358885,0.5814981397076352,0.42649457865554113,9.867920796699777e-16
317,random_matching,16,4,4,4,4,20261224,1.0,2,1.0,17.87676922716309,1.1629962794152704,0.12170133198274598,0.2907490698538176,0.4185785772038232,1.573536234874529e-15
317,random_matching,16,4,4,4,4,20261224,1.0,4,1.0,17.87676922716309,1.1629962794152704,0.06043075774681746,0.1453745349269088,0.41569011916152127,3.1088640170518014e-15
317,random_matching,16,4,4,4,4,20261224,1.0,8,1.0,17.87676922716309,1.1629962794152704,0.030130188442510395,0.0726872674634544,0.4145181060446275,6.691968732723009e-15
318,random_matching,16,4,4,4,5,20261225,0.1,1,1.0000000000000002,52.955947164380646,0.7913920156065182,0.001799314016648098,0.0039569600780325915,0.45472129644095893,6.672815572555362e-16
318,random_matching,16,4,4,4,5,20261225,0.1,2,1.0000000000000002,52.955947164380646,0.7913920156065182,0.000899293283246447,0.0019784800390162957,0.45453745578023497,2.7760227696181436e-15
318,random_matching,16,4,4,4,5,20261225,0.1,4,1.0000000000000002,52.955947164380646,0.7913920156065182,0.00044957662304650727,0.0009892400195081479,0.45446667561027065,3.5540832756440944e-15
318,random_matching,16,4,4,4,5,20261225,0.1,8,1.0000000000000002,52.955947164380646,0.7913920156065182,0.00022477344343333933,0.0004946200097540739,0.4544366159895091,4.444782975700049e-15
318,random_matching,16,4,4,4,5,20261225,1.0,1,1.0000000000000002,52.955947164380646,0.7913920156065182,0.17366985964707657,0.3956960078032591,0.4388971741494688,6.994341019713075e-16
318,random_matching,16,4,4,4,5,20261225,1.0,2,1.0000000000000002,52.955947164380646,0.7913920156065182,0.0851916882856072,0.19784800390162954,0.4305915986292422,1.1666419580777243e-15
318,random_matching,16,4,4,4,5,20261225,1.0,4,1.0000000000000002,52.955947164380646,0.7913920156065182,0.04232985843112514,0.09892400195081477,0.4279028102014275,4.07091609637476e-15
318,random_matching,16,4,4,4,5,20261225,1.0,8,1.0000000000000002,52.955947164380646,0.7913920156065182,0.021117266193699944,0.049462000975407386,0.42693918113421037,5.671060096943732e-15
319,random_matching,16,4,4,4,6,20261226,0.1,1,1.0,14.354209106039189,0.9823060079973742,0.002436942426018222,0.004911530039986872,0.4961676720244056,1.0022638801425325e-15
319,random_matching,16,4,4,4,6,20261226,0.1,2,1.0,14.354209106039189,0.9823060079973742,0.00121779123725018,0.002455765019993436,0.4958907824387184,1.5548612169351732e-15
319,random_matching,16,4,4,4,6,20261226,0.1,4,1.0,14.354209106039189,0.9823060079973742,0.000608741678714377,0.001227882509996718,0.49576541221032955,2.1099740168840167e-15
319,random_matching,16,4,4,4,6,20261226,0.1,8,1.0,14.354209106039189,0.9823060079973742,0.0003043343650840825,0.000613941254998359,0.49570600217262795,6.108548921501685e-15
319,random_matching,16,4,4,4,6,20261226,1.0,1,1.0,14.354209106039189,0.9823060079973742,0.23160187914252547,0.4911530039986871,0.4715473126641908,6.656687499278567e-16
319,random_matching,16,4,4,4,6,20261226,1.0,2,1.0,14.354209106039189,0.9823060079973742,0.11405887827094884,0.24557650199934355,0.4644535504917882,2.1547666127264748e-15
319,random_matching,16,4,4,4,6,20261226,1.0,4,1.0,14.354209106039189,0.9823060079973742,0.056739125189515224,0.12278825099967178,0.46208920419973154,2.8393317063594878e-15
319,random_matching,16,4,4,4,6,20261226,1.0,8,1.0,14.354209106039189,0.9823060079973742,0.02831518792668992,0.06139412549983589,0.4612035385497202,6.8457903621945506e-15
320,random_matching,16,4,4,4,7,20261227,0.1,1,0.9999999999999998,28.200376710024145,1.4543465055353368,0.0034239457789757275,0.007271732527676686,0.47085694721910737,6.690554897863678e-16
320,random_matching,16,4,4,4,7,20261227,0.1,2,0.9999999999999998,28.200376710024145,1.4543465055353368,0.001711719525977533,0.003635866263838343,0.47078726272249904,2.3358797347397166e-15
320,random_matching,16,4,4,4,7,20261227,0.1,4,0.9999999999999998,28.200376710024145,1.4543465055353368,0.0008558040248333877,0.0018179331319191714,0.4707566025434198,4.223377146089629e-15
320,random_matching,16,4,4,4,7,20261227,0.1,8,0.9999999999999998,28.200376710024145,1.4543465055353368,0.00042788906501918766,0.0009089665659595857,0.47074235845789336,7.119605553950838e-15
320,random_matching,16,4,4,4,7,20261227,1.0,1,0.9999999999999998,28.200376710024145,1.4543465055353368,0.3194545320374932,0.7271732527676684,0.4393100692601503,1.6262996007348041e-15
320,random_matching,16,4,4,4,7,20261227,1.0,2,0.9999999999999998,28.200376710024145,1.4543465055353368,0.15934696934374507,0.3635866263838342,0.43826411034030804,1.4102440277427645e-15
320,random_matching,16,4,4,4,7,20261227,1.0,4,0.9999999999999998,28.200376710024145,1.4543465055353368,0.07956671586894863,0.1817933131919171,0.4376768015936371,3.216564249892251e-15
320,random_matching,16,4,4,4,7,20261227,1.0,8,0.9999999999999998,28.200376710024145,1.4543465055353368,0.03976021958680423,0.09089665659595855,0.4374222449516592,4.326954563626657e-15
321,random_matching,16,4,4,4,8,20261228,0.1,1,1.0,299.4022994479128,1.1431155998198936,0.002627771937359419,0.005715577999099469,0.45975611526488547,6.674059183410032e-16
321,random_matching,16,4,4,4,8,20261228,0.1,2,1.0,299.4022994479128,1.1431155998198936,0.0013138574188867307,0.0028577889995497346,0.4597461250966179,1.1114828110835333e-15
321,random_matching,16,4,4,4,8,20261228,0.1,4,1.0,299.4022994479128,1.1431155998198936,0.0006569195370061822,0.0014288944997748673,0.459739705842303,3.45197942986715e-15
321,random_matching,16,4,4,4,8,20261228,0.1,8,1.0,299.4022994479128,1.1431155998198936,0.00032845722240741284,0.0007144472498874337,0.45973614211429,8.005928813440929e-15
321,random_matching,16,4,4,4,8,20261228,1.0,1,1.0,299.4022994479128,1.1431155998198936,0.253651221755782,0.5715577999099468,0.44378927519797057,5.948430119856687e-16
321,random_matching,16,4,4,4,8,20261228,1.0,2,1.0,299.4022994479128,1.1431155998198936,0.1271214200126876,0.2857788999549734,0.44482437308253525,1.2880178759159357e-15
321,random_matching,16,4,4,4,8,20261228,1.0,4,1.0,299.4022994479128,1.1431155998198936,0.0635930667877786,0.1428894499774867,0.44505081934179297,2.8631011761649607e-15
321,random_matching,16,4,4,4,8,20261228,1.0,8,1.0,299.4022994479128,1.1431155998198936,0.031799099881998825,0.07144472498874335,0.4450867420514112,6.31426330146887e-15
322,random_matching,16,4,4,4,9,20261229,0.1,1,0.9999999999999999,43.95108669737418,1.3576648033516512,0.0024308640407721214,0.006788324016758257,0.3580948750783073,6.686041302629706e-16
322,random_matching,16,4,4,4,9,20261229,0.1,2,0.9999999999999999,43.95108669737418,1.3576648033516512,0.0012142151052025175,0.0033941620083791286,0.3577363432284607,2.1095307496168815e-15
322,random_matching,16,4,4,4,9,20261229,0.1,4,0.9999999999999999,43.95108669737418,1.3576648033516512,0.0006068116988427355,0.0016970810041895643,0.3575620122697187,2.888563524501013e-15
322,random_matching,16,4,4,4,9,20261229,0.1,8,0.9999999999999999,43.95108669737418,1.3576648033516512,0.00030333294740378207,0.0008485405020947822,0.35747609766999633,5.112477964945389e-15
322,random_matching,16,4,4,4,9,20261229,1.0,1,0.9999999999999999,43.95108669737418,1.3576648033516512,0.23609461996440084,0.6788324016758256,0.34779515441743325,9.844339892998613e-16
322,random_matching,16,4,4,4,9,20261229,1.0,2,0.9999999999999999,43.95108669737418,1.3576648033516512,0.11643135406155995,0.3394162008379128,0.3430341680041413,1.4499035004323965e-15
322,random_matching,16,4,4,4,9,20261229,1.0,4,0.9999999999999999,43.95108669737418,1.3576648033516512,0.05787442103903466,0.1697081004189564,0.3410233270902258,2.328743551760941e-15
322,random_matching,16,4,4,4,9,20261229,1.0,8,0.9999999999999999,43.95108669737418,1.3576648033516512,0.02885897002738456,0.0848540502094782,0.34010126748388275,4.44365007391745e-15
323,random_matching,16,4,4,4,10,20261230,0.1,1,1.0,60.43813336484187,1.1947342163843193,0.002042173158274111,0.005973671081921598,0.3418623372911233,8.90144121965053e-16
323,random_matching,16,4,4,4,10,20261230,0.1,2,1.0,60.43813336484187,1.1947342163843193,0.0010208359064942897,0.002986835540960799,0.34177841146416427,1.776773488707504e-15
323,random_matching,16,4,4,4,10,20261230,0.1,4,1.0,60.43813336484187,1.1947342163843193,0.0005103744740634624,0.0014934177704803995,0.34174929758555517,2.111225619388376e-15
323,random_matching,16,4,4,4,10,20261230,0.1,8,1.0,60.43813336484187,1.1947342163843193,0.00025517872246246523,0.0007467088852401997,0.34173789478931926,7.884532660063442e-15
323,random_matching,16,4,4,4,10,20261230,1.0,1,1.0,60.43813336484187,1.1947342163843193,0.19633061231310217,0.5973671081921597,0.32865989710626486,6.783058215549059e-16
323,random_matching,16,4,4,4,10,20261230,1.0,2,1.0,60.43813336484187,1.1947342163843193,0.09701277765480347,0.29868355409607983,0.32480120289313497,1.195602948617888e-15
323,random_matching,16,4,4,4,10,20261230,1.0,4,1.0,60.43813336484187,1.1947342163843193,0.04835065928439294,0.14934177704803991,0.3237584300931387,3.4944266237930224e-15
323,random_matching,16,4,4,4,10,20261230,1.0,8,1.0,60.43813336484187,1.1947342163843193,0.024150110666876532,0.07467088852401996,0.3234206950558514,6.213522740202511e-15
324,random_matching,16,4,4,4,11,20261231,0.1,1,1.0,74.8539049553823,0.8556628963742829,0.0014409186211069734,0.004278314481871415,0.3367958637011388,6.670693353685334e-16
324,random_matching,16,4,4,4,11,20261231,0.1,2,1.0,74.8539049553823,0.8556628963742829,0.0007197755147014174,0.0021391572409357076,0.3364762070443097,1.998945802387482e-15
324,random_matching,16,4,4,4,11,20261231,0.1,4,1.0,74.8539049553823,0.8556628963742829,0.0003597269587175791,0.0010695786204678538,0.33632586874280246,3.67047785101088e-15
324,random_matching,16,4,4,4,11,20261231,0.1,8,1.0,74.8539049553823,0.8556628963742829,0.00017982454354077178,0.0005347893102339269,0.3362530628409778,4.442400245505965e-15
324,random_matching,16,4,4,4,11,20261231,1.0,1,1.0,74.8539049553823,0.8556628963742829,0.14289046471754066,0.42783144818714147,0.3339877545772131,6.949231097936401e-16
324,random_matching,16,4,4,4,11,20261231,1.0,2,1.0,74.8539049553823,0.8556628963742829,0.07020427326180775,0.21391572409357074,0.3281865957226178,2.1711915697938e-15
324,random_matching,16,4,4,4,11,20261231,1.0,4,1.0,74.8539049553823,0.8556628963742829,0.034892455935670134,0.10695786204678537,0.3262261910247189,3.928725568322634e-15
324,random_matching,16,4,4,4,11,20261231,1.0,8,1.0,74.8539049553823,0.8556628963742829,0.01740248065810007,0.053478931023392684,0.3254081621505841,5.2068525485915284e-15
325,random_matching,16,4,4,4,12,20261232,0.1,1,0.9999999999999997,33.99678001346088,1.3269076279036314,0.0027173279055971596,0.006634538139518158,0.4095730325840751,8.887058908952683e-16
325,random_matching,16,4,4,4,12,20261232,0.1,2,0.9999999999999997,33.99678001346088,1.3269076279036314,0.0013584208055180578,0.003317269069759079,0.40949973515917265,1.1103232777260892e-15
325,random_matching,16,4,4,4,12,20261232,0.1,4,0.9999999999999997,33.99678001346088,1.3269076279036314,0.0006791679885736167,0.0016586345348795395,0.4094741634105322,3.6656176998499376e-15
325,random_matching,16,4,4,4,12,20261232,0.1,8,0.9999999999999997,33.99678001346088,1.3269076279036314,0.00033957569231858327,0.0008293172674397698,0.40946415280475923,5.223205252596888e-15
325,random_matching,16,4,4,4,12,20261232,1.0,1,0.9999999999999997,33.99678001346088,1.3269076279036314,0.2553185662891692,0.6634538139518157,0.3848324644761362,1.1553491159854485e-15
325,random_matching,16,4,4,4,12,20261232,1.0,2,0.9999999999999997,33.99678001346088,1.3269076279036314,0.1262610339011053,0.33172690697590784,0.3806174031890491,1.8324466170740666e-15
325,random_matching,16,4,4,4,12,20261232,1.0,4,0.9999999999999997,33.99678001346088,1.3269076279036314,0.06294336715842185,0.16586345348795392,0.37948906666768034,3.3667724167608985e-15
325,random_matching,16,4,4,4,12,20261232,1.0,8,0.9999999999999997,33.99678001346088,1.3269076279036314,0.0314436948470839,0.08293172674397696,0.37915157541763767,4.62952715327402e-15
326,random_matching,16,4,4,4,13,20261233,0.1,1,1.0000000000000002,11.98757966020206,1.3042316503523548,0.0027926074812939343,0.0065211582517617755,0.42823795612374155,6.689341424613469e-16
326,random_matching,16,4,4,4,13,20261233,0.1,2,1.0000000000000002,11.98757966020206,1.3042316503523548,0.0013960632527879387,0.0032605791258808877,0.4281641999443194,1.3358218473011293e-15
326,random_matching,16,4,4,4,13,20261233,0.1,4,1.0000000000000002,11.98757966020206,1.3042316503523548,0.0006979635329329296,0.0016302895629404439,0.4281224322347127,3.3347866776087817e-15
326,random_matching,16,4,4,4,13,20261233,0.1,8,1.0000000000000002,11.98757966020206,1.3042316503523548,0.00034896375587645343,0.0008151447814702219,0.4281003372763436,6.666756215408994e-15
326,random_matching,16,4,4,4,13,20261233,1.0,1,1.0000000000000002,11.98757966020206,1.3042316503523548,0.2654972667932914,0.6521158251761774,0.40713207154812403,8.037306320501565e-16
326,random_matching,16,4,4,4,13,20261233,1.0,2,1.0000000000000002,11.98757966020206,1.3042316503523548,0.1332154645199381,0.3260579125880887,0.4085638145154605,1.4460150097532255e-15
326,random_matching,16,4,4,4,13,20261233,1.0,4,1.0000000000000002,11.98757966020206,1.3042316503523548,0.06662250253692674,0.16302895629404435,0.40865441361695415,2.1727644871845276e-15
326,random_matching,16,4,4,4,13,20261233,1.0,8,1.0000000000000002,11.98757966020206,1.3042316503523548,0.03330211756259292,0.08151447814702217,0.4085423635115241,5.698333543217487e-15
327,random_matching,16,4,4,4,14,20261234,0.1,1,0.9999999999999998,695.107413786492,1.4298486339252476,0.0023030747354182398,0.00714924316962624,0.32214245351213083,6.670915782810324e-16
327,random_matching,16,4,4,4,14,20261234,0.1,2,0.9999999999999998,695.107413786492,1.4298486339252476,0.001151075248973442,0.00357462158481312,0.3220131758460301,1.3332633420311761e-15
327,random_matching,16,4,4,4,14,20261234,0.1,4,0.9999999999999998,695.107413786492,1.4298486339252476,0.0005754365082466798,0.00178731079240656,0.32195660133169784,3.333522810133006e-15
327,random_matching,16,4,4,4,14,20261234,0.1,8,0.9999999999999998,695.107413786492,1.4298486339252476,0.0002876947488804292,0.00089365539620328,0.32193029897509534,8.997572075817513e-15
327,random_matching,16,4,4,4,14,20261234,1.0,1,0.9999999999999998,695.107413786492,1.4298486339252476,0.22170217512026485,0.7149243169626238,0.3101057970194283,7.74668289787223e-16
327,random_matching,16,4,4,4,14,20261234,1.0,2,0.9999999999999998,695.107413786492,1.4298486339252476,0.10955874268052238,0.3574621584813119,0.30649046362273924,1.0631859908439547e-15
327,random_matching,16,4,4,4,14,20261234,1.0,4,0.9999999999999998,695.107413786492,1.4298486339252476,0.05462038335886179,0.17873107924065595,0.30560092621226276,2.1902040010668346e-15
327,random_matching,16,4,4,4,14,20261234,1.0,8,0.9999999999999998,695.107413786492,1.4298486339252476,0.027288154236413065,0.08936553962032798,0.3053543273206603,7.278807542243751e-15
328,random_matching,16,4,4,4,15,20261235,0.1,1,1.0,49.835528364841,0.9528466722711162,0.0020906412736865056,0.004764233361355582,0.4388200818718185,8.886245777924891e-16
328,random_matching,16,4,4,4,15,20261235,0.1,2,1.0,49.835528364841,0.9528466722711162,0.0010451330929376293,0.002382116680677791,0.43874135193086106,2.4438782805535477e-15
328,random_matching,16,4,4,4,15,20261235,0.1,4,1.0,49.835528364841,0.9528466722711162,0.0005225155116896476,0.0011910583403388956,0.4386985036694127,3.1114058258641965e-15
328,random_matching,16,4,4,4,15,20261235,0.1,8,1.0,49.835528364841,0.9528466722711162,0.0002612444784984797,0.0005955291701694478,0.43867620862996015,7.99663979385664e-15
328,random_matching,16,4,4,4,15,20261235,1.0,1,1.0,49.835528364841,0.9528466722711162,0.2016369364231491,0.4764233361355581,0.4232306042325701,1.175474344452704e-15
328,random_matching,16,4,4,4,15,20261235,1.0,2,1.0,49.835528364841,0.9528466722711162,0.10095289028031877,0.23821166806777905,0.4237949009768672,1.3764763274162201e-15
328,random_matching,16,4,4,4,15,20261235,1.0,4,1.0,49.835528364841,0.9528466722711162,0.050468444677488226,0.11910583403388952,0.423727729937463,2.137304284823311e-15
328,random_matching,16,4,4,4,15,20261235,1.0,8,1.0,49.835528364841,0.9528466722711162,0.0252263768897736,0.05955291701694476,0.423595990815964,5.779815044287634e-15
329,random_matching,16,4,4,4,16,20261236,0.1,1,0.9999999999999999,10.729435016032966,1.1215538895741686,0.0020858274698587658,0.005607769447870844,0.3719531427331971,6.663275148154886e-16
329,random_matching,16,4,4,4,16,20261236,0.1,2,0.9999999999999999,10.729435016032966,1.1215538895741686,0.0010424600354548353,0.002803884723935422,0.37179133170342304,1.7811582501322133e-15
329,random_matching,16,4,4,4,16,20261236,0.1,4,0.9999999999999999,10.729435016032966,1.1215538895741686,0.0005211292744600737,0.001401942361967711,0.37171947192510624,2.888476620176439e-15
329,random_matching,16,4,4,4,16,20261236,0.1,8,0.9999999999999999,10.729435016032966,1.1215538895741686,0.00026054102765980526,0.0007009711809838555,0.37168579069701574,9.776159566172997e-15
329,random_matching,16,4,4,4,16,20261236,1.0,1,0.9999999999999999,10.729435016032966,1.1215538895741686,0.20147470986014995,0.5607769447870843,0.3592778050756809,8.096079450309499e-16
329,random_matching,16,4,4,4,16,20261236,1.0,2,0.9999999999999999,10.729435016032966,1.1215538895741686,0.09946008536886672,0.28038847239354214,0.3547224481799255,1.674508377215247e-15
329,random_matching,16,4,4,4,16,20261236,1.0,4,0.9999999999999999,10.729435016032966,1.1215538895741686,0.04953886250361416,0.14019423619677107,0.35335876743237415,2.3184510890865052e-15
329,random_matching,16,4,4,4,16,20261236,1.0,8,0.9999999999999999,10.729435016032966,1.1215538895741686,0.024735973827322656,0.07009711809838554,0.35288146643353047,4.404639285449792e-15
330,random_matching,16,4,4,4,17,20261237,0.1,1,1.0,167.1899259081513,1.1887007324059247,0.0034550846513273547,0.005943503662029625,0.5813211950049494,5.551717817966571e-16
330,random_matching,16,4,4,4,17,20261237,0.1,2,1.0,167.1899259081513,1.1887007324059247,0.0017271957218358844,0.0029717518310148124,0.5812045621743828,1.3338986831974328e-15
330,random_matching,16,4,4,4,17,20261237,0.1,4,1.0,167.1899259081513,1.1887007324059247,0.0008635474912140793,0.0014858759155074062,0.5811706631769381,2.445841873345579e-15
330,random_matching,16,4,4,4,17,20261237,0.1,8,1.0,167.1899259081513,1.1887007324059247,0.0004317656810506209,0.0007429379577537031,0.5811598082242,4.5540982583546845e-15
330,random_matching,16,4,4,4,17,20261237,1.0,1,1.0,167.1899259081513,1.1887007324059247,0.31923634039553833,0.5943503662029623,0.537118101625807,1.1261134088047024e-15
330,random_matching,16,4,4,4,17,20261237,1.0,2,1.0,167.1899259081513,1.1887007324059247,0.1567427239123175,0.29717518310148117,0.5274421715718841,2.0231632715976273e-15
330,random_matching,16,4,4,4,17,20261237,1.0,4,1.0,167.1899259081513,1.1887007324059247,0.07799517902540133,0.14858759155074058,0.5249104465009587,3.6720471010663994e-15
330,random_matching,16,4,4,4,17,20261237,1.0,8,1.0,167.1899259081513,1.1887007324059247,0.03894971653516452,0.07429379577537029,0.5242660726735547,6.45987183912055e-15
331,random_matching,16,4,4,4,18,20261238,0.1,1,1.0000000000000002,58.613380016742376,1.0747538887321528,0.00208819934674449,0.005373769443660765,0.3885911683851381,8.90346212571155e-16
331,random_matching,16,4,4,4,18,20261238,0.1,2,1.0000000000000002,58.613380016742376,1.0747538887321528,0.0010434939582182566,0.0026868847218303824,0.3883657343912391,1.8878974152533445e-15
331,random_matching,16,4,4,4,18,20261238,0.1,4,1.0000000000000002,58.613380016742376,1.0747538887321528,0.000521604893239978,0.0013434423609151912,0.3882599718566608,3.110887952285048e-15
331,random_matching,16,4,4,4,18,20261238,0.1,8,1.0000000000000002,58.613380016742376,1.0747538887321528,0.00026076809506489447,0.0006717211804575956,0.38820883225276864,4.89091519303191e-15
331,random_matching,16,4,4,4,18,20261238,1.0,1,1.0000000000000002,58.613380016742376,1.0747538887321528,0.2015238577724287,0.5373769443660764,0.3750139634482438,7.166652183133449e-16
331,random_matching,16,4,4,4,18,20261238,1.0,2,1.0000000000000002,58.613380016742376,1.0747538887321528,0.09963723274923783,0.2686884721830382,0.37082808927270283,1.686569616439228e-15
331,random_matching,16,4,4,4,18,20261238,1.0,4,1.0000000000000002,58.613380016742376,1.0747538887321528,0.04961098260216167,0.1343442360915191,0.3692825538742523,2.802713754105353e-15
331,random_matching,16,4,4,4,18,20261238,1.0,8,1.0000000000000002,58.613380016742376,1.0747538887321528,0.024762329784352125,0.06717211804575955,0.3686400027982343,7.015305324420348e-15
332,random_matching,16,4,4,4,19,20261239,0.1,1,1.0000000000000002,180.26927589375498,1.115275386535118,0.0025073942296189923,0.0055763769326755905,0.449645757431954,8.893796914816925e-16
332,random_matching,16,4,4,4,19,20261239,0.1,2,1.0000000000000002,180.26927589375498,1.115275386535118,0.001253293104849729,0.0027881884663377952,0.44950085691154634,1.5545681868857076e-15
332,random_matching,16,4,4,4,19,20261239,0.1,4,1.0000000000000002,180.26927589375498,1.115275386535118,0.0006265503317531057,0.0013940942331688976,0.44943183670511444,2.4462710515676607e-15
332,random_matching,16,4,4,4,19,20261239,0.1,8,1.0000000000000002,180.26927589375498,1.115275386535118,0.00031325173093187515,0.0006970471165844488,0.4493982163886105,4.668195282118578e-15
332,random_matching,16,4,4,4,19,20261239,1.0,1,1.0000000000000002,180.26927589375498,1.115275386535118,0.2390454809418709,0.557637693267559,0.428675256045102,9.05172358539675e-16
332,random_matching,16,4,4,4,19,20261239,1.0,2,1.0000000000000002,180.26927589375498,1.115275386535118,0.11889669203499842,0.2788188466337795,0.42642989694009387,2.0131822446456217e-15
332,random_matching,16,4,4,4,19,20261239,1.0,4,1.0000000000000002,180.26927589375498,1.115275386535118,0.059302628152335286,0.13940942331688974,0.42538464575335955,3.2544173823087223e-15
332,random_matching,16,4,4,4,19,20261239,1.0,8,1.0000000000000002,180.26927589375498,1.115275386535118,0.029617770026405393,0.06970471165844487,0.4249034150163813,6.166799476976128e-15
333,random_matching,16,4,4,4,20,20261240,0.1,1,1.0000000000000002,19.25070271804109,1.0621617718878442,0.0022646841775157043,0.005310808859439222,0.4264292384559358,8.889008967608154e-16
333,random_matching,16,4,4,4,20,20261240,0.1,2,1.0000000000000002,19.25070271804109,1.0621617718878442,0.0011312842264782662,0.002655404429719611,0.4260308576037589,2.443306705903004e-15
333,random_matching,16,4,4,4,20,20261240,0.1,4,1.0000000000000002,19.25070271804109,1.0621617718878442,0.0005653870282921257,0.0013277022148598056,0.4258387324840201,2.7777815366386152e-15
333,random_matching,16,4,4,4,20,20261240,0.1,8,1.0000000000000002,19.25070271804109,1.0621617718878442,0.00028263092507456087,0.0006638511074299028,0.42574445069281497,6.11025756879372e-15
333,random_matching,16,4,4,4,20,20261240,1.0,1,1.0000000000000002,19.25070271804109,1.0621617718878442,0.2206609469486353,0.5310808859439221,0.41549404768435844,1.00012052562091e-15
333,random_matching,16,4,4,4,20,20261240,1.0,2,1.0000000000000002,19.25070271804109,1.0621617718878442,0.10875817386358126,0.26554044297196105,0.4095729172036715,1.304834858500402e-15
333,random_matching,16,4,4,4,20,20261240,1.0,4,1.0000000000000002,19.25070271804109,1.0621617718878442,0.05405151726742667,0.13277022148598053,0.40710572493195757,3.3806513221690026e-15
333,random_matching,16,4,4,4,20,20261240,1.0,8,1.0000000000000002,19.25070271804109,1.0621617718878442,0.026953231688080736,0.06638511074299026,0.4060132066726541,5.840580036775715e-15
334,random_matching,16,4,4,4,21,20261241,0.1,1,0.9999999999999999,30.439949882758985,1.403552131109541,0.0025350627105567747,0.007017760655547706,0.361235276462834,6.678547322210697e-16
334,random_matching,16,4,4,4,21,20261241,0.1,2,0.9999999999999999,30.439949882758985,1.403552131109541,0.0012664045600946853,0.003508880327773853,0.3609141497561797,1.3330641367964414e-15
334,random_matching,16,4,4,4,21,20261241,0.1,4,0.9999999999999999,30.439949882758985,1.403552131109541,0.0006329580593132294,0.0017544401638869265,0.3607749482381455,5.5601300741767336e-15
334,random_matching,16,4,4,4,21,20261241,0.1,8,0.9999999999999999,30.439949882758985,1.403552131109541,0.00031642271750547204,0.0008772200819434633,0.36071075436901073,6.55812861001584e-15
334,random_matching,16,4,4,4,21,20261241,1.0,1,0.9999999999999999,30.439949882758985,1.403552131109541,0.243681335790848,0.7017760655547705,0.3472351762213665,1.0841407223578265e-15
334,random_matching,16,4,4,4,21,20261241,1.0,2,0.9999999999999999,30.439949882758985,1.403552131109541,0.11868000998306658,0.35088803277738523,0.33822757944657816,2.0388692769839142e-15
334,random_matching,16,4,4,4,21,20261241,1.0,4,0.9999999999999999,30.439949882758985,1.403552131109541,0.05879399466984964,0.17544401638869261,0.3351154167583165,2.6508331473697882e-15
334,random_matching,16,4,4,4,21,20261241,1.0,8,0.9999999999999999,30.439949882758985,1.403552131109541,0.029296493690967807,0.08772200819434631,0.33396971061198266,4.031436500467218e-15
335,random_matching,16,4,4,4,22,20261242,0.1,1,1.0,65.10262035965722,1.2156711903666395,0.0033486045954864963,0.006078355951833199,0.5509063013127053,6.672990741318293e-16
335,random_matching,16,4,4,4,22,20261242,0.1,2,1.0,65.10262035965722,1.2156711903666395,0.0016738476187011628,0.0030391779759165994,0.5507566953844945,1.7773573017661537e-15
335,random_matching,16,4,4,4,22,20261242,0.1,4,1.0,65.10262035965722,1.2156711903666395,0.0008368129272152481,0.0015195889879582997,0.5506837268803713,2.7792702641595234e-15
335,random_matching,16,4,4,4,22,20261242,0.1,8,1.0,65.10262035965722,1.2156711903666395,0.0004183790929061424,0.0007597944939791498,0.5506477030585372,4.109091275725751e-15
335,random_matching,16,4,4,4,22,20261242,1.0,1,1.0,65.10262035965722,1.2156711903666395,0.31519418864645626,0.6078355951833198,0.5185517122461305,5.950264731047823e-16
335,random_matching,16,4,4,4,22,20261242,1.0,2,1.0,65.10262035965722,1.2156711903666395,0.15714380634454708,0.3039177975916599,0.5170602300681434,1.4905139341426264e-15
335,random_matching,16,4,4,4,22,20261242,1.0,4,1.0,65.10262035965722,1.2156711903666395,0.07846077262806694,0.15195889879582994,0.5163289103159786,3.094082873963979e-15
335,random_matching,16,4,4,4,22,20261242,1.0,8,1.0,65.10262035965722,1.2156711903666395,0.03920396901904778,0.07597944939791497,0.5159812203130235,5.151618470783366e-15
336,random_matching,16,4,4,4,23,20261243,0.1,1,1.0,33.40118364671513,1.253109125568016,0.002412290775927824,0.006265545627840081,0.38500889135802396,8.888418807186694e-16
336,random_matching,16,4,4,4,23,20261243,0.1,2,1.0,33.40118364671513,1.253109125568016,0.0012058167199877955,0.0031327728139200406,0.38490397855532854,2.2224527342975903e-15
336,random_matching,16,4,4,4,23,20261243,0.1,4,1.0,33.40118364671513,1.253109125568016,0.0006028427631024496,0.0015663864069600203,0.38486210070759147,3.556190669221797e-15
336,random_matching,16,4,4,4,23,20261243,0.1,8,1.0,33.40118364671513,1.253109125568016,0.000301407050438795,0.0007831932034800101,0.3848438023970774,6.004811457276007e-15
336,random_matching,16,4,4,4,23,20261243,1.0,1,1.0,33.40118364671513,1.253109125568016,0.22907038954273565,0.626554562784008,0.3656032581183245,7.375989529268609e-16
336,random_matching,16,4,4,4,23,20261243,1.0,2,1.0,33.40118364671513,1.253109125568016,0.11313202983333646,0.313277281392004,0.36112427090355875,1.3720900049076977e-15
336,random_matching,16,4,4,4,23,20261243,1.0,4,1.0,33.40118364671513,1.253109125568016,0.05637583205388077,0.156638640696002,0.3599101205384738,2.5994901335088745e-15
336,random_matching,16,4,4,4,23,20261243,1.0,8,1.0,33.40118364671513,1.253109125568016,0.02815743461522504,0.078319320348001,0.35952092651099876,5.0271765734572764e-15
337,random_matching,32,2,2,2,0,20261244,0.1,1,0.9999999999999999,73.85344300925243,0.49022119055185853,0.002450300645939549,0.002451105952759293,0.9996714516486578,6.6717949112560405e-16
337,random_matching,32,2,2,2,0,20261244,0.1,2,0.9999999999999999,73.85344300925243,0.49022119055185853,0.001224999564599562,0.0012255529763796466,0.9995484391203395,9.993354120916274e-16
337,random_matching,32,2,2,2,0,20261244,0.1,4,0.9999999999999999,73.85344300925243,0.49022119055185853,0.0006124809392029575,0.0006127764881898233,0.9995176887616252,2.4461987300222644e-15
337,random_matching,32,2,2,2,0,20261244,0.1,8,0.9999999999999999,73.85344300925243,0.49022119055185853,0.0003062381142686459,0.00030638824409491165,0.9995100013490751,5.109888868814364e-15
337,random_matching,32,2,2,2,0,20261244,1.0,1,0.9999999999999999,73.85344300925243,0.49022119055185853,0.23686370041587795,0.24511059527592927,0.9663543925925866,5.930005630211243e-16
337,random_matching,32,2,2,2,0,20261244,1.0,2,0.9999999999999999,73.85344300925243,0.49022119055185853,0.11710588465761222,0.12255529763796463,0.955535067962135,8.453607164502322e-16
337,random_matching,32,2,2,2,0,20261244,1.0,4,0.9999999999999999,73.85344300925243,0.49022119055185853,0.05838800305941448,0.061277648818982317,0.9528433969765384,2.0047182702512734e-15
337,random_matching,32,2,2,2,0,20261244,1.0,8,0.9999999999999999,73.85344300925243,0.49022119055185853,0.029173412041151106,0.030638824409491158,0.952171390496102,4.874852248488331e-15
338,random_matching,32,2,2,2,1,20261245,0.1,1,1.0000000000000007,12936.704572250183,0.4464026415608242,0.002231133928866682,0.0022320132078041213,0.9996060601548571,6.663132935334724e-16
338,random_matching,32,2,2,2,1,20261245,0.1,2,1.0000000000000007,12936.704572250183,0.4464026415608242,0.0011154022860191267,0.0011160066039020606,0.9994584997249828,1.1107617442544825e-15
338,random_matching,32,2,2,2,1,20261245,0.1,4,1.0000000000000007,12936.704572250183,0.4464026415608242,0.0005576805661467742,0.0005580033019510303,0.9994216238450064,2.22138974770398e-15
338,random_matching,32,2,2,2,1,20261245,0.1,8,1.0000000000000007,12936.704572250183,0.4464026415608242,0.00027883771121438425,0.00027900165097551516,0.9994124057669276,4.443972986837947e-15
338,random_matching,32,2,2,2,1,20261245,1.0,1,1.0000000000000007,12936.704572250183,0.4464026415608242,0.2145730154112285,0.2232013207804121,0.9613429466321473,6.981786468330323e-16
338,random_matching,32,2,2,2,1,20261245,1.0,2,1.0000000000000007,12936.704572250183,0.4464026415608242,0.10584097436169017,0.11160066039020605,0.948390215538354,1.5153403782813681e-15
338,random_matching,32,2,2,2,1,20261245,1.0,4,1.0000000000000007,12936.704572250183,0.4464026415608242,0.05274658384655556,0.055800330195103026,0.9452736867708453,2.0009209939674635e-15
338,random_matching,32,2,2,2,1,20261245,1.0,8,1.0000000000000007,12936.704572250183,0.4464026415608242,0.026351758320366583,0.027900165097551513,0.9445018776135911,4.0121373315834776e-15
339,random_matching,32,2,2,2,2,20261246,0.1,1,0.9999999999999998,151.69667485348808,0.4286746959695149,0.0021422543686201627,0.002143373479847575,0.9994778739039489,8.884711747045024e-16
339,random_matching,32,2,2,2,2,20261246,0.1,2,0.9999999999999998,151.69667485348808,0.4286746959695149,0.0010709174217225159,0.0010716867399237875,0.9992821426517544,1.1129420122236744e-15
339,random_matching,32,2,2,2,2,20261246,0.1,4,0.9999999999999998,151.69667485348808,0.4286746959695149,0.0005354324982568502,0.0005358433699618937,0.9992332242441057,2.2210792369160977e-15
339,random_matching,32,2,2,2,2,20261246,0.1,8,0.9999999999999998,151.69667485348808,0.4286746959695149,0.0002677129727940909,0.00026792168498094687,0.9992209955425191,4.4421917191499805e-15
339,random_matching,32,2,2,2,2,20261246,1.0,1,0.9999999999999998,151.69667485348808,0.4286746959695149,0.20490818243810793,0.21433734798475745,0.9560078276823688,8.962642973091867e-16
339,random_matching,32,2,2,2,2,20261246,1.0,2,0.9999999999999998,151.69667485348808,0.4286746959695149,0.10099894788470655,0.10716867399237873,0.9424297616287486,1.5808871078572265e-15
339,random_matching,32,2,2,2,2,20261246,1.0,4,0.9999999999999998,151.69667485348808,0.4286746959695149,0.050323008443131374,0.05358433699618936,0.9391365325040801,2.3213903571869192e-15
339,random_matching,32,2,2,2,2,20261246,1.0,8,0.9999999999999998,151.69667485348808,0.4286746959695149,0.02513961026869637,0.02679216849809468,0.9383193551684391,6.3158003250293446e-15
340,random_matching,32,2,2,2,3,20261247,0.1,1,0.9999999999999998,275.47184311867727,0.47211813390403295,0.0023597835311133385,0.002360590669520165,0.9996580777780543,6.661713679532328e-16
340,random_matching,32,2,2,2,3,20261247,0.1,2,0.9999999999999998,275.47184311867727,0.47211813390403295,0.001179740612738794,0.0011802953347600825,0.9995300142219055,1.1107644545851991e-15
340,random_matching,32,2,2,2,3,20261247,0.1,4,0.9999999999999998,275.47184311867727,0.47211813390403295,0.0005898514118043103,0.0005901476673800413,0.9994979975485693,3.1092678629292655e-15
340,random_matching,32,2,2,2,3,20261247,0.1,8,0.9999999999999998,275.47184311867727,0.47211813390403295,0.00029492334406810137,0.00029507383369002064,0.999489993334762,5.667224161583934e-15
340,random_matching,32,2,2,2,3,20261247,1.0,1,0.9999999999999998,275.47184311867727,0.47211813390403295,0.22782863021101524,0.23605906695201648,0.965133994439306,6.669562041666746e-16
340,random_matching,32,2,2,2,3,20261247,1.0,2,0.9999999999999998,275.47184311867727,0.47211813390403295,0.11254234771257539,0.11802953347600824,0.9535100614072305,1.6605683158856094e-15
340,random_matching,32,2,2,2,3,20261247,1.0,4,0.9999999999999998,275.47184311867727,0.47211813390403295,0.05609855908544329,0.05901476673800412,0.9505851193904176,1.6782141704735289e-15
340,random_matching,32,2,2,2,3,20261247,1.0,8,0.9999999999999998,275.47184311867727,0.47211813390403295,0.028027676147199636,0.02950738336900206,0.9498529841396619,3.782221806165483e-15
341,random_matching,32,2,2,2,4,20261248,0.1,1,0.9999999999999998,85.81007880129351,0.4572146583548306,0.0022851712818214684,0.0022860732917741535,0.9996054326184858,6.682165113523407e-16
341,random_matching,32,2,2,2,4,20261248,0.1,2,0.9999999999999998,85.81007880129351,0.4572146583548306,0.0011424166492821734,0.0011430366458870767,0.9994575881647065,1.2220044443898679e-15
341,random_matching,32,2,2,2,4,20261248,0.1,4,0.9999999999999998,85.81007880129351,0.4572146583548306,0.0005711872011854447,0.0005715183229435384,0.9994206279224991,2.6673320682661535e-15
341,random_matching,32,2,2,2,4,20261248,0.1,8,0.9999999999999998,85.81007880129351,0.4572146583548306,0.00028559096017637814,0.0002857591614717692,0.9994113879165772,3.776290701871548e-15
341,random_matching,32,2,2,2,4,20261248,1.0,1,0.9999999999999998,85.81007880129351,0.4572146583548306,0.21955987954172043,0.2286073291774153,0.9604236239133286,6.0434202402376235e-16
341,random_matching,32,2,2,2,4,20261248,1.0,2,0.9999999999999998,85.81007880129351,0.4572146583548306,0.10820816358128309,0.11430366458870765,0.9466727420388694,1.5651303706249376e-15
341,random_matching,32,2,2,2,4,20261248,1.0,4,0.9999999999999998,85.81007880129351,0.4572146583548306,0.05390755180996234,0.057151832294353826,0.9432340074823463,1.7766617840871913e-15
341,random_matching,32,2,2,2,4,20261248,1.0,8,0.9999999999999998,85.81007880129351,0.4572146583548306,0.0269292172522267,0.028575916147176913,0.9423745896205363,3.599490416279438e-15
342,random_matching,32,2,2,2,5,20261249,0.1,1,0.9999999999999994,86.75997676165,0.434254005160519,0.002170092145644596,0.002171270025802595,0.9994575155812029,4.448824855437084e-16
342,random_matching,32,2,2,2,5,20261249,0.1,2,0.9999999999999994,86.75997676165,0.434254005160519,0.0010848252730412836,0.0010856350129012976,0.999254132511948,1.113498521684799e-15
342,random_matching,32,2,2,2,5,20261249,0.1,4,0.9999999999999994,86.75997676165,0.434254005160519,0.0005423850440200893,0.0005428175064506488,0.9992033005099867,2.333613468917883e-15
342,random_matching,32,2,2,2,5,20261249,0.1,8,0.9999999999999994,86.75997676165,0.434254005160519,0.00027118907318130994,0.0002714087532253244,0.9991905933710543,5.889154123387708e-15
342,random_matching,32,2,2,2,5,20261249,1.0,1,0.9999999999999994,86.75997676165,0.434254005160519,0.20566857677256478,0.2171270025802595,0.9472270805955644,4.70859808670961e-16
342,random_matching,32,2,2,2,5,20261249,1.0,2,0.9999999999999994,86.75997676165,0.434254005160519,0.10073849648081375,0.10856350129012975,0.9279223245720113,1.4445724723770725e-15
342,random_matching,32,2,2,2,5,20261249,1.0,4,0.9999999999999994,86.75997676165,0.434254005160519,0.050114286474388495,0.05428175064506487,0.9232253175118391,2.239073908836964e-15
342,random_matching,32,2,2,2,5,20261249,1.0,8,0.9999999999999994,86.75997676165,0.434254005160519,0.025025492723917752,0.027140875322532437,0.9220591608238041,5.259205048916755e-15
343,random_matching,32,2,2,2,6,20261250,0.1,1,1.0000000000000002,189.32381030242055,0.4641766022367359,0.002319824233798881,0.00232088301118368,0.99954380406953,6.6617609107838925e-16
343,random_matching,32,2,2,2,6,20261250,0.1,2,1.0000000000000002,189.32381030242055,0.4641766022367359,0.0011597137284341623,0.00116044150559184,0.9993728445990852,1.333024106777012e-15
343,random_matching,32,2,2,2,6,20261250,0.1,4,1.0000000000000002,189.32381030242055,0.4641766022367359,0.000579832071041158,0.00058022075279592,0.9993301140076617,2.4438738000851296e-15
343,random_matching,32,2,2,2,6,20261250,0.1,8,1.0000000000000002,189.32381030242055,0.4641766022367359,0.000289912936542401,0.00029011037639796,0.999319431941696,4.445982916510833e-15
343,random_matching,32,2,2,2,6,20261250,1.0,1,1.0000000000000002,189.32381030242055,0.4641766022367359,0.2216294156584024,0.23208830111836795,0.9549357489818869,7.259470905325019e-16
343,random_matching,32,2,2,2,6,20261250,1.0,2,1.0000000000000002,189.32381030242055,0.4641766022367359,0.10897860257186184,0.11604415055918398,0.939113277547595,1.2282500631685247e-15
343,random_matching,32,2,2,2,6,20261250,1.0,4,1.0000000000000002,189.32381030242055,0.4641766022367359,0.054264460439934346,0.05802207527959199,0.9352381861291456,3.4403162510635507e-15
343,random_matching,32,2,2,2,6,20261250,1.0,8,1.0000000000000002,189.32381030242055,0.4641766022367359,0.02710427398343527,0.029011037639795994,0.9342745447427528,4.338789264590881e-15
344,random_matching,32,2,2,2,7,20261251,0.1,1,0.9999999999999993,2473.484160819266,0.4910910460619346,0.002454530057831649,0.0024554552303096733,0.9996232175335131,6.672910212813543e-16
344,random_matching,32,2,2,2,7,20261251,0.1,2,0.9999999999999993,2473.484160819266,0.4910910460619346,0.001227091783039894,0.0012277276151548366,0.9994821065299061,8.903953484744569e-16
344,random_matching,32,2,2,2,7,20261251,0.1,4,0.9999999999999993,2473.484160819266,0.4910910460619346,0.0006135242401389654,0.0006138638075774183,0.9994468358709842,2.6683891272014695e-15
344,random_matching,32,2,2,2,7,20261251,0.1,8,0.9999999999999993,2473.484160819266,0.4910910460619346,0.0003067594137836396,0.00030693190378870916,0.9994380186518886,4.341949186140021e-15
344,random_matching,32,2,2,2,7,20261251,1.0,1,0.9999999999999993,2473.484160819266,0.4910910460619346,0.23623187331200876,0.2455455230309673,0.9620695600392439,7.141982010415909e-16
344,random_matching,32,2,2,2,7,20261251,1.0,2,0.9999999999999993,2473.484160819266,0.4910910460619346,0.11657975651166118,0.12277276151548365,0.9495571743489583,1.407130995668739e-15
344,random_matching,32,2,2,2,7,20261251,1.0,4,0.9999999999999993,2473.484160819266,0.4910910460619346,0.058101053912918005,0.061386380757741825,0.9464811770254188,2.0476690471282593e-15
344,random_matching,32,2,2,2,7,20261251,1.0,8,0.9999999999999993,2473.484160819266,0.4910910460619346,0.02902702052660198,0.030693190378870912,0.9457153253962183,6.129294791352114e-15
345,random_matching,32,2,2,2,8,20261252,0.1,1,1.0000000000000002,39.72880459962969,0.48189060706769427,0.0024084066714368945,0.002409453035338472,0.9995657255459098,6.680368550872233e-16
345,random_matching,32,2,2,2,8,20261252,0.1,2,1.0000000000000002,39.72880459962969,0.48189060706769427,0.001204007324159993,0.001204726517669236,0.9994030234259021,1.1110590486151461e-15
345,random_matching,32,2,2,2,8,20261252,0.1,4,1.0000000000000002,39.72880459962969,0.48189060706769427,0.0006019791678405525,0.000602363258834618,0.9993623598577235,2.111257002385879e-15
345,random_matching,32,2,2,2,8,20261252,0.1,8,1.0000000000000002,39.72880459962969,0.48189060706769427,0.00030098652236529484,0.000301181629417309,0.9993521947125672,6.220744806967702e-15
345,random_matching,32,2,2,2,8,20261252,1.0,1,1.0000000000000002,39.72880459962969,0.48189060706769427,0.2305802858659387,0.24094530353384713,0.9569818646975521,6.771116637181676e-16
345,random_matching,32,2,2,2,8,20261252,1.0,2,1.0000000000000002,39.72880459962969,0.48189060706769427,0.11351880207943736,0.12047265176692357,0.9422786036042462,1.353527542768463e-15
345,random_matching,32,2,2,2,8,20261252,1.0,4,1.0000000000000002,39.72880459962969,0.48189060706769427,0.05654414740915761,0.06023632588346178,0.9387051182130967,2.497979803588935e-15
345,random_matching,32,2,2,2,8,20261252,1.0,8,1.0000000000000002,39.72880459962969,0.48189060706769427,0.028245355418818896,0.03011816294173089,0.9378180028265574,5.216914613746377e-15
346,random_matching,32,2,2,2,9,20261253,0.1,1,1.0000000000000007,295.3103156758493,0.48228384272291513,0.0024105711122102014,0.0024114192136145763,0.9996482978158312,5.561448571749014e-16
346,random_matching,32,2,2,2,9,20261253,0.1,2,1.0000000000000007,295.3103156758493,0.48228384272291513,0.0012051267547105887,0.0012057096068072881,0.9995165899870012,1.1110139781412896e-15
346,random_matching,32,2,2,2,9,20261253,0.1,4,1.0000000000000007,295.3103156758493,0.48228384272291513,0.0006025435297472052,0.0006028548034036441,0.9994836672865813,2.3322674414815995e-15
346,random_matching,32,2,2,2,9,20261253,0.1,8,1.0000000000000007,295.3103156758493,0.48228384272291513,0.00030126928400312294,0.00030142740170182203,0.9994754368786435,3.66891664955836e-15
346,random_matching,32,2,2,2,9,20261253,1.0,1,1.0000000000000007,295.3103156758493,0.48228384272291513,0.23255427942775286,0.24114192136145757,0.9643876025984203,4.922370299594056e-16
346,random_matching,32,2,2,2,9,20261253,1.0,2,1.0000000000000007,295.3103156758493,0.48228384272291513,0.11486939787299051,0.12057096068072878,0.9527119733014654,1.003042184793343e-15
346,random_matching,32,2,2,2,9,20261253,1.0,4,1.0000000000000007,295.3103156758493,0.48228384272291513,0.05726029214369124,0.06028548034036439,0.949818958402698,2.0026661081279587e-15
346,random_matching,32,2,2,2,9,20261253,1.0,8,1.0000000000000007,295.3103156758493,0.48228384272291513,0.02860839493606171,0.030142740170182196,0.949097353941355,7.006078968238159e-15
347,random_matching,32,2,2,2,10,20261254,0.1,1,1.0,80.35271901280805,0.47496089446210055,0.0023738599791807316,0.002374804472310503,0.9996022859394177,6.720639759799637e-16
347,random_matching,32,2,2,2,10,20261254,0.1,2,1.0,80.35271901280805,0.47496089446210055,0.0011867519713595145,0.0011874022361552515,0.9994523635075486,1.555631437911587e-15
347,random_matching,32,2,2,2,10,20261254,0.1,4,1.0,80.35271901280805,0.47496089446210055,0.0005933537434761901,0.0005937011180776258,0.9994148998698867,2.6692766943741975e-15
347,random_matching,32,2,2,2,10,20261254,0.1,8,1.0,80.35271901280805,0.47496089446210055,0.00029667409177745296,0.0002968505590388129,0.9994055350209502,3.55480275804688e-15
347,random_matching,32,2,2,2,10,20261254,1.0,1,1.0,80.35271901280805,0.47496089446210055,0.22852969978618856,0.23748044723105027,0.9623095393779795,7.004958299257469e-16
347,random_matching,32,2,2,2,10,20261254,1.0,2,1.0,80.35271901280805,0.47496089446210055,0.11295726865465813,0.11874022361552514,0.9512974223495492,9.622527498120895e-16
347,random_matching,32,2,2,2,10,20261254,1.0,4,1.0,80.35271901280805,0.47496089446210055,0.05632510006199559,0.05937011180776257,0.9487113691881435,2.4009110985773414e-15
347,random_matching,32,2,2,2,10,20261254,1.0,8,1.0,80.35271901280805,0.47496089446210055,0.028143589988022577,0.029685055903881284,0.9480726625258886,5.043517174363567e-15
348,random_matching,32,2,2,2,11,20261255,0.1,1,0.9999999999999997,2149.5600270720265,0.46613381014008537,0.002329517890553492,0.0023306690507004274,0.9995060816778816,6.673061329683246e-16
348,random_matching,32,2,2,2,11,20261255,0.1,2,0.9999999999999997,2149.5600270720265,0.46613381014008537,0.0011645432292620372,0.0011653345253502137,0.9993209708706273,1.2221650038960097e-15
348,random_matching,32,2,2,2,11,20261255,0.1,4,0.9999999999999997,2149.5600270720265,0.46613381014008537,0.00058224465926272,0.0005826672626751069,0.9992747088442097,3.0013346160365275e-15
348,random_matching,32,2,2,2,11,20261255,0.1,8,0.9999999999999997,2149.5600270720265,0.46613381014008537,0.0002911189604960145,0.00029133363133755343,0.9992631443182398,3.780247608011249e-15
348,random_matching,32,2,2,2,11,20261255,1.0,1,0.9999999999999997,2149.5600270720265,0.46613381014008537,0.22178859053338135,0.23306690507004268,0.9516091118416323,7.356455819215293e-16
348,random_matching,32,2,2,2,11,20261255,1.0,2,0.9999999999999997,2149.5600270720265,0.46613381014008537,0.10890139943251276,0.11653345253502134,0.9345076204601854,1.3873551869001182e-15
348,random_matching,32,2,2,2,11,20261255,1.0,4,0.9999999999999997,2149.5600270720265,0.46613381014008537,0.05420966839960475,0.05826672626751067,0.9303709316140502,2.7224873453533855e-15
348,random_matching,32,2,2,2,11,20261255,1.0,8,0.9999999999999997,2149.5600270720265,0.46613381014008537,0.027074946520956537,0.029133363133755336,0.9293450397968707,3.526199350714263e-15
349,random_matching,32,2,2,2,12,20261256,0.1,1,1.0000000000000004,5658.197312978241,0.46478339699788224,0.0023231469141423516,0.0023239169849894117,0.9996686323771313,4.46947522966819e-16
349,random_matching,32,2,2,2,12,20261256,0.1,2,1.0000000000000004,5658.197312978241,0.46478339699788224,0.00116142946477948,0.0011619584924947059,0.9995447103156928,1.3327501910801523e-15
349,random_matching,32,2,2,2,12,20261256,0.1,4,1.0000000000000004,5658.197312978241,0.46478339699788224,0.0005806967365892643,0.0005809792462473529,0.999513735370216,2.6665302037582816e-15
349,random_matching,32,2,2,2,12,20261256,0.1,8,1.0000000000000004,5658.197312978241,0.46478339699788224,0.0002903461189209323,0.00029048962312367647,0.9995059919827737,4.8968296267569214e-15
349,random_matching,32,2,2,2,12,20261256,1.0,1,1.0000000000000004,5658.197312978241,0.46478339699788224,0.2245832010497865,0.23239169849894112,0.966399413147754,5.669662614664499e-16
349,random_matching,32,2,2,2,12,20261256,1.0,2,1.0000000000000004,5658.197312978241,0.46478339699788224,0.11101485417814254,0.11619584924947056,0.955411530577099,1.135420118240256e-15
349,random_matching,32,2,2,2,12,20261256,1.0,4,1.0000000000000004,5658.197312978241,0.46478339699788224,0.05535025844344072,0.05809792462473528,0.9527062937438434,2.400584163180711e-15
349,random_matching,32,2,2,2,12,20261256,1.0,8,1.0000000000000004,5658.197312978241,0.46478339699788224,0.027655557860618567,0.02904896231236764,0.9520325567307502,4.642701378963386e-15
350,random_matching,32,2,2,2,13,20261257,0.1,1,0.9999999999999994,509.5691699876111,0.4149548873846255,0.002073681124637789,0.002074774436923128,0.9994730452304202,6.662275686569246e-16
350,random_matching,32,2,2,2,13,20261257,0.1,2,0.9999999999999994,509.5691699876111,0.4149548873846255,0.001036635602359185,0.001037387218461564,0.9992754719848066,9.995137421260808e-16
350,random_matching,32,2,2,2,13,20261257,0.1,4,0.9999999999999994,509.5691699876111,0.4149548873846255,0.0005182921871838775,0.000518693609230782,0.9992260902394772,3.3335508345979497e-15
350,random_matching,32,2,2,2,13,20261257,0.1,8,0.9999999999999994,509.5691699876111,0.4149548873846255,0.0002591428920302447,0.000259346804615391,0.9992137455271574,3.666557520039549e-15
350,random_matching,32,2,2,2,13,20261257,1.0,1,0.9999999999999994,509.5691699876111,0.4149548873846255,0.19685928389872684,0.20747744369231275,0.9488225823269129,6.798590685630971e-16
350,random_matching,32,2,2,2,13,20261257,1.0,2,0.9999999999999994,509.5691699876111,0.4149548873846255,0.09647665882104826,0.10373872184615637,0.9299966020800056,1.3158363411241447e-15
350,random_matching,32,2,2,2,13,20261257,1.0,4,0.9999999999999994,509.5691699876111,0.4149548873846255,0.047999953037006174,0.05186936092307819,0.925400895302907,2.542361953282144e-15
350,random_matching,32,2,2,2,13,20261257,1.0,8,0.9999999999999994,509.5691699876111,0.4149548873846255,0.02397036107464697,0.025934680461539093,0.9242589709248513,4.249460064921062e-15
351,random_matching,32,2,2,2,14,20261258,0.1,1,0.9999999999999998,85.69011279126556,0.4542445455744195,0.002270017334130058,0.002271222727872098,0.9994692754139664,4.4786623576196e-16
351,random_matching,32,2,2,2,14,20261258,0.1,2,0.9999999999999998,85.69011279126556,0.4542445455744195,0.0011347827809129137,0.001135611363936049,0.999270363920749,8.894749680684622e-16
351,random_matching,32,2,2,2,14,20261258,0.1,4,0.9999999999999998,85.69011279126556,0.4542445455744195,0.0005673631653481428,0.0005678056819680245,0.9992206548227064,2.4459881364056453e-15
351,random_matching,32,2,2,2,14,20261258,0.1,8,0.9999999999999998,85.69011279126556,0.4542445455744195,0.0002836780548687092,0.00028390284098401224,0.9992082287217559,6.221355591294045e-15
351,random_matching,32,2,2,2,14,20261258,1.0,1,0.9999999999999998,85.69011279126556,0.4542445455744195,0.21538704262106875,0.22712227278720976,0.9483307822604624,4.530987160576964e-16
351,random_matching,32,2,2,2,14,20261258,1.0,2,0.9999999999999998,85.69011279126556,0.4542445455744195,0.10561751070213692,0.11356113639360488,0.9300497868924522,1.6238611612775158e-15
351,random_matching,32,2,2,2,14,20261258,1.0,4,0.9999999999999998,85.69011279126556,0.4542445455744195,0.052558843422789873,0.05678056819680244,0.9256484232531806,2.252784829910708e-15
351,random_matching,32,2,2,2,14,20261258,1.0,8,0.9999999999999998,85.69011279126556,0.4542445455744195,0.026248471645988394,0.02839028409840122,0.924558259262596,3.539541789679342e-15
352,random_matching,32,2,2,2,15,20261259,0.1,1,0.9999999999999997,88.83496570444181,0.4609079722431524,0.0023033750572189465,0.0023045398612157623,0.999494561141502,5.564384380979319e-16
352,random_matching,32,2,2,2,15,20261259,0.1,2,0.9999999999999997,88.83496570444181,0.4609079722431524,0.0011514692386993338,0.0011522699306078812,0.9993051177616645,1.0005406401422138e-15
352,random_matching,32,2,2,2,15,20261259,0.1,4,0.9999999999999997,88.83496570444181,0.4609079722431524,0.0005757073410292189,0.0005761349653039406,0.9992577706605672,1.891943587981309e-15
352,random_matching,32,2,2,2,15,20261259,0.1,8,0.9999999999999997,88.83496570444181,0.4609079722431524,0.00028785026097204495,0.0002880674826519703,0.999245934744437,5.1146046775555534e-15
352,random_matching,32,2,2,2,15,20261259,1.0,1,0.9999999999999997,88.83496570444181,0.4609079722431524,0.21905960304895286,0.2304539861215762,0.9505567976306897,4.0416618569581867e-16
352,random_matching,32,2,2,2,15,20261259,1.0,2,0.9999999999999997,88.83496570444181,0.4609079722431524,0.10763909594651278,0.1152269930607881,0.9341482675828195,1.3458667068723918e-15
352,random_matching,32,2,2,2,15,20261259,1.0,4,0.9999999999999997,88.83496570444181,0.4609079722431524,0.0536478281704662,0.05761349653039405,0.9311677193930461,1.8862900018807222e-15
352,random_matching,32,2,2,2,15,20261259,1.0,8,0.9999999999999997,88.83496570444181,0.4609079722431524,0.026802483831538493,0.028806748265197024,0.9304237876761678,4.938716385396939e-15
353,random_matching,32,2,2,2,16,20261260,0.1,1,0.9999999999999999,21.85330675105947,0.4552129156274443,0.0022748652946608452,0.002276064578137222,0.9994730889940925,6.664086545870934e-16
353,random_matching,32,2,2,2,16,20261260,0.1,2,0.9999999999999999,21.85330675105947,0.4552129156274443,0.0011372078807783646,0.001138032289068611,0.9992755844467989,8.888930655004827e-16
353,random_matching,32,2,2,2,16,20261260,0.1,4,0.9999999999999999,21.85330675105947,0.4552129156274443,0.0005685758539839635,0.0005690161445343055,0.9992262248539496,1.998415231957053e-15
353,random_matching,32,2,2,2,16,20261260,0.1,8,0.9999999999999999,21.85330675105947,0.4552129156274443,0.0002842844164854743,0.00028450807226715276,0.9992138859896093,4.668225298076755e-15
353,random_matching,32,2,2,2,16,20261260,1.0,1,0.9999999999999999,21.85330675105947,0.4552129156274443,0.21590244173482537,0.22760645781372216,0.9485778382945724,6.241332497941129e-16
353,random_matching,32,2,2,2,16,20261260,1.0,2,0.9999999999999999,21.85330675105947,0.4552129156274443,0.10585355483705057,0.11380322890686108,0.9301454436207897,1.8072495702829482e-15
353,random_matching,32,2,2,2,16,20261260,1.0,4,0.9999999999999999,21.85330675105947,0.4552129156274443,0.05267313623029826,0.05690161445343054,0.9256879042229469,2.518057847084975e-15
353,random_matching,32,2,2,2,16,20261260,1.0,8,0.9999999999999999,21.85330675105947,0.4552129156274443,0.026305122746356182,0.02845080722671527,0.9245826502123183,5.762696637723794e-15
354,random_matching,32,2,2,2,17,20261261,0.1,1,1.0,638.5636833881895,0.4751496504251111,0.0023746638092724554,0.002375748252125556,0.9995435362934054,5.560363727159227e-16
354,random_matching,32,2,2,2,17,20261261,0.1,2,1.0,638.5636833881895,0.4751496504251111,0.0011871287230948845,0.001187874126062778,0.9993724899368217,8.882186732108724e-16
354,random_matching,32,2,2,2,17,20261261,0.1,4,1.0,638.5636833881895,0.4751496504251111,0.0005935389713602832,0.000593937063031389,0.9993297409845515,2.3320842974729415e-15
354,random_matching,32,2,2,2,17,20261261,0.1,8,1.0,638.5636833881895,0.4751496504251111,0.00029676631214194343,0.0002969685315156945,0.9993190545384759,5.551167773260207e-15
354,random_matching,32,2,2,2,17,20261261,1.0,1,1.0,638.5636833881895,0.4751496504251111,0.22687977167740056,0.23757482521255555,0.9549823786018311,6.046624852943619e-16
354,random_matching,32,2,2,2,17,20261261,1.0,2,1.0,638.5636833881895,0.4751496504251111,0.11157841526598997,0.11878741260627777,0.93931177401614,1.2185758609041314e-15
354,random_matching,32,2,2,2,17,20261261,1.0,4,1.0,638.5636833881895,0.4751496504251111,0.05556328945953641,0.059393706303138886,0.9355080347393636,2.478712923290271e-15
354,random_matching,32,2,2,2,17,20261261,1.0,8,1.0,638.5636833881895,0.4751496504251111,0.027753616671257638,0.029696853151569443,0.9345642290651558,3.1299667127538894e-15
355,random_matching,32,2,2,2,18,20261262,0.1,1,0.9999999999999997,23542.189706228113,0.4692742489610764,0.0023452613377794996,0.0023463712448053824,0.9995269687061074,4.45495098671526e-16
355,random_matching,32,2,2,2,18,20261262,0.1,2,0.9999999999999997,23542.189706228113,0.4692742489610764,0.0011724226982829588,0.0011731856224026912,0.999349698713346,1.221521738458224e-15
355,random_matching,32,2,2,2,18,20261262,0.1,4,0.9999999999999997,23542.189706228113,0.4692742489610764,0.000586185361004272,0.0005865928112013456,0.9993053951748246,1.8936510963989507e-15
355,random_matching,32,2,2,2,18,20261262,0.1,8,0.9999999999999997,23542.189706228113,0.4692742489610764,0.00029308943224070803,0.0002932964056006728,0.9992943201620869,4.997484155646714e-15
355,random_matching,32,2,2,2,18,20261262,1.0,1,0.9999999999999997,23542.189706228113,0.4692742489610764,0.22373586445177646,0.2346371244805382,0.9535399180632819,5.647007817362592e-16
355,random_matching,32,2,2,2,18,20261262,1.0,2,0.9999999999999997,23542.189706228113,0.4692742489610764,0.1099550073396012,0.1173185622402691,0.9372345282787621,1.1723237407829407e-15
355,random_matching,32,2,2,2,18,20261262,1.0,4,0.9999999999999997,23542.189706228113,0.4692742489610764,0.054745765869684375,0.05865928112013455,0.9332839548027315,2.7646602045596395e-15
355,random_matching,32,2,2,2,18,20261262,1.0,8,0.9999999999999997,23542.189706228113,0.4692742489610764,0.0273441430023817,0.029329640560067274,0.932304061019116,3.7286542380097445e-15
356,random_matching,32,2,2,2,19,20261263,0.1,1,0.9999999999999998,47.07879713641117,0.47762209372665754,0.0023869898359946125,0.002388110468633288,0.9995307450583234,6.668002359934553e-16
356,random_matching,32,2,2,2,19,20261263,0.1,2,0.9999999999999998,47.07879713641117,0.47762209372665754,0.0011932849715113032,0.001194055234316644,0.9993549186141446,1.111586971875428e-15
356,random_matching,32,2,2,2,19,20261263,0.1,4,0.9999999999999998,47.07879713641117,0.47762209372665754,0.0005966162501172931,0.000597027617158322,0.999310974854083,3.3334700838956792e-15
356,random_matching,32,2,2,2,19,20261263,0.1,8,0.9999999999999998,47.07879713641117,0.47762209372665754,0.0002983048458435201,0.000298513808579161,0.9992999897169397,4.22245221368162e-15
356,random_matching,32,2,2,2,19,20261263,1.0,1,0.9999999999999998,47.07879713641117,0.47762209372665754,0.22780044050727777,0.23881104686332877,0.9538940660381077,6.752023499850851e-16
356,random_matching,32,2,2,2,19,20261263,1.0,2,0.9999999999999998,47.07879713641117,0.47762209372665754,0.11200270509470427,0.11940552343166438,0.9380027144121458,1.4994762676498328e-15
356,random_matching,32,2,2,2,19,20261263,1.0,4,0.9999999999999998,47.07879713641117,0.47762209372665754,0.055770684829558444,0.05970276171583219,0.9341391122744155,1.827584759291384e-15
356,random_matching,32,2,2,2,19,20261263,1.0,8,0.9999999999999998,47.07879713641117,0.47762209372665754,0.027856709003971133,0.029851380857916096,0.9331799134037041,3.994159680390756e-15
357,random_matching,32,2,2,2,20,20261264,0.1,1,0.9999999999999993,373.0834687353878,0.4347856368669845,0.0021727546384863144,0.002173928184334923,0.9994601726694262,6.670094800561389e-16
357,random_matching,32,2,2,2,20,20261264,0.1,2,0.9999999999999993,373.0834687353878,0.4347856368669845,0.0010861573404361985,0.0010869640921674615,0.9992577935765529,1.3336421907496274e-15
357,random_matching,32,2,2,2,20,20261264,0.1,4,0.9999999999999993,373.0834687353878,0.4347856368669845,0.0005430511809318807,0.0005434820460837308,0.9992072136421896,2.0003474275955996e-15
357,random_matching,32,2,2,2,20,20261264,0.1,8,0.9999999999999993,373.0834687353878,0.4347856368669845,0.00027152215455782136,0.0002717410230418654,0.9991945695883749,5.1111138134517954e-15
357,random_matching,32,2,2,2,20,20261264,1.0,1,0.9999999999999993,373.0834687353878,0.4347856368669845,0.20599800444889127,0.21739281843349226,0.9475842207359437,5.575635911933741e-16
357,random_matching,32,2,2,2,20,20261264,1.0,2,0.9999999999999993,373.0834687353878,0.4347856368669845,0.10092503669148888,0.10869640921674613,0.9285038707234501,1.27732172142641e-15
357,random_matching,32,2,2,2,20,20261264,1.0,4,0.9999999999999993,373.0834687353878,0.4347856368669845,0.05021083418855327,0.054348204608373064,0.9238729144847891,2.4118381277866915e-15
357,random_matching,32,2,2,2,20,20261264,1.0,8,0.9999999999999993,373.0834687353878,0.4347856368669845,0.02507419092624299,0.027174102304186532,0.9227237995045002,3.6496022734817295e-15
358,random_matching,32,2,2,2,21,20261265,0.1,1,0.9999999999999998,55.12299099467221,0.4207154500510268,0.002102422732485992,0.0021035772502551345,0.9994511645488644,4.519534866766945e-16
358,random_matching,32,2,2,2,21,20261265,0.1,2,0.9999999999999998,55.12299099467221,0.4207154500510268,0.0010509735217621543,0.0010517886251275672,0.9992250312030955,1.2240607447299332e-15
358,random_matching,32,2,2,2,21,20261265,0.1,4,0.9999999999999998,55.12299099467221,0.4207154500510268,0.0005254570384133633,0.0005258943125637836,0.9991685132545196,2.4462679121740437e-15
358,random_matching,32,2,2,2,21,20261265,0.1,8,0.9999999999999998,55.12299099467221,0.4207154500510268,0.00026272480415192646,0.0002629471562818918,0.9991543847322426,5.7770419030697585e-15
358,random_matching,32,2,2,2,21,20261265,1.0,1,0.9999999999999998,55.12299099467221,0.4207154500510268,0.19912645356931813,0.2103577250255134,0.9466087045064161,4.661477205147965e-16
358,random_matching,32,2,2,2,21,20261265,1.0,2,0.9999999999999998,55.12299099467221,0.4207154500510268,0.09743388503728978,0.1051788625127567,0.9263637456192535,1.695805288643713e-15
358,random_matching,32,2,2,2,21,20261265,1.0,4,0.9999999999999998,55.12299099467221,0.4207154500510268,0.04851428525712491,0.05258943125637835,0.9225101716847492,2.6937576436244303e-15
358,random_matching,32,2,2,2,21,20261265,1.0,8,0.9999999999999998,55.12299099467221,0.4207154500510268,0.024231850733644974,0.026294715628189174,0.9215483094126825,5.943870199208535e-15
359,random_matching,32,2,2,2,22,20261266,0.1,1,1.0,216.55166294901977,0.3068760689434687,0.0015339243078285932,0.0015343803447173438,0.9997027875843687,5.586013975386539e-16
359,random_matching,32,2,2,2,22,20261266,0.1,2,1.0,216.55166294901977,0.3068760689434687,0.0007668766915861869,0.0007671901723586719,0.9995913910477747,1.1113636394869402e-15
359,random_matching,32,2,2,2,22,20261266,0.1,4,1.0,216.55166294901977,0.3068760689434687,0.0003834276645607906,0.00038359508617933594,0.9995635459770539,2.0022656868553848e-15
359,random_matching,32,2,2,2,22,20261266,0.1,8,1.0,216.55166294901977,0.3068760689434687,0.00019171249717499504,0.00019179754308966797,0.9995565849629618,3.776637367714322e-15
359,random_matching,32,2,2,2,22,20261266,1.0,1,1.0,216.55166294901977,0.3068760689434687,0.1489074554955805,0.15343803447173435,0.9704729078956726,5.565597258514303e-16
359,random_matching,32,2,2,2,22,20261266,1.0,2,1.0,216.55166294901977,0.3068760689434687,0.07364747824181365,0.07671901723586717,0.959963785972254,1.257116222283237e-15
359,random_matching,32,2,2,2,22,20261266,1.0,4,1.0,216.55166294901977,0.3068760689434687,0.036724317810072314,0.03835950861793359,0.9573719563473032,2.7390730233190573e-15
359,random_matching,32,2,2,2,22,20261266,1.0,8,1.0,216.55166294901977,0.3068760689434687,0.01834977272163935,0.019179754308966793,0.95672616166207,6.2279427331024624e-15
360,random_matching,32,2,2,2,23,20261267,0.1,1,0.9999999999999993,84.64356332923364,0.45428974503788905,0.0022701950014565138,0.0022714487251894455,0.9994480510526043,6.688114510968741e-16
360,random_matching,32,2,2,2,23,20261267,0.1,2,0.9999999999999993,84.64356332923364,0.45428974503788905,0.0011348625263179085,0.0011357243625947228,0.9992411571810916,1.4437952068260803e-15
360,random_matching,32,2,2,2,23,20261267,0.1,4,0.9999999999999993,84.64356332923364,0.45428974503788905,0.0005674019016883265,0.0005678621812973614,0.9991894519054195,2.9995545524845746e-15
360,random_matching,32,2,2,2,23,20261267,0.1,8,0.9999999999999993,84.64356332923364,0.45428974503788905,0.00028369728098361205,0.0002839310906486807,0.999176526725078,4.665220878777384e-15
360,random_matching,32,2,2,2,23,20261267,1.0,1,0.9999999999999993,84.64356332923364,0.45428974503788905,0.2149757069040221,0.22714487251894452,0.9464255323927354,6.41052588775844e-16
360,random_matching,32,2,2,2,23,20261267,1.0,2,0.9999999999999993,84.64356332923364,0.45428974503788905,0.10530610822124946,0.11357243625947226,0.927215367474048,1.4273494224891637e-15
360,random_matching,32,2,2,2,23,20261267,1.0,4,0.9999999999999993,84.64356332923364,0.45428974503788905,0.05238969103323981,0.05678621812973613,0.9225775682675005,2.2671493468597257e-15
360,random_matching,32,2,2,2,23,20261267,1.0,8,0.9999999999999993,84.64356332923364,0.45428974503788905,0.026162207881043946,0.028393109064868065,0.9214280768362735,4.5561017379473e-15
361,random_matching,32,4,4,4,0,20261268,0.1,1,1.0000000000000002,31.840584261507882,1.451122062394501,0.0025048422766206038,0.007255610311972506,0.34522833626929433,1.114837189419373e-15
361,random_matching,32,4,4,4,0,20261268,0.1,2,1.0000000000000002,31.840584261507882,1.451122062394501,0.001252173398798871,0.003627805155986253,0.3451600471796716,2.0012436238683233e-15
361,random_matching,32,4,4,4,0,20261268,0.1,4,1.0000000000000002,31.840584261507882,1.451122062394501,0.0006260406040120772,0.0018139025779931265,0.34513463490675383,3.557421530053068e-15
361,random_matching,32,4,4,4,0,20261268,0.1,8,1.0000000000000002,31.840584261507882,1.451122062394501,0.00031301075302552167,0.0009069512889965632,0.3451241062481226,9.006375022969918e-15
361,random_matching,32,4,4,4,0,20261268,1.0,1,1.0000000000000002,31.840584261507882,1.451122062394501,0.2381386399985064,0.7255610311972505,0.3282131064916112,9.335062796134088e-16
361,random_matching,32,4,4,4,0,20261268,1.0,2,1.0000000000000002,31.840584261507882,1.451122062394501,0.11782160797083785,0.36278051559862523,0.32477380373204456,1.8982164579670934e-15
361,random_matching,32,4,4,4,0,20261268,1.0,4,1.0000000000000002,31.840584261507882,1.451122062394501,0.05874463070371093,0.18139025779931262,0.3238576945444616,3.1918366975789934e-15
361,random_matching,32,4,4,4,0,20261268,1.0,8,1.0000000000000002,31.840584261507882,1.451122062394501,0.02934912368058522,0.09069512889965631,0.3236019843254938,7.197425331938113e-15
362,random_matching,32,4,4,4,1,20261269,0.1,1,0.9999999999999998,140.8740616860351,1.045257046237172,0.00230515715495332,0.005226285231185861,0.4410699096938252,8.889381885308567e-16
362,random_matching,32,4,4,4,1,20261269,0.1,2,0.9999999999999998,140.8740616860351,1.045257046237172,0.0011520418571352685,0.0026131426155929305,0.44086451702287455,1.888503027652728e-15
362,random_matching,32,4,4,4,1,20261269,0.1,4,0.9999999999999998,140.8740616860351,1.045257046237172,0.0005758996780078051,0.0013065713077964653,0.4407717164546196,3.999807978664365e-15
362,random_matching,32,4,4,4,1,20261269,0.1,8,0.9999999999999998,140.8740616860351,1.045257046237172,0.0002879211403561308,0.0006532856538982326,0.44072778674699403,6.6664356845324196e-15
362,random_matching,32,4,4,4,1,20261269,1.0,1,0.9999999999999998,140.8740616860351,1.045257046237172,0.22159530220641127,0.522628523118586,0.4240015468044606,9.441154851271035e-16
362,random_matching,32,4,4,4,1,20261269,1.0,2,0.9999999999999998,140.8740616860351,1.045257046237172,0.10941762343731523,0.261314261559293,0.4187204432869732,1.8130258118835014e-15
362,random_matching,32,4,4,4,1,20261269,1.0,4,0.9999999999999998,140.8740616860351,1.045257046237172,0.054484005177064115,0.1306571307796465,0.41699985949447715,2.748029773437813e-15
362,random_matching,32,4,4,4,1,20261269,1.0,8,0.9999999999999998,140.8740616860351,1.045257046237172,0.027200443449015344,0.06532856538982325,0.4163637037903265,8.000559026579759e-15
363,random_matching,32,4,4,4,2,20261270,0.1,1,1.0,64.41672983256944,1.0806135017760519,0.0025531796559588506,0.00540306750888026,0.4725426161643454,7.839617446819327e-16
363,random_matching,32,4,4,4,2,20261270,0.1,2,1.0,64.41672983256944,1.0806135017760519,0.0012764326280377371,0.00270153375444013,0.4724844270184834,1.4470131527031112e-15
363,random_matching,32,4,4,4,2,20261270,0.1,4,1.0,64.41672983256944,1.0806135017760519,0.0006381890558589796,0.001350766877220065,0.4724642472521976,3.555417563481397e-15
363,random_matching,32,4,4,4,2,20261270,0.1,8,1.0,64.41672983256944,1.0806135017760519,0.00031908921533321225,0.0006753834386100325,0.47245638120755706,4.6679008810428006e-15
363,random_matching,32,4,4,4,2,20261270,1.0,1,1.0,64.41672983256944,1.0806135017760519,0.24431119716025876,0.5403067508880259,0.45217128373598686,6.910470522140259e-16
363,random_matching,32,4,4,4,2,20261270,1.0,2,1.0,64.41672983256944,1.0806135017760519,0.12129595091190903,0.27015337544401297,0.44898921108260076,1.8153263641657422e-15
363,random_matching,32,4,4,4,2,20261270,1.0,4,1.0,64.41672983256944,1.0806135017760519,0.06053487398834474,0.13507668772200648,0.44815189807532196,3.359255783111059e-15
363,random_matching,32,4,4,4,2,20261270,1.0,8,1.0,64.41672983256944,1.0806135017760519,0.030251768344298786,0.06753834386100324,0.4479199017162488,7.66384050409233e-15
364,random_matching,32,4,4,4,3,20261271,0.1,1,0.9999999999999997,27.056686599396834,1.2925549896675972,0.0027995558039546637,0.006462774948337987,0.4331816946023499,8.895880512819596e-16
364,random_matching,32,4,4,4,3,20261271,0.1,2,0.9999999999999997,27.056686599396834,1.2925549896675972,0.0013993722923182333,0.0032313874741689936,0.4330561727754749,1.5581390503370068e-15
364,random_matching,32,4,4,4,3,20261271,0.1,4,0.9999999999999997,27.056686599396834,1.2925549896675972,0.0006996074682487244,0.0016156937370844968,0.43300747672090323,4.0010501497620785e-15
364,random_matching,32,4,4,4,3,20261271,0.1,8,0.9999999999999997,27.056686599396834,1.2925549896675972,0.00034978689864727193,0.0008078468685422484,0.4329866367848388,5.7895938442007935e-15
364,random_matching,32,4,4,4,3,20261271,1.0,1,0.9999999999999997,27.056686599396834,1.2925549896675972,0.26406985196056987,0.6462774948337986,0.4086013424132616,7.874763246343026e-16
364,random_matching,32,4,4,4,3,20261271,1.0,2,0.9999999999999997,27.056686599396834,1.2925549896675972,0.1301991092386161,0.3231387474168993,0.40292013965950974,2.076887688539162e-15
364,random_matching,32,4,4,4,3,20261271,1.0,4,0.9999999999999997,27.056686599396834,1.2925549896675972,0.06485689700492246,0.16156937370844965,0.4014182608763224,3.642236022671747e-15
364,random_matching,32,4,4,4,3,20261271,1.0,8,0.9999999999999997,27.056686599396834,1.2925549896675972,0.03239274110835324,0.08078468685422482,0.400976253913141,8.61811865374001e-15
365,random_matching,32,4,4,4,4,20261272,0.1,1,1.0000000000000002,31.022970999254085,1.3190551751232193,0.0027382104608986153,0.006595275875616098,0.4151775471625476,6.667771659719104e-16
365,random_matching,32,4,4,4,4,20261272,0.1,2,1.0000000000000002,31.022970999254085,1.3190551751232193,0.0013684803093733592,0.003297637937808049,0.41498804149584495,1.6667213581257678e-15
365,random_matching,32,4,4,4,4,20261272,0.1,4,1.0000000000000002,31.022970999254085,1.3190551751232193,0.0006841052574671643,0.0016488189689040245,0.4149062270443743,4.66617099208123e-15
365,random_matching,32,4,4,4,4,20261272,0.1,8,1.0000000000000002,31.022970999254085,1.3190551751232193,0.00034202158375493835,0.0008244094844520123,0.414868569813072,6.11359136307754e-15
365,random_matching,32,4,4,4,4,20261272,1.0,1,1.0000000000000002,31.022970999254085,1.3190551751232193,0.258931519530316,0.6595275875616097,0.392601499033015,7.587601517430638e-16
365,random_matching,32,4,4,4,4,20261272,1.0,2,1.0000000000000002,31.022970999254085,1.3190551751232193,0.1275939386032381,0.32976379378080484,0.3869252507691922,1.976488956800198e-15
365,random_matching,32,4,4,4,4,20261272,1.0,4,1.0000000000000002,31.022970999254085,1.3190551751232193,0.06350274569171399,0.16488189689040242,0.38514080010811913,4.19119243100799e-15
365,random_matching,32,4,4,4,4,20261272,1.0,8,1.0000000000000002,31.022970999254085,1.3190551751232193,0.031698914281426425,0.08244094844520121,0.3845044832604856,7.871513903192109e-15
366,random_matching,32,4,4,4,5,20261273,0.1,1,1.0,720.6739945619256,1.3183993915241277,0.0026615277916190224,0.006591996957620639,0.4037513683227931,6.677248466733693e-16
366,random_matching,32,4,4,4,5,20261273,0.1,2,1.0,720.6739945619256,1.3183993915241277,0.00133031441254675,0.0032959984788103196,0.403614995910715,1.9989905067026376e-15
366,random_matching,32,4,4,4,5,20261273,0.1,4,1.0,720.6739945619256,1.3183993915241277,0.0006650643895891124,0.0016479992394051598,0.4035586750811641,3.777675785872206e-15
366,random_matching,32,4,4,4,5,20261273,0.1,8,1.0,720.6739945619256,1.3183993915241277,0.0003325114307336522,0.0008239996197025799,0.4035334759664952,5.77684039320179e-15
366,random_matching,32,4,4,4,5,20261273,1.0,1,1.0,720.6739945619256,1.3183993915241277,0.2503219671501538,0.6591996957620638,0.3797361691145361,9.139019023250762e-16
366,random_matching,32,4,4,4,5,20261273,1.0,2,1.0,720.6739945619256,1.3183993915241277,0.12341193380021248,0.3295998478810319,0.3744295836106018,1.6923522285081427e-15
366,random_matching,32,4,4,4,5,20261273,1.0,4,1.0,720.6739945619256,1.3183993915241277,0.061460752020613074,0.16479992394051596,0.37294162855801527,3.022372493556649e-15
366,random_matching,32,4,4,4,5,20261273,1.0,8,1.0,720.6739945619256,1.3183993915241277,0.030691974860843886,0.08239996197025798,0.3724755949756635,8.969136853917366e-15
367,random_matching,32,4,4,4,6,20261274,0.1,1,1.0,333.6231629215844,1.1018541739537189,0.002547903678941345,0.005509270869768596,0.46247565951469793,6.671026700745047e-16
367,random_matching,32,4,4,4,6,20261274,0.1,2,1.0,333.6231629215844,1.1018541739537189,0.001273761380109513,0.002754635434884298,0.4624065181108129,1.1120221156610028e-15
367,random_matching,32,4,4,4,6,20261274,0.1,4,1.0,333.6231629215844,1.1018541739537189,0.0006368353008305945,0.001377317717442149,0.46237356331498963,4.001091484304047e-15
367,random_matching,32,4,4,4,6,20261274,0.1,8,1.0,333.6231629215844,1.1018541739537189,0.0003184065977149609,0.0006886588587210745,0.46235751371336703,7.773483395599441e-15
367,random_matching,32,4,4,4,6,20261274,1.0,1,1.0,333.6231629215844,1.1018541739537189,0.2417118663580547,0.5509270869768594,0.4387365807051112,9.046180012278966e-16
367,random_matching,32,4,4,4,6,20261274,1.0,2,1.0,333.6231629215844,1.1018541739537189,0.12068287346118865,0.2754635434884297,0.43810833162486235,2.0417293962394688e-15
367,random_matching,32,4,4,4,6,20261274,1.0,4,1.0,333.6231629215844,1.1018541739537189,0.06029179918320573,0.13773177174421486,0.4377479387629976,4.416788360771976e-15
367,random_matching,32,4,4,4,6,20261274,1.0,8,1.0,333.6231629215844,1.1018541739537189,0.030132527302515644,0.06886588587210743,0.43755376005001256,6.769446074965351e-15
368,random_matching,32,4,4,4,7,20261275,0.1,1,1.0000000000000002,37.754835720075604,1.2367884412150978,0.0024927348879368806,0.0061839422060754904,0.4030980246690958,6.690444426978146e-16
368,random_matching,32,4,4,4,7,20261275,0.1,2,1.0000000000000002,37.754835720075604,1.2367884412150978,0.0012462066083851015,0.0030919711030377452,0.40304600750011876,1.9995771113850762e-15
368,random_matching,32,4,4,4,7,20261275,0.1,4,1.0000000000000002,37.754835720075604,1.2367884412150978,0.0006230670359670892,0.0015459855515188726,0.40302254788535974,3.3339955250874663e-15
368,random_matching,32,4,4,4,7,20261275,0.1,8,1.0000000000000002,37.754835720075604,1.2367884412150978,0.00031152494616357867,0.0007729927757594363,0.4030114587520137,5.332459040574403e-15
368,random_matching,32,4,4,4,7,20261275,1.0,1,1.0000000000000002,37.754835720075604,1.2367884412150978,0.23592246586992552,0.6183942206075489,0.38150819979873135,9.664469383558615e-16
368,random_matching,32,4,4,4,7,20261275,1.0,2,1.0000000000000002,37.754835720075604,1.2367884412150978,0.11761083850053561,0.30919711030377445,0.38037496011844163,2.1081368537811327e-15
368,random_matching,32,4,4,4,7,20261275,1.0,4,1.0000000000000002,37.754835720075604,1.2367884412150978,0.05874568190695696,0.15459855515188722,0.379988557132643,3.311225119693496e-15
368,random_matching,32,4,4,4,7,20261275,1.0,8,1.0000000000000002,37.754835720075604,1.2367884412150978,0.029361099533062585,0.07729927757594361,0.37983666152916395,6.318033096113798e-15
369,random_matching,32,4,4,4,8,20261276,0.1,1,0.9999999999999999,28.90576924315749,1.3355918950158245,0.0032344267568232142,0.006677959475079124,0.4843435736460337,8.90043803420595e-16
369,random_matching,32,4,4,4,8,20261276,0.1,2,0.9999999999999999,28.90576924315749,1.3355918950158245,0.0016170747086195255,0.003338979737539562,0.4843020430579554,2.8871674567454904e-15
369,random_matching,32,4,4,4,8,20261276,0.1,4,0.9999999999999999,28.90576924315749,1.3355918950158245,0.000808497408426918,0.001669489868769781,0.48427811605870125,4.554003320803649e-15
369,random_matching,32,4,4,4,8,20261276,0.1,8,0.9999999999999999,28.90576924315749,1.3355918950158245,0.00040423805013113597,0.0008347449343848905,0.48426535277990296,5.9967849569245014e-15
369,random_matching,32,4,4,4,8,20261276,1.0,1,0.9999999999999999,28.90576924315749,1.3355918950158245,0.30380643403789337,0.6677959475079123,0.45493902017770743,9.698642735600511e-16
369,random_matching,32,4,4,4,8,20261276,1.0,2,0.9999999999999999,28.90576924315749,1.3355918950158245,0.15216633169533875,0.33389797375395613,0.4557270293813391,1.941422280417949e-15
369,random_matching,32,4,4,4,8,20261276,1.0,4,0.9999999999999999,28.90576924315749,1.3355918950158245,0.07610520181393245,0.16694898687697807,0.4558590215945012,3.540448599419506e-15
369,random_matching,32,4,4,4,8,20261276,1.0,8,0.9999999999999999,28.90576924315749,1.3355918950158245,0.038050449526289776,0.08347449343848903,0.4558332486836655,7.0711876777623645e-15
370,random_matching,32,4,4,4,9,20261277,0.1,1,1.0,166.48642371360873,1.3092969157052041,0.0024982428866932296,0.006546484578526022,0.38161594314115427,8.89274832692579e-16
370,random_matching,32,4,4,4,9,20261277,0.1,2,1.0,166.48642371360873,1.3092969157052041,0.001248852750495114,0.003273242289263011,0.3815338554654627,2.0010714319729203e-15
370,random_matching,32,4,4,4,9,20261277,0.1,4,1.0,166.48642371360873,1.3092969157052041,0.0006243752767699994,0.0016366211446315056,0.38150263353134245,3.889545817635174e-15
370,random_matching,32,4,4,4,9,20261277,0.1,8,1.0,166.48642371360873,1.3092969157052041,0.0003121768622183407,0.0008183105723157528,0.38148946473330464,6.217423501087609e-15
370,random_matching,32,4,4,4,9,20261277,1.0,1,1.0,166.48642371360873,1.3092969157052041,0.23807822087563127,0.6546484578526021,0.36367338534116883,1.1905699298857167e-15
370,random_matching,32,4,4,4,9,20261277,1.0,2,1.0,166.48642371360873,1.3092969157052041,0.11778986472012887,0.32732422892630103,0.35985684624235365,1.7856588593809727e-15
370,random_matching,32,4,4,4,9,20261277,1.0,4,1.0,166.48642371360873,1.3092969157052041,0.05874461268753782,0.16366211446315052,0.3589383705583525,3.6450350749399494e-15
370,random_matching,32,4,4,4,9,20261277,1.0,8,1.0,166.48642371360873,1.3092969157052041,0.029353001955152235,0.08183105723157526,0.3587024651543438,7.822725794709324e-15
371,random_matching,32,4,4,4,10,20261278,0.1,1,0.9999999999999994,74.73538588497271,1.2432255926101907,0.0023824750151893925,0.006216127963050955,0.38327316125906186,6.674665170443851e-16
371,random_matching,32,4,4,4,10,20261278,0.1,2,0.9999999999999994,74.73538588497271,1.2432255926101907,0.0011906320236075468,0.0031080639815254775,0.3830783506017689,1.999275061543721e-15
371,random_matching,32,4,4,4,10,20261278,0.1,4,0.9999999999999994,74.73538588497271,1.2432255926101907,0.0005951828389621479,0.0015540319907627388,0.3829926555566109,3.776551331192571e-15
371,random_matching,32,4,4,4,10,20261278,0.1,8,0.9999999999999994,74.73538588497271,1.2432255926101907,0.00029756038936598655,0.0007770159953813694,0.38295272058066204,7.3336763970643e-15
371,random_matching,32,4,4,4,10,20261278,1.0,1,0.9999999999999994,74.73538588497271,1.2432255926101907,0.2279600601972912,0.6216127963050954,0.366723564174193,8.507364445721466e-16
371,random_matching,32,4,4,4,10,20261278,1.0,2,0.9999999999999994,74.73538588497271,1.2432255926101907,0.11222539215606259,0.3108063981525477,0.36107812716577653,1.3760341404487282e-15
371,random_matching,32,4,4,4,10,20261278,1.0,4,0.9999999999999994,74.73538588497271,1.2432255926101907,0.05585337264391557,0.15540319907627384,0.3594094135507599,3.2539032395592323e-15
371,random_matching,32,4,4,4,10,20261278,1.0,8,0.9999999999999994,74.73538588497271,1.2432255926101907,0.027883137002351538,0.07770159953813692,0.3588489447848,6.76582880467315e-15
372,random_matching,32,4,4,4,11,20261279,0.1,1,1.0,98.83396158431512,1.3342887655796067,0.0026288776171729785,0.006671443827898035,0.39404927703652065,9.997285995112295e-16
372,random_matching,32,4,4,4,11,20261279,0.1,2,1.0,98.83396158431512,1.3342887655796067,0.0013130274203026389,0.0033357219139490174,0.39362616374342857,2.00060036261526e-15
372,random_matching,32,4,4,4,11,20261279,0.1,4,1.0,98.83396158431512,1.3342887655796067,0.0006561807414403548,0.0016678609569745087,0.3934265255724094,3.668320083745205e-15
372,random_matching,32,4,4,4,11,20261279,0.1,8,1.0,98.83396158431512,1.3342887655796067,0.0003280096438276418,0.0008339304784872544,0.3933297226678291,7.217475643714511e-15
372,random_matching,32,4,4,4,11,20261279,1.0,1,1.0,98.83396158431512,1.3342887655796067,0.25322707435401604,0.6671443827898034,0.37956862245484885,9.455900875396815e-16
372,random_matching,32,4,4,4,11,20261279,1.0,2,1.0,98.83396158431512,1.3342887655796067,0.12409379659414427,0.3335721913949017,0.37201481357070015,1.4496401241548852e-15
372,random_matching,32,4,4,4,11,20261279,1.0,4,1.0,98.83396158431512,1.3342887655796067,0.06155156851214341,0.16678609569745084,0.369044962979394,4.375061524085044e-15
372,random_matching,32,4,4,4,11,20261279,1.0,8,1.0,98.83396158431512,1.3342887655796067,0.030673087529795556,0.08339304784872542,0.36781348470961733,5.60058505584085e-15
373,random_matching,32,4,4,4,12,20261280,0.1,1,1.0000000000000002,68.0390485086355,1.1221425791679378,0.002430744490836532,0.00561071289583969,0.43323273458510314,8.885993174604152e-16
373,random_matching,32,4,4,4,12,20261280,0.1,2,1.0000000000000002,68.0390485086355,1.1221425791679378,0.0012152442297181858,0.002805356447919845,0.4331871019881563,1.3338481161415503e-15
373,random_matching,32,4,4,4,12,20261280,0.1,4,1.0000000000000002,68.0390485086355,1.1221425791679378,0.0006075948283196792,0.0014026782239599225,0.4331676488171099,2.443633709458259e-15
373,random_matching,32,4,4,4,12,20261280,0.1,8,1.0000000000000002,68.0390485086355,1.1221425791679378,0.0003037911858683938,0.0007013391119799613,0.43315876824658506,6.444958145566238e-15
373,random_matching,32,4,4,4,12,20261280,1.0,1,1.0000000000000002,68.0390485086355,1.1221425791679378,0.23127639757324306,0.5610712895839689,0.412205011852831,9.341141531881904e-16
373,random_matching,32,4,4,4,12,20261280,1.0,2,1.0000000000000002,68.0390485086355,1.1221425791679378,0.11519110952972543,0.28053564479198445,0.41061131327941935,2.3379868902658096e-15
373,random_matching,32,4,4,4,12,20261280,1.0,4,1.0000000000000002,68.0390485086355,1.1221425791679378,0.05751752086124497,0.14026782239599223,0.41005499250474126,3.008357876279909e-15
373,random_matching,32,4,4,4,12,20261280,1.0,8,1.0000000000000002,68.0390485086355,1.1221425791679378,0.028744781252829095,0.07013391119799611,0.4098556712697694,4.807586081299533e-15
374,random_matching,32,4,4,4,13,20261281,0.1,1,0.9999999999999998,40.57955523346642,1.3883414509889278,0.0026316568143882643,0.00694170725494464,0.37910800869825095,8.888553435749852e-16
374,random_matching,32,4,4,4,13,20261281,0.1,2,0.9999999999999998,40.57955523346642,1.3883414509889278,0.001315285110037993,0.00347085362747232,0.3789514774196517,1.998546907409211e-15
374,random_matching,32,4,4,4,13,20261281,0.1,4,0.9999999999999998,40.57955523346642,1.3883414509889278,0.000657531126648176,0.00173542681373616,0.37888726937011685,3.555885433039662e-15
374,random_matching,32,4,4,4,13,20261281,0.1,8,0.9999999999999998,40.57955523346642,1.3883414509889278,0.00032874073221523603,0.00086771340686808,0.3788586526532891,7.778187998984612e-15
374,random_matching,32,4,4,4,13,20261281,1.0,1,0.9999999999999998,40.57955523346642,1.3883414509889278,0.24964342511412274,0.6941707254944639,0.35962828155321525,1.1009319792191123e-15
374,random_matching,32,4,4,4,13,20261281,1.0,2,0.9999999999999998,40.57955523346642,1.3883414509889278,0.12286208719122564,0.34708536274723195,0.3539823351199661,2.0214998064532327e-15
374,random_matching,32,4,4,4,13,20261281,1.0,4,0.9999999999999998,40.57955523346642,1.3883414509889278,0.06119730278616592,0.17354268137361598,0.352635457178489,4.967355291068489e-15
374,random_matching,32,4,4,4,13,20261281,1.0,8,0.9999999999999998,40.57955523346642,1.3883414509889278,0.03056855199795155,0.08677134068680799,0.35228857542129627,5.420342203355875e-15
375,random_matching,32,4,4,4,14,20261282,0.1,1,0.9999999999999997,91.43617275126145,1.1753843050809474,0.0022692887625927506,0.005876921525404738,0.38613562437120796,8.882820177871047e-16
375,random_matching,32,4,4,4,14,20261282,0.1,2,0.9999999999999997,91.43617275126145,1.1753843050809474,0.0011342506312442251,0.002938460762702369,0.38600162562698515,2.001384498284529e-15
375,random_matching,32,4,4,4,14,20261282,0.1,4,0.9999999999999997,91.43617275126145,1.1753843050809474,0.0005670357241035171,0.0014692303813511845,0.3859406470903767,3.1126089430061707e-15
375,random_matching,32,4,4,4,14,20261282,0.1,8,0.9999999999999997,91.43617275126145,1.1753843050809474,0.00028349655884166614,0.0007346151906755923,0.3859116479485637,6.8837844691652345e-15
375,random_matching,32,4,4,4,14,20261282,1.0,1,0.9999999999999997,91.43617275126145,1.1753843050809474,0.2172131127823352,0.5876921525404737,0.3696035617344337,1.1142147679440795e-15
375,random_matching,32,4,4,4,14,20261282,1.0,2,0.9999999999999997,91.43617275126145,1.1753843050809474,0.10776100352554936,0.29384607627023684,0.3667260250446444,1.1818103130102154e-15
375,random_matching,32,4,4,4,14,20261282,1.0,4,0.9999999999999997,91.43617275126145,1.1753843050809474,0.053753355448292406,0.14692303813511842,0.3658606310526869,3.760567518373741e-15
375,random_matching,32,4,4,4,14,20261282,1.0,8,0.9999999999999997,91.43617275126145,1.1753843050809474,0.026853226117029286,0.07346151906755921,0.3655413944317378,7.240289467598855e-15
376,random_matching,32,4,4,4,15,20261283,0.1,1,0.9999999999999999,97.6872672203508,1.3535033318099132,0.0024872500983739664,0.006767516659049568,0.36752773929976207,6.666245122154352e-16
376,random_matching,32,4,4,4,15,20261283,0.1,2,0.9999999999999999,97.6872672203508,1.3535033318099132,0.0012431889615635802,0.003383758329524784,0.36739886259494603,1.8878136635076735e-15
376,random_matching,32,4,4,4,15,20261283,0.1,4,0.9999999999999999,97.6872672203508,1.3535033318099132,0.0006214859606475836,0.001691879164762392,0.3673347208190635,3.2208532952416104e-15
376,random_matching,32,4,4,4,15,20261283,0.1,8,0.9999999999999999,97.6872672203508,1.3535033318099132,0.00031071592699589176,0.000845939582381196,0.36730274060621676,6.662406345358795e-15
376,random_matching,32,4,4,4,15,20261283,1.0,1,0.9999999999999999,97.6872672203508,1.3535033318099132,0.2380863909069082,0.6767516659049566,0.3518076170356191,8.204980459554669e-16
376,random_matching,32,4,4,4,15,20261283,1.0,2,0.9999999999999999,97.6872672203508,1.3535033318099132,0.11873041840356474,0.3383758329524783,0.3508832689604027,1.7099090666617621e-15
376,random_matching,32,4,4,4,15,20261283,1.0,4,0.9999999999999999,97.6872672203508,1.3535033318099132,0.05925950130960011,0.16918791647623915,0.3502584732043943,3.419127199318578e-15
376,random_matching,32,4,4,4,15,20261283,1.0,8,0.9999999999999999,97.6872672203508,1.3535033318099132,0.0296014577024629,0.08459395823811958,0.349924017258291,6.755870729975665e-15
377,random_matching,32,4,4,4,16,20261284,0.1,1,0.9999999999999998,88.73620625221903,1.2537371817810803,0.0025918128498759797,0.006268685908905403,0.4134539339726698,6.687561376016568e-16
377,random_matching,32,4,4,4,16,20261284,0.1,2,0.9999999999999998,88.73620625221903,1.2537371817810803,0.0012954177400048956,0.0031343429544527014,0.4132980209343725,1.776751656927909e-15
377,random_matching,32,4,4,4,16,20261284,0.1,4,0.9999999999999998,88.73620625221903,1.2537371817810803,0.000647596577634286,0.0015671714772263507,0.4132263680426541,5.109074675449806e-15
377,random_matching,32,4,4,4,16,20261284,0.1,8,0.9999999999999998,88.73620625221903,1.2537371817810803,0.0003237714523153091,0.0007835857386131753,0.4131921197140904,6.666322620250107e-15
377,random_matching,32,4,4,4,16,20261284,1.0,1,0.9999999999999998,88.73620625221903,1.2537371817810803,0.2468082422314487,0.6268685908905401,0.3937160767312153,7.598668744513345e-16
377,random_matching,32,4,4,4,16,20261284,1.0,2,0.9999999999999998,88.73620625221903,1.2537371817810803,0.12236698891365341,0.3134342954452701,0.39040714654347825,1.791458697947976e-15
377,random_matching,32,4,4,4,16,20261284,1.0,4,0.9999999999999998,88.73620625221903,1.2537371817810803,0.06100249151770137,0.15671714772263504,0.3892521807866634,3.939466989114705e-15
377,random_matching,32,4,4,4,16,20261284,1.0,8,0.9999999999999998,88.73620625221903,1.2537371817810803,0.030466869798133744,0.07835857386131752,0.3888134800928787,6.363362099040214e-15
378,random_matching,32,4,4,4,17,20261285,0.1,1,1.0000000000000004,146.06721298416934,1.0503397061411714,0.0021566112223239497,0.0052516985307058586,0.41065023243710236,8.886363701564874e-16
378,random_matching,32,4,4,4,17,20261285,0.1,2,1.0000000000000004,146.06721298416934,1.0503397061411714,0.00107785562672261,0.0026258492653529293,0.4104788652359068,1.443422272468824e-15
378,random_matching,32,4,4,4,17,20261285,0.1,4,1.0000000000000004,146.06721298416934,1.0503397061411714,0.0005388306106602417,0.0013129246326764646,0.41040482998769523,3.109665222909978e-15
378,random_matching,32,4,4,4,17,20261285,0.1,8,1.0000000000000004,146.06721298416934,1.0503397061411714,0.0002693929153156552,0.0006564623163382323,0.41037072290506704,7.997243740231062e-15
378,random_matching,32,4,4,4,17,20261285,1.0,1,1.0000000000000004,146.06721298416934,1.0503397061411714,0.2057118079150602,0.5251698530705857,0.39170528679872907,1.3750499654166544e-15
378,random_matching,32,4,4,4,17,20261285,1.0,2,1.0000000000000004,146.06721298416934,1.0503397061411714,0.10145287867263349,0.26258492653529286,0.38636215723143447,2.222092187992304e-15
378,random_matching,32,4,4,4,17,20261285,1.0,4,1.0000000000000004,146.06721298416934,1.0503397061411714,0.05051843966593667,0.13129246326764643,0.384777910388902,2.384630283065288e-15
378,random_matching,32,4,4,4,17,20261285,1.0,8,1.0000000000000004,146.06721298416934,1.0503397061411714,0.025224133758233434,0.06564623163382322,0.38424343835811414,6.957253893265139e-15
379,random_matching,32,4,4,4,18,20261286,0.1,1,1.0000000000000007,197.2862664830671,1.2757481194548217,0.002536234857898498,0.0063787405972741094,0.397607461727215,6.691522845762529e-16
379,random_matching,32,4,4,4,18,20261286,0.1,2,1.0000000000000007,197.2862664830671,1.2757481194548217,0.0012680090200918532,0.0031893702986370547,0.39757347104966895,1.777278805375957e-15
379,random_matching,32,4,4,4,18,20261286,0.1,4,1.0000000000000007,197.2862664830671,1.2757481194548217,0.0006339884053039411,0.0015946851493185274,0.39756337203922015,3.1120007786537268e-15
379,random_matching,32,4,4,4,18,20261286,0.1,8,1.0000000000000007,197.2862664830671,1.2757481194548217,0.00031699156794726363,0.0007973425746592637,0.3975600676819832,6.8874670033842894e-15
379,random_matching,32,4,4,4,18,20261286,1.0,1,1.0000000000000007,197.2862664830671,1.2757481194548217,0.24022532094429092,0.6378740597274108,0.3766030571096571,1.1538813204422325e-15
379,random_matching,32,4,4,4,18,20261286,1.0,2,1.0000000000000007,197.2862664830671,1.2757481194548217,0.11931728398261948,0.3189370298637054,0.37410922160279897,1.716843614621544e-15
379,random_matching,32,4,4,4,18,20261286,1.0,4,1.0000000000000007,197.2862664830671,1.2757481194548217,0.05953021840924363,0.1594685149318527,0.37330389910938394,3.4661976686640154e-15
379,random_matching,32,4,4,4,18,20261286,1.0,8,1.0000000000000007,197.2862664830671,1.2757481194548217,0.02974405905101383,0.07973425746592636,0.373039895226022,7.027594874355406e-15
380,random_matching,32,4,4,4,19,20261287,0.1,1,1.0,68.00691659539817,1.1041046478384058,0.0024381687140447496,0.00552052323919203,0.44165536642167885,1.3327852742789322e-15
380,random_matching,32,4,4,4,19,20261287,0.1,2,1.0,68.00691659539817,1.1041046478384058,0.0012189785654019166,0.002760261619596015,0.44161703975738476,1.777728684931145e-15
380,random_matching,32,4,4,4,19,20261287,0.1,4,1.0,68.00691659539817,1.1041046478384058,0.0006094729168324166,0.0013801308097980075,0.44160518155638995,4.2327201627976335e-15
380,random_matching,32,4,4,4,19,20261287,0.1,8,1.0,68.00691659539817,1.1041046478384058,0.0003047336185321349,0.0006900654048990038,0.4416010661724666,7.121223344054218e-15
380,random_matching,32,4,4,4,19,20261287,1.0,1,1.0,68.00691659539817,1.1041046478384058,0.2321178193399591,0.5520523239192029,0.4204634402986977,1.1352966452806538e-15
380,random_matching,32,4,4,4,19,20261287,1.0,2,1.0,68.00691659539817,1.1041046478384058,0.11534867537658469,0.27602616195960145,0.4178903715419079,1.675575782284631e-15
380,random_matching,32,4,4,4,19,20261287,1.0,4,1.0,68.00691659539817,1.1041046478384058,0.05758218849192198,0.13801308097980072,0.41722268703174287,3.3939411815845434e-15
380,random_matching,32,4,4,4,19,20261287,1.0,8,1.0,68.00691659539817,1.1041046478384058,0.02877835776092438,0.06900654048990036,0.41703811778734673,5.126374415389223e-15
381,random_matching,32,4,4,4,20,20261288,0.1,1,1.0,89.19060962148555,1.239818083845793,0.0025243908375899645,0.006199090419228967,0.4072195543009912,8.9100586743864e-16
381,random_matching,32,4,4,4,20,20261288,0.1,2,1.0,89.19060962148555,1.239818083845793,0.0012617490742632708,0.0030995452096144833,0.4070755510677662,1.5571543471694476e-15
381,random_matching,32,4,4,4,20,20261288,0.1,4,1.0,89.19060962148555,1.239818083845793,0.0006307769716864007,0.0015497726048072417,0.4070125963833615,5.222688862959912e-15
381,random_matching,32,4,4,4,20,20261288,0.1,8,1.0,89.19060962148555,1.239818083845793,0.0003153658334163116,0.0007748863024036208,0.406983363156734,5.996088631150134e-15
381,random_matching,32,4,4,4,20,20261288,1.0,1,1.0,89.19060962148555,1.239818083845793,0.24037771677965966,0.6199090419228965,0.3877628821706355,9.02224214366209e-16
381,random_matching,32,4,4,4,20,20261288,1.0,2,1.0,89.19060962148555,1.239818083845793,0.11891679668478947,0.30995452096144827,0.3836588552279261,1.6092114179949303e-15
381,random_matching,32,4,4,4,20,20261288,1.0,4,1.0,89.19060962148555,1.239818083845793,0.059283161213130695,0.15497726048072413,0.38252812721840734,2.8491766932181167e-15
381,random_matching,32,4,4,4,20,20261288,1.0,8,1.0,89.19060962148555,1.239818083845793,0.02961213836705693,0.07748863024036207,0.38214817161179654,5.612305822548013e-15
382,random_matching,32,4,4,4,21,20261289,0.1,1,1.0000000000000002,138.54130820895355,1.3321231813997187,0.002344046854239705,0.006660615906998595,0.35192644148369434,1.110523965388319e-15
382,random_matching,32,4,4,4,21,20261289,0.1,2,1.0000000000000002,138.54130820895355,1.3321231813997187,0.0011716127981381557,0.0033303079534992975,0.35180314087983716,1.7773505054764407e-15
382,random_matching,32,4,4,4,21,20261289,0.1,4,1.0000000000000002,138.54130820895355,1.3321231813997187,0.0005857153802020071,0.0016651539767496488,0.351748479948571,2.6785276678204402e-15
382,random_matching,32,4,4,4,21,20261289,0.1,8,1.0000000000000002,138.54130820895355,1.3321231813997187,0.0002928363990608324,0.0008325769883748244,0.3517229074904459,7.108457856879289e-15
382,random_matching,32,4,4,4,21,20261289,1.0,1,1.0000000000000002,138.54130820895355,1.3321231813997187,0.22410691839186536,0.6660615906998594,0.3364657586040754,8.966091568875362e-16
382,random_matching,32,4,4,4,21,20261289,1.0,2,1.0000000000000002,138.54130820895355,1.3321231813997187,0.11092663305089144,0.3330307953499297,0.3330822092123225,2.3158963667293877e-15
382,random_matching,32,4,4,4,21,20261289,1.0,4,1.0000000000000002,138.54130820895355,1.3321231813997187,0.05527882110747564,0.16651539767496484,0.3319742310880999,2.209825594782139e-15
382,random_matching,32,4,4,4,21,20261289,1.0,8,1.0000000000000002,138.54130820895355,1.3321231813997187,0.027605116205564252,0.08325769883748242,0.33156232505835836,6.233348949494993e-15
383,random_matching,32,4,4,4,22,20261290,0.1,1,0.9999999999999998,402.79269246106804,1.1473391638165564,0.0026505139537515055,0.005736695819082783,0.4620279752213331,7.793919089185622e-16
383,random_matching,32,4,4,4,22,20261290,0.1,2,0.9999999999999998,402.79269246106804,1.1473391638165564,0.001325104992410577,0.0028683479095413917,0.46197498846032337,1.6670838172470963e-15
383,random_matching,32,4,4,4,22,20261290,0.1,4,0.9999999999999998,402.79269246106804,1.1473391638165564,0.0006625325345694794,0.0014341739547706958,0.4619610699006237,4.442350067866174e-15
383,random_matching,32,4,4,4,22,20261290,0.1,8,0.9999999999999998,402.79269246106804,1.1473391638165564,0.0003312635314825158,0.0007170869773853479,0.46195725473968763,6.111340608234001e-15
383,random_matching,32,4,4,4,22,20261290,1.0,1,0.9999999999999998,402.79269246106804,1.1473391638165564,0.24945003376290603,0.5736695819082782,0.4348322477428995,7.254154486561834e-16
383,random_matching,32,4,4,4,22,20261290,1.0,2,0.9999999999999998,402.79269246106804,1.1473391638165564,0.12341610999209199,0.2868347909541391,0.4302689697492955,1.6956912500622367e-15
383,random_matching,32,4,4,4,22,20261290,1.0,4,0.9999999999999998,402.79269246106804,1.1473391638165564,0.06155020291277862,0.14341739547706955,0.4291683216532798,3.034715056149448e-15
383,random_matching,32,4,4,4,22,20261290,1.0,8,0.9999999999999998,402.79269246106804,1.1473391638165564,0.03075548571388619,0.07170869773853478,0.42889477404857157,6.987422737035134e-15
384,random_matching,32,4,4,4,23,20261291,0.1,1,0.9999999999999999,46.00375890449411,1.261702610543003,0.002444111211361263,0.0063085130527150155,0.38743063396046756,8.886948817146635e-16
384,random_matching,32,4,4,4,23,20261291,0.1,2,0.9999999999999999,46.00375890449411,1.261702610543003,0.001221536658661539,0.0031542565263575077,0.3872661111910745,1.776668331763743e-15
384,random_matching,32,4,4,4,23,20261291,0.1,4,0.9999999999999999,46.00375890449411,1.261702610543003,0.0006106628331461766,0.0015771282631787539,0.3871992198753484,3.778264608906989e-15
384,random_matching,32,4,4,4,23,20261291,0.1,8,0.9999999999999999,46.00375890449411,1.261702610543003,0.00030530807792174963,0.0007885641315893769,0.38716962348565254,6.440725526851269e-15
384,random_matching,32,4,4,4,23,20261291,1.0,1,0.9999999999999999,46.00375890449411,1.261702610543003,0.23145396236035126,0.6308513052715015,0.3668914693942651,1.0821570479563706e-15
384,random_matching,32,4,4,4,23,20261291,1.0,2,0.9999999999999999,46.00375890449411,1.261702610543003,0.11359468564645785,0.31542565263575073,0.3601314119420574,1.7441538539317167e-15
384,random_matching,32,4,4,4,23,20261291,1.0,4,0.9999999999999999,46.00375890449411,1.261702610543003,0.05648027876443994,0.15771282631787537,0.3581210234011157,4.133671294213011e-15
384,random_matching,32,4,4,4,23,20261291,1.0,8,0.9999999999999999,46.00375890449411,1.261702610543003,0.028188827418477364,0.07885641315893768,0.35747032218751645,1.0103832116017294e-14
385,random_matching,64,2,2,2,0,20261292,0.1,1,1.0000000000000002,1265.752750173865,0.4750903126010349,0.0023741922462400793,0.002375451563005175,0.9994698621581227,5.554853056091252e-16
385,random_matching,64,2,2,2,0,20261292,0.1,2,1.0000000000000002,1265.752750173865,0.4750903126010349,0.0011868600090629647,0.0011877257815025874,0.9992710670652215,1.1121960508720594e-15
385,random_matching,64,2,2,2,0,20261292,0.1,4,1.0000000000000002,1265.752750173865,0.4750903126010349,0.0005934004869504664,0.0005938628907512937,0.9992213626949441,1.9995274064705543e-15
385,random_matching,64,2,2,2,0,20261292,0.1,8,1.0000000000000002,1265.752750173865,0.4750903126010349,0.0002966965536736934,0.00029693144537564685,0.9992089362524192,4.668060814389912e-15
385,random_matching,64,2,2,2,0,20261292,1.0,1,1.0000000000000002,1265.752750173865,0.4750903126010349,0.22524591493436405,0.23754515630051745,0.9482235649099336,6.66617204967644e-16
385,random_matching,64,2,2,2,0,20261292,1.0,2,1.0000000000000002,1265.752750173865,0.4750903126010349,0.11032454920615355,0.11877257815025873,0.9288722272794516,1.7281903546550188e-15
385,random_matching,64,2,2,2,0,20261292,1.0,4,1.0000000000000002,1265.752750173865,0.4750903126010349,0.054871579446421105,0.05938628907512936,0.9239772395443548,2.456041786839195e-15
385,random_matching,64,2,2,2,0,20261292,1.0,8,1.0000000000000002,1265.752750173865,0.4750903126010349,0.02739937828272557,0.02969314453756468,0.9227509820680233,4.712957179551051e-15
386,random_matching,64,2,2,2,1,20261293,0.1,1,1.000000000000001,115.31028973078583,0.44063429153969486,0.002202172211704222,0.002203171457698475,0.9995464510985919,6.664757329428415e-16
386,random_matching,64,2,2,2,1,20261293,0.1,2,1.000000000000001,115.31028973078583,0.44063429153969486,0.0011009906129308155,0.0011015857288492375,0.9994597643171689,1.5550017255957526e-15
386,random_matching,64,2,2,2,1,20261293,0.1,4,1.000000000000001,115.31028973078583,0.44063429153969486,0.0005504833676464727,0.0005507928644246187,0.9994380886207207,2.7757965722985392e-15
386,random_matching,64,2,2,2,1,20261293,0.1,8,1.000000000000001,115.31028973078583,0.44063429153969486,0.0002752401914021014,0.00027539643221230936,0.999432669446903,4.440967399184571e-15
386,random_matching,64,2,2,2,1,20261293,1.0,1,1.000000000000001,115.31028973078583,0.44063429153969486,0.2105291082335746,0.22031714576984743,0.9555729650451362,6.682597062089573e-16
386,random_matching,64,2,2,2,1,20261293,1.0,2,1.000000000000001,115.31028973078583,0.44063429153969486,0.10437914187432722,0.11015857288492371,0.9475353496397059,1.4725613941164675e-15
386,random_matching,64,2,2,2,1,20261293,1.0,4,1.000000000000001,115.31028973078583,0.44063429153969486,0.05207640994494252,0.05507928644246186,0.9454808387785439,2.135980076028662e-15
386,random_matching,64,2,2,2,1,20261293,1.0,8,1.000000000000001,115.31028973078583,0.44063429153969486,0.026023984196190834,0.02753964322123093,0.944964464032285,4.297152742024604e-15
387,random_matching,64,2,2,2,2,20261294,0.1,1,0.9999999999999994,109.43038525807397,0.44286906594123265,0.002213227366170632,0.002214345329706164,0.999495126834765,6.671504019709937e-16
387,random_matching,64,2,2,2,2,20261294,0.1,2,0.9999999999999994,109.43038525807397,0.44286906594123265,0.0011064041778414023,0.001107172664853082,0.9993059013864096,1.3323091482140942e-15
387,random_matching,64,2,2,2,2,20261294,0.1,4,0.9999999999999994,109.43038525807397,0.44286906594123265,0.0005531759095628362,0.000553586332426541,0.9992586109163756,2.33442400070758e-15
387,random_matching,64,2,2,2,2,20261294,0.1,8,0.9999999999999994,109.43038525807397,0.44286906594123265,0.0002765846826365752,0.0002767931662132705,0.9992467892919921,4.887175384454578e-15
387,random_matching,64,2,2,2,2,20261294,1.0,1,0.9999999999999994,109.43038525807397,0.44286906594123265,0.21052576766138625,0.22143453297061633,0.9507359346219154,6.674315370194393e-16
387,random_matching,64,2,2,2,2,20261294,1.0,2,0.9999999999999994,109.43038525807397,0.44286906594123265,0.10332879175305781,0.11071726648530816,0.9332671861689181,1.6779183511336635e-15
387,random_matching,64,2,2,2,2,20261294,1.0,4,0.9999999999999994,109.43038525807397,0.44286906594123265,0.051430357154066624,0.05535863324265408,0.9290395037144684,2.119154657180299e-15
387,random_matching,64,2,2,2,2,20261294,1.0,8,0.9999999999999994,109.43038525807397,0.44286906594123265,0.02568615481850932,0.02767931662132704,0.9279909316373085,4.514269980574443e-15
388,random_matching,64,2,2,2,3,20261295,0.1,1,0.9999999999999998,496.9949983332766,0.44514533881626295,0.002224509333065237,0.0022257266940813153,0.999453050089521,6.681120957777675e-16
388,random_matching,64,2,2,2,3,20261295,0.1,2,0.9999999999999998,496.9949983332766,0.44514533881626295,0.0011120264857722238,0.0011128633470406577,0.9992480107547262,1.3350953519043406e-15
388,random_matching,64,2,2,2,3,20261295,0.1,4,0.9999999999999998,496.9949983332766,0.44514533881626295,0.0005559847294117555,0.0005564316735203288,0.9991967673124255,2.7758271046026663e-15
388,random_matching,64,2,2,2,3,20261295,0.1,8,0.9999999999999998,496.9949983332766,0.44514533881626295,0.0002779888008074405,0.0002782158367601644,0.9991839574793162,6.005573402510151e-15
388,random_matching,64,2,2,2,3,20261295,1.0,1,0.9999999999999998,496.9949983332766,0.44514533881626295,0.2107484142997119,0.22257266940813147,0.9468746313738213,6.767032828092849e-16
388,random_matching,64,2,2,2,3,20261295,1.0,2,0.9999999999999998,496.9949983332766,0.44514533881626295,0.10323257809421824,0.11128633470406574,0.9276303183920634,1.5713607043282708e-15
388,random_matching,64,2,2,2,3,20261295,1.0,4,0.9999999999999998,496.9949983332766,0.44514533881626295,0.051357013626142256,0.05564316735203287,0.922970709076035,2.668505884061309e-15
388,random_matching,64,2,2,2,3,20261295,1.0,8,0.9999999999999998,496.9949983332766,0.44514533881626295,0.025646355518181726,0.027821583676016434,0.9218150848936086,6.522951069682764e-15
389,random_matching,64,2,2,2,4,20261296,0.1,1,1.0,38.827208964134414,0.4645442548654549,0.002321560248040244,0.002322721274327275,0.9995001439475912,4.477346456904652e-16
389,random_matching,64,2,2,2,4,20261296,0.1,2,1.0,38.827208964134414,0.4645442548654549,0.0011605625837293988,0.0011613606371636376,0.9993128289278101,1.3339469732891463e-15
389,random_matching,64,2,2,2,4,20261296,0.1,4,1.0,38.827208964134414,0.4645442548654549,0.0005802541094795917,0.0005806803185818188,0.9992660176544851,3.3384499224096187e-15
389,random_matching,64,2,2,2,4,20261296,0.1,8,1.0,38.827208964134414,0.4645442548654549,0.0002901236572588861,0.0002903401592909094,0.9992543159287641,4.553448620297919e-15
389,random_matching,64,2,2,2,4,20261296,1.0,1,1.0,38.827208964134414,0.4645442548654549,0.22091975207568496,0.23227212743272746,0.9511246765485003,9.043297402475164e-16
389,random_matching,64,2,2,2,4,20261296,1.0,2,1.0,38.827208964134414,0.4645442548654549,0.10847851103047282,0.11613606371636373,0.9340639553223298,1.6974121031990364e-15
389,random_matching,64,2,2,2,4,20261296,1.0,4,1.0,38.827208964134414,0.4645442548654549,0.05400053820452509,0.058068031858181865,0.9299529616641612,2.271332923059492e-15
389,random_matching,64,2,2,2,4,20261296,1.0,8,1.0,38.827208964134414,0.4645442548654549,0.026970699898479528,0.029034015929090932,0.9289345285319609,5.663697414608661e-15
390,random_matching,64,2,2,2,5,20261297,0.1,1,0.9999999999999998,8888.407852691827,0.45026682161783216,0.0022501633927749947,0.002251334108089161,0.9994799904154785,5.569726619217451e-16
390,random_matching,64,2,2,2,5,20261297,0.1,2,0.9999999999999998,8888.407852691827,0.45026682161783216,0.001124862303277128,0.0011256670540445806,0.9992850898810967,1.1110371223007731e-15
390,random_matching,64,2,2,2,5,20261297,0.1,4,0.9999999999999998,8888.407852691827,0.45026682161783216,0.0005624037365332002,0.0005628335270222903,0.9992363807974198,2.000358789587526e-15
390,random_matching,64,2,2,2,5,20261297,0.1,8,0.9999999999999998,8888.407852691827,0.45026682161783216,0.0002811984416609236,0.00028141676351114514,0.9992242045303287,3.55659860048211e-15
390,random_matching,64,2,2,2,5,20261297,1.0,1,0.9999999999999998,8888.407852691827,0.45026682161783216,0.21373146274314236,0.22513341080891608,0.9493547047290497,6.798060272353585e-16
390,random_matching,64,2,2,2,5,20261297,1.0,2,0.9999999999999998,8888.407852691827,0.45026682161783216,0.10484412808274403,0.11256670540445804,0.9313955463654516,1.6849170016666548e-15
390,random_matching,64,2,2,2,5,20261297,1.0,4,0.9999999999999998,8888.407852691827,0.45026682161783216,0.05217730889818149,0.05628335270222902,0.927046922279651,2.912074375704671e-15
390,random_matching,64,2,2,2,5,20261297,1.0,8,0.9999999999999998,8888.407852691827,0.45026682161783216,0.026058296544375827,0.02814167635111451,0.9259681697442245,5.608654425347015e-15
391,random_matching,64,2,2,2,6,20261298,0.1,1,0.9999999999999992,132.20847712085705,0.43004902152538976,0.0021492163122660128,0.0021502451076269493,0.9995215450753556,6.747596329147239e-16
391,random_matching,64,2,2,2,6,20261298,0.1,2,0.9999999999999992,132.20847712085705,0.43004902152538976,0.0010744153404489147,0.0010751225538134747,0.9993422020940297,1.5561330718248526e-15
391,random_matching,64,2,2,2,6,20261298,0.1,4,0.9999999999999992,132.20847712085705,0.43004902152538976,0.0005371835747743902,0.0005375612769067373,0.999297378459772,2.223990507667393e-15
391,random_matching,64,2,2,2,6,20261298,0.1,8,0.9999999999999992,132.20847712085705,0.43004902152538976,0.00026858877566053596,0.00026878063845336866,0.9992861733124204,4.228934069984438e-15
391,random_matching,64,2,2,2,6,20261298,1.0,1,0.9999999999999992,132.20847712085705,0.43004902152538976,0.20497104687576223,0.21502451076269488,0.9532450330835639,7.195362044190763e-16
391,random_matching,64,2,2,2,6,20261298,1.0,2,0.9999999999999992,132.20847712085705,0.43004902152538976,0.10068244843944034,0.10751225538134744,0.936474154340064,1.4964579526649276e-15
391,random_matching,64,2,2,2,6,20261298,1.0,4,0.9999999999999992,132.20847712085705,0.43004902152538976,0.05012182963107361,0.05375612769067372,0.9323928598333426,2.473324943947925e-15
391,random_matching,64,2,2,2,6,20261298,1.0,8,0.9999999999999992,132.20847712085705,0.43004902152538976,0.025033677086010134,0.02687806384533686,0.9313794784497949,4.716343363964055e-15
392,random_matching,64,2,2,2,7,20261299,0.1,1,0.9999999999999994,639.4039840364045,0.47292890705525387,0.0023634796927508505,0.00236464453527627,0.9995073921225613,5.569453781500569e-16
392,random_matching,64,2,2,2,7,20261299,0.1,2,0.9999999999999994,639.4039840364045,0.47292890705525387,0.0011815216019342575,0.001182322267638135,0.9993228024830515,1.6684012418718125e-15
392,random_matching,64,2,2,2,7,20261299,0.1,4,0.9999999999999994,639.4039840364045,0.47292890705525387,0.0005907335291896046,0.0005911611338190675,0.9992766699212778,1.777086219718732e-15
392,random_matching,64,2,2,2,7,20261299,0.1,8,0.9999999999999994,639.4039840364045,0.47292890705525387,0.00029536335589741764,0.00029558056690953373,0.9992651377105499,4.996258203419947e-15
392,random_matching,64,2,2,2,7,20261299,1.0,1,0.9999999999999994,639.4039840364045,0.47292890705525387,0.22507707323540088,0.23646445352762693,0.9518431623766418,5.553456123606788e-16
392,random_matching,64,2,2,2,7,20261299,1.0,2,0.9999999999999994,639.4039840364045,0.47292890705525387,0.11056470965147909,0.11823222676381347,0.9351486703565908,1.5697149605089903e-15
392,random_matching,64,2,2,2,7,20261299,1.0,4,0.9999999999999994,639.4039840364045,0.47292890705525387,0.055043213754131085,0.05911611338190673,0.9311033930552306,2.1813712106910244e-15
392,random_matching,64,2,2,2,7,20261299,1.0,8,0.9999999999999994,639.4039840364045,0.47292890705525387,0.027491945807978452,0.029558056690953367,0.9300999079683315,4.252852710511739e-15
393,random_matching,64,2,2,2,8,20261300,0.1,1,1.000000000000001,933.4198778338135,0.4950696617550029,0.00247441440387909,0.0024753483087750147,0.9996227177837503,5.559279238937447e-16
393,random_matching,64,2,2,2,8,20261300,0.1,2,1.000000000000001,933.4198778338135,0.4950696617550029,0.0012370323240025794,0.0012376741543875074,0.9994814221637798,1.2222962949987045e-15
393,random_matching,64,2,2,2,8,20261300,0.1,4,1.000000000000001,933.4198778338135,0.4950696617550029,0.0006184943076562868,0.0006188370771937537,0.9994461069801743,3.110909269257619e-15
393,random_matching,64,2,2,2,8,20261300,0.1,8,1.000000000000001,933.4198778338135,0.4950696617550029,0.0003092444222038986,0.00030941853859687684,0.9994372787300728,5.445089705156319e-15
393,random_matching,64,2,2,2,8,20261300,1.0,1,1.000000000000001,933.4198778338135,0.4950696617550029,0.23813281439683243,0.24753483087750144,0.962017399945942,7.887916954211998e-16
393,random_matching,64,2,2,2,8,20261300,1.0,2,1.000000000000001,933.4198778338135,0.4950696617550029,0.11751818835143378,0.12376741543875072,0.9495083009921176,1.8163064595175808e-15
393,random_matching,64,2,2,2,8,20261300,1.0,4,1.000000000000001,933.4198778338135,0.4950696617550029,0.05856989246979012,0.06188370771937536,0.9464509259107029,2.7990958529919428e-15
393,random_matching,64,2,2,2,8,20261300,1.0,8,1.000000000000001,933.4198778338135,0.4950696617550029,0.029261428495829415,0.03094185385968768,0.9456908635313673,4.3794116590601294e-15
394,random_matching,64,2,2,2,9,20261301,0.1,1,0.9999999999999988,57.11673555009732,0.490256279876735,0.0024501056848693476,0.0024512813993836755,0.999520367382291,4.452212326626155e-16
394,random_matching,64,2,2,2,9,20261301,0.1,2,0.9999999999999988,57.11673555009732,0.490256279876735,0.0012248325866669398,0.0012256406996918377,0.9993406607457624,1.112637925797351e-15
394,random_matching,64,2,2,2,9,20261301,0.1,4,0.9999999999999988,57.11673555009732,0.490256279876735,0.000612388771917033,0.0006128203498459189,0.9992957513095079,1.7784814852879604e-15
394,random_matching,64,2,2,2,9,20261301,0.1,8,0.9999999999999988,57.11673555009732,0.490256279876735,0.0003061909461110804,0.00030641017492295943,0.999284525026187,5.110088992606266e-15
394,random_matching,64,2,2,2,9,20261301,1.0,1,0.9999999999999988,57.11673555009732,0.490256279876735,0.23358762881148412,0.2451281399383675,0.9529204964807998,7.783873374561946e-16
394,random_matching,64,2,2,2,9,20261301,1.0,2,0.9999999999999988,57.11673555009732,0.490256279876735,0.11481375588937738,0.12256406996918374,0.9367652030341761,1.484098443926887e-15
394,random_matching,64,2,2,2,9,20261301,1.0,4,0.9999999999999988,57.11673555009732,0.490256279876735,0.057168568625856495,0.06128203498459187,0.9328764725295166,2.983225570529494e-15
394,random_matching,64,2,2,2,9,20261301,1.0,8,0.9999999999999988,57.11673555009732,0.490256279876735,0.0285547714529076,0.030641017492295936,0.9319132910676716,5.774877166158757e-15
395,random_matching,64,2,2,2,10,20261302,0.1,1,0.9999999999999997,2842.62919600314,0.4499301900523749,0.00224869690621833,0.002249650950261875,0.9995759146353643,6.663572339531953e-16
395,random_matching,64,2,2,2,10,20261302,0.1,2,0.9999999999999997,2842.62919600314,0.4499301900523749,0.0011241697040946209,0.0011248254751309375,0.9994170019698031,1.335728172602061e-15
395,random_matching,64,2,2,2,10,20261302,0.1,4,0.9999999999999997,2842.62919600314,0.4499301900523749,0.0005620625150580077,0.0005624127375654688,0.999377285605271,2.4432770319112604e-15
395,random_matching,64,2,2,2,10,20261302,0.1,8,0.9999999999999997,2842.62919600314,0.4499301900523749,0.0002810284656137044,0.0002812063687827344,0.9993673572551003,5.330796192913005e-15
395,random_matching,64,2,2,2,10,20261302,1.0,1,0.9999999999999997,2842.62919600314,0.4499301900523749,0.21554451575329658,0.22496509502618744,0.9581242624692766,8.818438532394679e-16
395,random_matching,64,2,2,2,10,20261302,1.0,2,0.9999999999999997,2842.62919600314,0.4499301900523749,0.10613393143368668,0.11248254751309372,0.9435591012137414,1.9087206158489566e-15
395,random_matching,64,2,2,2,10,20261302,1.0,4,0.9999999999999997,2842.62919600314,0.4499301900523749,0.052868176331316304,0.05624127375654686,0.9400245193622077,2.54578462410226e-15
395,random_matching,64,2,2,2,10,20261302,1.0,8,0.9999999999999997,2842.62919600314,0.4499301900523749,0.026409425720815068,0.02812063687827343,0.9391474963790568,5.8556654497194045e-15
396,random_matching,64,2,2,2,11,20261303,0.1,1,0.9999999999999996,132.0682982363699,0.4409176172791592,0.002203528041145004,0.0022045880863957963,0.9995191640300817,5.553980411429417e-16
396,random_matching,64,2,2,2,11,20261303,0.1,2,0.9999999999999996,132.0682982363699,0.4409176172791592,0.001101565340456135,0.0011022940431978981,0.9993389216368719,1.3327766837033264e-15
396,random_matching,64,2,2,2,11,20261303,0.1,4,0.9999999999999996,132.0682982363699,0.4409176172791592,0.000550757840697785,0.0005511470215989491,0.9992938709892053,2.8908652836702787e-15
396,random_matching,64,2,2,2,11,20261303,0.1,8,0.9999999999999996,132.0682982363699,0.4409176172791592,0.00027537581682939477,0.00027557351079947454,0.9992826089506708,5.7740366898403985e-15
396,random_matching,64,2,2,2,11,20261303,1.0,1,0.9999999999999996,132.0682982363699,0.4409176172791592,0.21009157927156402,0.2204588086395796,0.9529743019478774,6.800038599975107e-16
396,random_matching,64,2,2,2,11,20261303,1.0,2,0.9999999999999996,132.0682982363699,0.4409176172791592,0.10317842377354691,0.1102294043197898,0.9360335784289728,1.5887174480549506e-15
396,random_matching,64,2,2,2,11,20261303,1.0,4,0.9999999999999996,132.0682982363699,0.4409176172791592,0.05136092924099227,0.0551147021598949,0.9318916228919745,2.4433662773957646e-15
396,random_matching,64,2,2,2,11,20261303,1.0,8,0.9999999999999996,132.0682982363699,0.4409176172791592,0.02565209571485916,0.02755735107994745,0.9308621732342527,5.277410977432736e-15
397,random_matching,64,2,2,2,12,20261304,0.1,1,1.0,10013.168844755442,0.47273528377986795,0.002362762749416975,0.00236367641889934,0.9996134540772758,6.663764197396865e-16
397,random_matching,64,2,2,2,12,20261304,0.1,2,1.0,10013.168844755442,0.47273528377986795,0.0011812102420923822,0.00118183820944967,0.9994686520098379,1.4453303729397755e-15
397,random_matching,64,2,2,2,12,20261304,0.1,4,1.0,10013.168844755442,0.47273528377986795,0.0005905837321721031,0.000590919104724835,0.999432456067082,2.5569612762182693e-15
397,random_matching,64,2,2,2,12,20261304,0.1,8,1.0,10013.168844755442,0.47273528377986795,0.0002952891925615861,0.0002954595523624175,0.9994234073683885,5.557228513937604e-15
397,random_matching,64,2,2,2,12,20261304,1.0,1,1.0,10013.168844755442,0.47273528377986795,0.2271761274509753,0.23636764188993398,0.961113482516195,4.770722552036169e-16
397,random_matching,64,2,2,2,12,20261304,1.0,2,1.0,10013.168844755442,0.47273528377986795,0.11203259346509477,0.11818382094496699,0.9479520341220261,1.3806347691559189e-15
397,random_matching,64,2,2,2,12,20261304,1.0,4,1.0,10013.168844755442,0.47273528377986795,0.05582368532408418,0.059091910472483494,0.9446925116776994,2.6209947086595265e-15
397,random_matching,64,2,2,2,12,20261304,1.0,8,1.0,10013.168844755442,0.47273528377986795,0.02788782463689981,0.029545955236241747,0.943879607679496,4.957800910765918e-15
398,random_matching,64,2,2,2,13,20261305,0.1,1,1.0000000000000004,1027.8435388969099,0.426785090718339,0.002132949375674125,0.0021339254535916955,0.9995425904330782,7.788585914795293e-16
398,random_matching,64,2,2,2,13,20261305,0.1,2,1.0000000000000004,1027.8435388969099,0.426785090718339,0.0010662917386030527,0.0010669627267958478,0.9993711231180399,1.1110631144450643e-15
398,random_matching,64,2,2,2,13,20261305,0.1,4,1.0000000000000004,1027.8435388969099,0.426785090718339,0.0005331230021941838,0.0005334813633979239,0.9993282591889292,3.2264280631533202e-15
398,random_matching,64,2,2,2,13,20261305,0.1,8,1.0000000000000004,1027.8435388969099,0.426785090718339,0.000266558642758037,0.00026674068169896194,0.9993175433917112,5.0069011649959476e-15
398,random_matching,64,2,2,2,13,20261305,1.0,1,1.0000000000000004,1027.8435388969099,0.426785090718339,0.20376179327864913,0.2133925453591695,0.954868376192287,7.3187862983119365e-16
398,random_matching,64,2,2,2,13,20261305,1.0,2,1.0000000000000004,1027.8435388969099,0.426785090718339,0.10013602523407394,0.10669627267958474,0.9385147458223624,1.48682840203943e-15
398,random_matching,64,2,2,2,13,20261305,1.0,4,1.0000000000000004,1027.8435388969099,0.426785090718339,0.049851146965191585,0.05334813633979237,0.9344496431454086,2.9861221948227675e-15
398,random_matching,64,2,2,2,13,20261305,1.0,8,1.0000000000000004,1027.8435388969099,0.426785090718339,0.02489851481886523,0.026674068169896186,0.9334352248137834,4.659029847632554e-15
399,random_matching,64,2,2,2,14,20261306,0.1,1,1.0,202330.6154970399,0.3934536188314373,0.001966607922381234,0.001967268094157187,0.9996644220592434,8.882029246044038e-16
399,random_matching,64,2,2,2,14,20261306,0.1,2,1.0,202330.6154970399,0.3934536188314373,0.0009831802956844727,0.0009836340470785936,0.9995386989750218,1.4441858893180363e-15
399,random_matching,64,2,2,2,14,20261306,0.1,4,1.0,202330.6154970399,0.3934536188314373,0.0004915746924443368,0.0004918170235392968,0.999507273877557,2.890218206147467e-15
399,random_matching,64,2,2,2,14,20261306,0.1,8,1.0,202330.6154970399,0.3934536188314373,0.00024578541438524784,0.0002459085117696484,0.9994994179603028,4.2203124930405055e-15
399,random_matching,64,2,2,2,14,20261306,1.0,1,1.0,202330.6154970399,0.3934536188314373,0.19016938833861313,0.19672680941571866,0.9666673744337075,7.080436998048709e-16
399,random_matching,64,2,2,2,14,20261306,1.0,2,1.0,202330.6154970399,0.3934536188314373,0.0939698653532648,0.09836340470785933,0.9553335982254437,1.4375325754011325e-15
399,random_matching,64,2,2,2,14,20261306,1.0,4,1.0,202330.6154970399,0.3934536188314373,0.04684795531483777,0.049181702353929664,0.9525484697073439,2.5661585298927403e-15
399,random_matching,64,2,2,2,14,20261306,1.0,8,1.0,202330.6154970399,0.3934536188314373,0.023406928101247438,0.024590851176964832,0.9518551404667758,4.1505215448345435e-15
400,random_matching,64,2,2,2,15,20261307,0.1,1,1.000000000000001,157.26489916863423,0.4892488444249764,0.0024450544039594448,0.0024462442221248825,0.9995136143175418,6.673187400814994e-16
400,random_matching,64,2,2,2,15,20261307,0.1,2,1.000000000000001,157.26489916863423,0.4892488444249764,0.0012223043032486697,0.0012231221110624412,0.9993313768050017,1.112243914888655e-15
400,random_matching,64,2,2,2,15,20261307,0.1,4,1.000000000000001,157.26489916863423,0.4892488444249764,0.0006111242994271018,0.0006115610555312206,0.9992858340141698,2.890702901776636e-15
400,random_matching,64,2,2,2,15,20261307,0.1,8,1.000000000000001,157.26489916863423,0.4892488444249764,0.00030555866850540884,0.0003057805277656103,0.9992744493515574,4.220290822910526e-15
400,random_matching,64,2,2,2,15,20261307,1.0,1,1.000000000000001,157.26489916863423,0.4892488444249764,0.23295128708873347,0.2446244222124882,0.9522813993051965,6.693670215680416e-16
400,random_matching,64,2,2,2,15,20261307,1.0,2,1.000000000000001,157.26489916863423,0.4892488444249764,0.11447319619973156,0.1223122111062441,0.9359097931791673,1.3564867254498938e-15
400,random_matching,64,2,2,2,15,20261307,1.0,4,1.000000000000001,157.26489916863423,0.4892488444249764,0.056995017471199914,0.06115610555312205,0.9319595640649863,3.2056637617808892e-15
400,random_matching,64,2,2,2,15,20261307,1.0,8,1.000000000000001,157.26489916863423,0.4892488444249764,0.028467572997860624,0.030578052776561025,0.9309805698184239,6.396922607931434e-15
401,random_matching,64,2,2,2,16,20261308,0.1,1,0.9999999999999993,682.8902809692823,0.4228575802062329,0.0021133808754018888,0.002114287901031165,0.9995710018352592,5.561017772593705e-16
401,random_matching,64,2,2,2,16,20261308,0.1,2,0.9999999999999993,682.8902809692823,0.4228575802062329,0.0010565204680322,0.0010571439505155824,0.9994102198824689,1.1104924956472035e-15
401,random_matching,64,2,2,2,16,20261308,0.1,4,0.9999999999999993,682.8902809692823,0.4228575802062329,0.0005282389936678899,0.0005285719752577912,0.9993700354814709,2.668109954503238e-15
401,random_matching,64,2,2,2,16,20261308,0.1,8,0.9999999999999993,682.8902809692823,0.4228575802062329,0.0002641168419746708,0.0002642859876288956,0.9993599900783907,5.785535802693216e-15
401,random_matching,64,2,2,2,16,20261308,1.0,1,0.9999999999999993,682.8902809692823,0.4228575802062329,0.20250196484114194,0.21142879010311644,0.9577785728347555,5.671037824231673e-16
401,random_matching,64,2,2,2,16,20261308,1.0,2,0.9999999999999993,682.8902809692823,0.4228575802062329,0.09967078959875249,0.10571439505155822,0.9428308183586711,2.0332441733771758e-15
401,random_matching,64,2,2,2,16,20261308,1.0,4,0.9999999999999993,682.8902809692823,0.4228575802062329,0.04964324910900909,0.05285719752577911,0.9391956333817634,2.406867973260397e-15
401,random_matching,64,2,2,2,16,20261308,1.0,8,0.9999999999999993,682.8902809692823,0.4228575802062329,0.024797773769927,0.026428598762889555,0.938293172196003,4.424628942631388e-15
402,random_matching,64,2,2,2,17,20261309,0.1,1,0.9999999999999996,40120.76368045567,0.4411278564911254,0.0022050087520247633,0.0022056392824556276,0.9997141280372182,5.552513005626534e-16
402,random_matching,64,2,2,2,17,20261309,0.1,2,0.9999999999999996,40120.76368045567,0.4411278564911254,0.0011023863227218223,0.0011028196412278138,0.999607081258084,1.2227636256706214e-15
402,random_matching,64,2,2,2,17,20261309,0.1,4,0.9999999999999996,40120.76368045567,0.4411278564911254,0.0005511784045679521,0.0005514098206139069,0.9995803193245685,2.667466383025518e-15
402,random_matching,64,2,2,2,17,20261309,0.1,8,0.9999999999999996,40120.76368045567,0.4411278564911254,0.0002755873576808332,0.00027570491030695345,0.9995736288265981,5.8900454003064665e-15
402,random_matching,64,2,2,2,17,20261309,1.0,1,0.9999999999999996,40120.76368045567,0.4411278564911254,0.21408221027121865,0.2205639282455627,0.9706129736357992,8.960612285913326e-16
402,random_matching,64,2,2,2,17,20261309,1.0,2,0.9999999999999996,40120.76368045567,0.4411278564911254,0.10598574345112703,0.11028196412278135,0.9610433065295141,1.3507374937393303e-15
402,random_matching,64,2,2,2,17,20261309,1.0,4,0.9999999999999996,40120.76368045567,0.4411278564911254,0.052860292399106876,0.055140982061390675,0.9586389364675331,2.579567818317238e-15
402,random_matching,64,2,2,2,17,20261309,1.0,8,0.9999999999999996,40120.76368045567,0.4411278564911254,0.02641355728878273,0.027570491030695338,0.9580372456687642,6.4080793761294854e-15
403,random_matching,64,2,2,2,18,20261310,0.1,1,1.0000000000000013,54.07264554844171,0.42995890470787335,0.002148633890766756,0.0021497945235393673,0.999460119206788,6.681947127088147e-16
403,random_matching,64,2,2,2,18,20261310,0.1,2,1.0000000000000013,54.07264554844171,0.42995890470787335,0.00107409940403509,0.0010748972617696836,0.9992577358199981,1.3325686221461814e-15
403,random_matching,64,2,2,2,18,20261310,0.1,4,1.0000000000000013,54.07264554844171,0.42995890470787335,0.0005370225181422141,0.0005374486308848418,0.9992071563343158,2.6668557303726288e-15
403,random_matching,64,2,2,2,18,20261310,0.1,8,1.0000000000000013,54.07264554844171,0.42995890470787335,0.0002685078613619758,0.0002687243154424209,0.9991945124873097,4.446722596607631e-15
403,random_matching,64,2,2,2,18,20261310,1.0,1,1.0000000000000013,54.07264554844171,0.42995890470787335,0.20370802276945235,0.21497945235393667,0.9475697353348573,8.916929461711555e-16
403,random_matching,64,2,2,2,18,20261310,1.0,2,1.0000000000000013,54.07264554844171,0.42995890470787335,0.09982172412285746,0.10748972617696834,0.9286629306182577,1.668361583546246e-15
403,random_matching,64,2,2,2,18,20261310,1.0,4,1.0000000000000013,54.07264554844171,0.42995890470787335,0.04966506242729734,0.05374486308848417,0.9240894770823037,2.6838026965052534e-15
403,random_matching,64,2,2,2,18,20261310,1.0,8,1.0000000000000013,54.07264554844171,0.42995890470787335,0.024802057305950236,0.026872431544242084,0.9229554558587958,4.988258758363436e-15
404,random_matching,64,2,2,2,19,20261311,0.1,1,0.9999999999999999,560.5904872413336,0.4630274115180401,0.0023139655529787802,0.002315137057590201,0.9994939804502805,6.666407655042853e-16
404,random_matching,64,2,2,2,19,20261311,0.1,2,0.9999999999999999,560.5904872413336,0.4630274115180401,0.0011567632727219612,0.0011575685287951005,0.9993043555926858,1.114722490129797e-15
404,random_matching,64,2,2,2,19,20261311,0.1,4,0.9999999999999999,560.5904872413336,0.4630274115180401,0.0005783542095198955,0.0005787842643975502,0.9992569686079796,2.446862093105762e-15
404,random_matching,64,2,2,2,19,20261311,0.1,8,0.9999999999999999,560.5904872413336,0.4630274115180401,0.0002891736767524803,0.0002893921321987751,0.9992451230631774,5.5534844433467815e-15
404,random_matching,64,2,2,2,19,20261311,1.0,1,0.9999999999999999,560.5904872413336,0.4630274115180401,0.2201059103323905,0.23151370575902006,0.9507251832489615,7.273473954544086e-16
404,random_matching,64,2,2,2,19,20261311,1.0,2,0.9999999999999999,560.5904872413336,0.4630274115180401,0.10806409559734362,0.11575685287951003,0.9335438283712351,1.721526870620871e-15
404,random_matching,64,2,2,2,19,20261311,1.0,4,0.9999999999999999,560.5904872413336,0.4630274115180401,0.0537930865321396,0.057878426439755014,0.9294151524339074,2.6291398470119633e-15
404,random_matching,64,2,2,2,19,20261311,1.0,8,0.9999999999999999,560.5904872413336,0.4630274115180401,0.02686695813378343,0.028939213219877507,0.9283928325780915,4.615858123225046e-15
405,random_matching,64,2,2,2,20,20261312,0.1,1,0.9999999999999997,213.17882948853605,0.45670249875119245,0.002282317061997509,0.002283512493755963,0.9994764943210415,6.666319144940271e-16
405,random_matching,64,2,2,2,20,20261312,0.1,2,0.9999999999999997,213.17882948853605,0.45670249875119245,0.0011409344886060071,0.0011417562468779814,0.9992802682059141,1.3355265763633306e-15
405,random_matching,64,2,2,2,20,20261312,0.1,4,0.9999999999999997,213.17882948853605,0.45670249875119245,0.0005704392480218552,0.0005708781234389907,0.9992312274737526,3.3323137175237866e-15
405,random_matching,64,2,2,2,20,20261312,0.1,8,0.9999999999999997,213.17882948853605,0.45670249875119245,0.0002852161247575975,0.00028543906171949536,0.9992189682780105,5.667796274916609e-15
405,random_matching,64,2,2,2,20,20261312,1.0,1,0.9999999999999997,213.17882948853605,0.45670249875119245,0.21668616459127102,0.22835124937559623,0.9489160457136879,6.688893023828645e-16
405,random_matching,64,2,2,2,20,20261312,1.0,2,0.9999999999999997,213.17882948853605,0.45670249875119245,0.10625494453721276,0.11417562468779811,0.9306272229975211,1.796461004634225e-15
405,random_matching,64,2,2,2,20,20261312,1.0,4,0.9999999999999997,213.17882948853605,0.45670249875119245,0.052874660227299995,0.05708781234389906,0.9261987463940835,2.3836074783530972e-15
405,random_matching,64,2,2,2,20,20261312,1.0,8,0.9999999999999997,213.17882948853605,0.45670249875119245,0.026405979036587045,0.02854390617194953,0.9251004006780456,4.158189470275915e-15
406,random_matching,64,2,2,2,21,20261313,0.1,1,0.9999999999999998,674.2817807508159,0.44914913131631684,0.0022447059025406573,0.0022457456565815846,0.9995370116656442,6.66685755289021e-16
406,random_matching,64,2,2,2,21,20261313,0.1,2,0.9999999999999998,674.2817807508159,0.44914913131631684,0.0011221581163791382,0.0011228728282907923,0.9993634970108395,1.5565194708887822e-15
406,random_matching,64,2,2,2,21,20261313,0.1,4,0.9999999999999998,674.2817807508159,0.44914913131631684,0.0005610547110015815,0.0005614364141453962,0.9993201311240282,2.4434276009406283e-15
406,random_matching,64,2,2,2,21,20261313,0.1,8,0.9999999999999998,674.2817807508159,0.44914913131631684,0.0002805243123267369,0.0002807182070726981,0.9993092904518623,5.3343151812487995e-15
406,random_matching,64,2,2,2,21,20261313,1.0,1,0.9999999999999998,674.2817807508159,0.44914913131631684,0.21438270231760687,0.22457456565815842,0.954617018580522,5.884175126744177e-16
406,random_matching,64,2,2,2,21,20261313,1.0,2,0.9999999999999998,674.2817807508159,0.44914913131631684,0.1053959675315783,0.11228728282907921,0.9386278203205728,1.483856224189644e-15
406,random_matching,64,2,2,2,21,20261313,1.0,4,0.9999999999999998,674.2817807508159,0.44914913131631684,0.052480007812759376,0.056143641414539605,0.934745351219213,2.1750508800695933e-15
406,random_matching,64,2,2,2,21,20261313,1.0,8,0.9999999999999998,674.2817807508159,0.44914913131631684,0.026212955601079897,0.028071820707269803,0.9337818118185504,5.09183820855369e-15
407,random_matching,64,2,2,2,22,20261314,0.1,1,1.0000000000000002,3301.155700973132,0.420194693613921,0.002099962260065867,0.002100973468069605,0.9995186954908731,5.556255153161359e-16
407,random_matching,64,2,2,2,22,20261314,0.1,2,1.0000000000000002,3301.155700973132,0.420194693613921,0.001049791579546576,0.0010504867340348026,0.9993382548625279,1.3363410501968202e-15
407,random_matching,64,2,2,2,22,20261314,0.1,4,1.0000000000000002,3301.155700973132,0.420194693613921,0.0005248720987929967,0.0005252433670174013,0.9992931500943785,2.667311583310321e-15
407,random_matching,64,2,2,2,22,20261314,0.1,8,1.0000000000000002,3301.155700973132,0.420194693613921,0.0002624330881119058,0.00026262168350870064,0.9992818742372102,6.217955893728932e-15
407,random_matching,64,2,2,2,22,20261314,1.0,1,1.0000000000000002,3301.155700973132,0.420194693613921,0.20015678940765236,0.2100973468069605,0.9526859451088565,6.828857289844832e-16
407,random_matching,64,2,2,2,22,20261314,1.0,2,1.0000000000000002,3301.155700973132,0.420194693613921,0.09826141644234773,0.10504867340348024,0.9353894081549853,1.5137539674181309e-15
407,random_matching,64,2,2,2,22,20261314,1.0,4,1.0000000000000002,3301.155700973132,0.420194693613921,0.04890602264486026,0.05252433670174012,0.9311116658659302,3.434912841299062e-15
407,random_matching,64,2,2,2,22,20261314,1.0,8,1.0000000000000002,3301.155700973132,0.420194693613921,0.024425008879451007,0.02626216835087006,0.9300454004073815,3.7694581410659135e-15
408,random_matching,64,2,2,2,23,20261315,0.1,1,0.9999999999999997,923.1565524440322,0.45642240667161166,0.0022810296224766422,0.0022821120333580587,0.9995256977459499,6.662808677493758e-16
408,random_matching,64,2,2,2,23,20261315,0.1,2,0.9999999999999997,923.1565524440322,0.45642240667161166,0.0011403119741804405,0.0011410560166790294,0.9993479351690776,1.333852151715235e-15
408,random_matching,64,2,2,2,23,20261315,0.1,4,0.9999999999999997,923.1565524440322,0.45642240667161166,0.0005701306396431071,0.0005705280083395147,0.9993035071186706,2.2261832508904946e-15
408,random_matching,64,2,2,2,23,20261315,0.1,8,0.9999999999999997,923.1565524440322,0.45642240667161166,0.00028506215161606003,0.00028526400416975734,0.9992924008961986,6.445876022689981e-15
408,random_matching,64,2,2,2,23,20261315,1.0,1,0.9999999999999997,923.1565524440322,0.45642240667161166,0.2175797169210226,0.22821120333580583,0.9534138278078341,6.781046015382989e-16
408,random_matching,64,2,2,2,23,20261315,1.0,2,0.9999999999999997,923.1565524440322,0.45642240667161166,0.1069063118263399,0.11410560166790291,0.9369067798922257,1.3469210280426073e-15
408,random_matching,64,2,2,2,23,20261315,1.0,4,0.9999999999999997,923.1565524440322,0.45642240667161166,0.05322427221745987,0.05705280083395146,0.9328949926992318,3.336226965141453e-15
408,random_matching,64,2,2,2,23,20261315,1.0,8,0.9999999999999997,923.1565524440322,0.45642240667161166,0.026583730849288577,0.02852640041697573,0.9318992393260002,3.7074085248827385e-15
409,random_matching,64,4,4,4,0,20261316,0.1,1,1.0000000000000002,67.55672744421535,1.0728913402448894,0.002068224664008183,0.005364456701224448,0.38554224205707666,8.88544347389421e-16
409,random_matching,64,4,4,4,0,20261316,0.1,2,1.0000000000000002,67.55672744421535,1.0728913402448894,0.001033704923382752,0.002682228350612224,0.38539035020892487,2.666017796069167e-15
409,random_matching,64,4,4,4,0,20261316,0.1,4,1.0000000000000002,67.55672744421535,1.0728913402448894,0.000516761288537342,0.001341114175306112,0.3853223670679569,3.334404728966549e-15
409,random_matching,64,4,4,4,0,20261316,0.1,8,1.0000000000000002,67.55672744421535,1.0728913402448894,0.00025835918981380893,0.000670557087653056,0.3852903720965262,6.995659667155159e-15
409,random_matching,64,4,4,4,0,20261316,1.0,1,1.0000000000000002,67.55672744421535,1.0728913402448894,0.1985137484505273,0.5364456701224447,0.3700537808520594,1.2688852247474614e-15
409,random_matching,64,4,4,4,0,20261316,1.0,2,1.0000000000000002,67.55672744421535,1.0728913402448894,0.09821893852380655,0.26822283506122235,0.36618410397976703,1.6885512891843913e-15
409,random_matching,64,4,4,4,0,20261316,1.0,4,1.0000000000000002,67.55672744421535,1.0728913402448894,0.048937092735989916,0.13411141753061118,0.3648987807083609,3.671767915155672e-15
409,random_matching,64,4,4,4,0,20261316,1.0,8,1.0000000000000002,67.55672744421535,1.0728913402448894,0.02443604591444318,0.06705570876530559,0.3644141023096055,6.35392427917354e-15
410,random_matching,64,4,4,4,1,20261317,0.1,1,1.0,462.4018083002039,1.3890447031235718,0.0024554996353234972,0.00694522351561786,0.35355228378205067,7.796376832888326e-16
410,random_matching,64,4,4,4,1,20261317,0.1,2,1.0,462.4018083002039,1.3890447031235718,0.0012267894326193152,0.00347261175780893,0.3532757239160438,1.778273971780845e-15
410,random_matching,64,4,4,4,1,20261317,0.1,4,1.0,462.4018083002039,1.3890447031235718,0.0006131706179350563,0.001736305878904465,0.35314665773172454,3.3339963635320186e-15
410,random_matching,64,4,4,4,1,20261317,0.1,8,1.0,462.4018083002039,1.3890447031235718,0.00030653126975549715,0.0008681529394522326,0.3530844115426313,7.5578729395958e-15
410,random_matching,64,4,4,4,1,20261317,1.0,1,1.0,462.4018083002039,1.3890447031235718,0.2364836698604743,0.6945223515617859,0.34049828537366567,9.249320104944472e-16
410,random_matching,64,4,4,4,1,20261317,1.0,2,1.0,462.4018083002039,1.3890447031235718,0.11634472940828537,0.34726117578089294,0.3350352343496468,2.228195159122775e-15
410,random_matching,64,4,4,4,1,20261317,1.0,4,1.0,462.4018083002039,1.3890447031235718,0.05786308304475577,0.17363058789044647,0.3332539718247393,4.623721537910574e-15
410,random_matching,64,4,4,4,1,20261317,1.0,8,1.0,462.4018083002039,1.3890447031235718,0.028873127910170954,0.08681529394522323,0.33258112249655775,9.930521982031881e-15
411,random_matching,64,4,4,4,2,20261318,0.1,1,1.0000000000000002,151.73086924836852,1.2681727904004296,0.002543291798429095,0.006340863952002149,0.4010954686428877,1.1109198807644746e-15
411,random_matching,64,4,4,4,2,20261318,0.1,2,1.0000000000000002,151.73086924836852,1.2681727904004296,0.0012708095682617538,0.0031704319760010747,0.40083167779068696,2.6658689841141426e-15
411,random_matching,64,4,4,4,2,20261318,0.1,4,1.0000000000000002,151.73086924836852,1.2681727904004296,0.0006352117566526163,0.0015852159880005373,0.40070991048596527,5.443253539048965e-15
411,random_matching,64,4,4,4,2,20261318,0.1,8,1.0000000000000002,151.73086924836852,1.2681727904004296,0.0003175596247436823,0.0007926079940002687,0.40065155429605054,7.109569616233597e-15
411,random_matching,64,4,4,4,2,20261318,1.0,1,1.0000000000000002,151.73086924836852,1.2681727904004296,0.24448713853740572,0.6340863952002148,0.385573859316455,9.227812484665938e-16
411,random_matching,64,4,4,4,2,20261318,1.0,2,1.0000000000000002,151.73086924836852,1.2681727904004296,0.12032283713645743,0.3170431976001074,0.37951559297677445,2.4585723652198737e-15
411,random_matching,64,4,4,4,2,20261318,1.0,4,1.0000000000000002,151.73086924836852,1.2681727904004296,0.05983077738765078,0.1585215988000537,0.37742981297530614,3.916222793430151e-15
411,random_matching,64,4,4,4,2,20261318,1.0,8,1.0000000000000002,151.73086924836852,1.2681727904004296,0.029851340843942458,0.07926079940002685,0.3766217483283716,7.572970497673944e-15
412,random_matching,64,4,4,4,3,20261319,0.1,1,1.0000000000000007,188.6251608051278,1.1871709043161163,0.002746881354763077,0.0059358545215805825,0.462760895634559,8.88683478268923e-16
412,random_matching,64,4,4,4,3,20261319,0.1,2,1.0000000000000007,188.6251608051278,1.1871709043161163,0.0013733270084475848,0.0029679272607902913,0.4627225965375914,2.4455641106802816e-15
412,random_matching,64,4,4,4,3,20261319,0.1,4,1.0000000000000007,188.6251608051278,1.1871709043161163,0.0006866452923050193,0.0014839636303951456,0.46271032405435797,3.4498187271336892e-15
412,random_matching,64,4,4,4,3,20261319,0.1,8,1.0000000000000007,188.6251608051278,1.1871709043161163,0.00034331935491155384,0.0007419818151975728,0.46270588831093623,8.443116497051328e-15
412,random_matching,64,4,4,4,3,20261319,1.0,1,1.0000000000000007,188.6251608051278,1.1871709043161163,0.26097775483072444,0.5935854521580581,0.4396633271282263,1.257742652500301e-15
412,random_matching,64,4,4,4,3,20261319,1.0,2,1.0000000000000007,188.6251608051278,1.1871709043161163,0.12981877335309655,0.29679272607902907,0.4374055087809962,2.1244460932723117e-15
412,random_matching,64,4,4,4,3,20261319,1.0,4,1.0000000000000007,188.6251608051278,1.1871709043161163,0.06482385727718992,0.14839636303951453,0.4368291509942789,4.0878772619858e-15
412,random_matching,64,4,4,4,3,20261319,1.0,8,1.0000000000000007,188.6251608051278,1.1871709043161163,0.03239928705215281,0.07419818151975727,0.43665877503380085,7.426932669259599e-15
413,random_matching,64,4,4,4,4,20261320,0.1,1,1.0,164.87761108004753,1.3437096772901351,0.00257107134208953,0.0067185483864506765,0.38268256685843327,8.892841945041711e-16
413,random_matching,64,4,4,4,4,20261320,0.1,2,1.0,164.87761108004753,1.3437096772901351,0.0012848990589242083,0.0033592741932253383,0.38249305802886513,1.7778827633001186e-15
413,random_matching,64,4,4,4,4,20261320,0.1,4,1.0,164.87761108004753,1.3437096772901351,0.0006423012286669528,0.0016796370966126691,0.38240476467344303,4.002212099064353e-15
413,random_matching,64,4,4,4,4,20261320,0.1,8,1.0,164.87761108004753,1.3437096772901351,0.0003211148855296819,0.0008398185483063346,0.3823622211932275,7.554343745317859e-15
413,random_matching,64,4,4,4,4,20261320,1.0,1,1.0,164.87761108004753,1.3437096772901351,0.24560017134755785,0.6718548386450676,0.36555541051525464,9.21665034121517e-16
413,random_matching,64,4,4,4,4,20261320,1.0,2,1.0,164.87761108004753,1.3437096772901351,0.12154151195971408,0.3359274193225338,0.36180884610380226,1.9219822956516193e-15
413,random_matching,64,4,4,4,4,20261320,1.0,4,1.0,164.87761108004753,1.3437096772901351,0.06055843309996126,0.1679637096612669,0.3605447463746169,4.05749436495226e-15
413,random_matching,64,4,4,4,4,20261320,1.0,8,1.0,164.87761108004753,1.3437096772901351,0.03023811013111911,0.08398185483063345,0.36005527851344116,6.539797008221873e-15
414,random_matching,64,4,4,4,5,20261321,0.1,1,0.9999999999999994,98.76670553191636,1.1729419786442785,0.0024076360106715967,0.005864709893221394,0.4105294301862082,1.0002095820274826e-15
414,random_matching,64,4,4,4,5,20261321,0.1,2,0.9999999999999994,98.76670553191636,1.1729419786442785,0.0012036011844518636,0.002932354946610697,0.4104554893134686,2.22107025212788e-15
414,random_matching,64,4,4,4,5,20261321,0.1,4,0.9999999999999994,98.76670553191636,1.1729419786442785,0.0006017601741780803,0.0014661774733053484,0.4104279223588622,3.556011933039458e-15
414,random_matching,64,4,4,4,5,20261321,0.1,8,0.9999999999999994,98.76670553191636,1.1729419786442785,0.0003008717012168354,0.0007330887366526742,0.41041648326317637,7.558101072022356e-15
414,random_matching,64,4,4,4,5,20261321,1.0,1,0.9999999999999994,98.76670553191636,1.1729419786442785,0.22956674877914285,0.5864709893221393,0.39143751857953446,1.1678477572994858e-15
414,random_matching,64,4,4,4,5,20261321,1.0,2,0.9999999999999994,98.76670553191636,1.1729419786442785,0.11375840213261715,0.29323549466106963,0.38794212912083686,2.1422571316673774e-15
414,random_matching,64,4,4,4,5,20261321,1.0,4,0.9999999999999994,98.76670553191636,1.1729419786442785,0.056739576379505795,0.14661774733053481,0.3869898249875043,4.033814763181809e-15
414,random_matching,64,4,4,4,5,20261321,1.0,8,0.9999999999999994,98.76670553191636,1.1729419786442785,0.028349078079624328,0.07330887366526741,0.38670732016792225,6.723626096671538e-15
415,random_matching,64,4,4,4,6,20261322,0.1,1,1.0000000000000004,110.12215965024035,1.326158052487581,0.0025684361959227332,0.006630790262437906,0.3873499378305491,1.3368457582750397e-15
415,random_matching,64,4,4,4,6,20261322,0.1,2,1.0000000000000004,110.12215965024035,1.326158052487581,0.001284122555435274,0.003315395131218953,0.38732111999065033,1.554602075346353e-15
415,random_matching,64,4,4,4,6,20261322,0.1,4,1.0000000000000004,110.12215965024035,1.326158052487581,0.0006420471155914707,0.0016576975656094764,0.38731257673978237,3.9996567221019015e-15
415,random_matching,64,4,4,4,6,20261322,0.1,8,1.0000000000000004,110.12215965024035,1.326158052487581,0.0003210212424239006,0.0008288487828047382,0.3873097832605823,9.99467865747247e-15
415,random_matching,64,4,4,4,6,20261322,1.0,1,1.0000000000000004,110.12215965024035,1.326158052487581,0.24377177470998135,0.6630790262437904,0.36763608116350704,1.1165216518968377e-15
415,random_matching,64,4,4,4,6,20261322,1.0,2,1.0000000000000004,110.12215965024035,1.326158052487581,0.12129596346651479,0.3315395131218952,0.36585673401142565,1.862115839179548e-15
415,random_matching,64,4,4,4,6,20261322,1.0,4,1.0000000000000004,110.12215965024035,1.326158052487581,0.060561733414383756,0.1657697565609476,0.36533644417893185,3.920826991914678e-15
415,random_matching,64,4,4,4,6,20261322,1.0,8,1.0000000000000004,110.12215965024035,1.326158052487581,0.030267105346568585,0.0828848782804738,0.3651704143685637,9.289180894527542e-15
416,random_matching,64,4,4,4,7,20261323,0.1,1,0.9999999999999996,368.6581842244397,1.3472127467214685,0.0026336979456502334,0.006736063733607344,0.39098471300238385,8.886546968915732e-16
416,random_matching,64,4,4,4,7,20261323,0.1,2,0.9999999999999996,368.6581842244397,1.3472127467214685,0.0013165142296165736,0.003368031866803672,0.3908853246290604,1.7790768782484025e-15
416,random_matching,64,4,4,4,7,20261323,0.1,4,0.9999999999999996,368.6581842244397,1.3472127467214685,0.0006582089073162206,0.001684015933401836,0.3908566981231527,3.78012877364508e-15
416,random_matching,64,4,4,4,7,20261323,0.1,8,0.9999999999999996,368.6581842244397,1.3472127467214685,0.000329096909227653,0.000842007966700918,0.39084773807674494,6.6692574844151364e-15
416,random_matching,64,4,4,4,7,20261323,1.0,1,0.9999999999999996,368.6581842244397,1.3472127467214685,0.2509136567919595,0.6736063733607343,0.37249299697107896,1.2095639963534847e-15
416,random_matching,64,4,4,4,7,20261323,1.0,2,0.9999999999999996,368.6581842244397,1.3472127467214685,0.12303349373760662,0.33680318668036713,0.36529789088476716,2.444367798843495e-15
416,random_matching,64,4,4,4,7,20261323,1.0,4,0.9999999999999996,368.6581842244397,1.3472127467214685,0.06118853137136894,0.16840159334018356,0.3633488861816386,4.122354067294856e-15
416,random_matching,64,4,4,4,7,20261323,1.0,8,0.9999999999999996,368.6581842244397,1.3472127467214685,0.030552103910364493,0.08420079667009178,0.36284815724572156,7.965472501240461e-15
417,random_matching,64,4,4,4,8,20261324,0.1,1,1.0000000000000002,35.17862560406068,1.2925097498442177,0.002687385309444802,0.00646254874922109,0.41583985107558435,8.889026418060988e-16
417,random_matching,64,4,4,4,8,20261324,0.1,2,1.0000000000000002,35.17862560406068,1.2925097498442177,0.0013434300382128563,0.003231274374610545,0.41575857772052416,1.778942629956506e-15
417,random_matching,64,4,4,4,8,20261324,0.1,4,1.0000000000000002,35.17862560406068,1.2925097498442177,0.0006716586198449263,0.0016156371873052725,0.4157236693500403,4.001132629331906e-15
417,random_matching,64,4,4,4,8,20261324,0.1,8,1.0000000000000002,35.17862560406068,1.2925097498442177,0.00033581636398458055,0.0008078185936526362,0.41570764355169365,8.665004762001868e-15
417,random_matching,64,4,4,4,8,20261324,1.0,1,1.0000000000000002,35.17862560406068,1.2925097498442177,0.25387300117849304,0.6462548749221089,0.39283727060332285,9.44431673903583e-16
417,random_matching,64,4,4,4,8,20261324,1.0,2,1.0000000000000002,35.17862560406068,1.2925097498442177,0.12607868878961395,0.32312743746105443,0.3901825539182504,1.8797308916353715e-15
417,random_matching,64,4,4,4,8,20261324,1.0,4,1.0000000000000002,35.17862560406068,1.2925097498442177,0.06291010364935094,0.16156371873052722,0.38938261723400264,3.577228131054246e-15
417,random_matching,64,4,4,4,8,20261324,1.0,8,1.0000000000000002,35.17862560406068,1.2925097498442177,0.031433504549412156,0.08078185936526361,0.3891158831499815,7.480789711052366e-15
418,random_matching,64,4,4,4,9,20261325,0.1,1,1.0,106.49911451884455,1.2352254014574868,0.002524289189688241,0.006176127007287435,0.4087171761056308,1.1106507320772126e-15
418,random_matching,64,4,4,4,9,20261325,0.1,2,1.0,106.49911451884455,1.2352254014574868,0.0012618322863944644,0.0030880635036437177,0.4086160420294411,2.9999376297916185e-15
418,random_matching,64,4,4,4,9,20261325,0.1,4,1.0,106.49911451884455,1.2352254014574868,0.0006308523876594069,0.0015440317518218589,0.4085747504318103,4.001049577937348e-15
418,random_matching,64,4,4,4,9,20261325,0.1,8,1.0,106.49911451884455,1.2352254014574868,0.00031541202789913504,0.0007720158759109294,0.4085564011581614,7.33809920500828e-15
418,random_matching,64,4,4,4,9,20261325,1.0,1,1.0,106.49911451884455,1.2352254014574868,0.23925897075315705,0.6176127007287434,0.3873932166078301,1.108537539226608e-15
418,random_matching,64,4,4,4,9,20261325,1.0,2,1.0,106.49911451884455,1.2352254014574868,0.11840764759108799,0.3088063503643717,0.3834365693949446,1.836836802822911e-15
418,random_matching,64,4,4,4,9,20261325,1.0,4,1.0,106.49911451884455,1.2352254014574868,0.05904497760448923,0.15440317518218585,0.3824077939771636,4.44525822363093e-15
418,random_matching,64,4,4,4,9,20261325,1.0,8,1.0,106.49911451884455,1.2352254014574868,0.029499982590788818,0.07720158759109293,0.38211626873580457,8.119870022351114e-15
419,random_matching,64,4,4,4,10,20261326,0.1,1,0.9999999999999997,150.2986912058628,1.2703830279788195,0.0026353917259956186,0.0063519151398940986,0.4148971873763976,1.2218022248220563e-15
419,random_matching,64,4,4,4,10,20261326,0.1,2,0.9999999999999997,150.2986912058628,1.2703830279788195,0.0013173795984621072,0.0031759575699470493,0.4147976065322784,1.7797091810360817e-15
419,random_matching,64,4,4,4,10,20261326,0.1,4,0.9999999999999997,150.2986912058628,1.2703830279788195,0.0006586208303194195,0.0015879787849735246,0.4147541746474908,3.334019067945438e-15
419,random_matching,64,4,4,4,10,20261326,0.1,8,0.9999999999999997,150.2986912058628,1.2703830279788195,0.00032929442852168905,0.0007939893924867623,0.41473404007368925,6.890898168152075e-15
419,random_matching,64,4,4,4,10,20261326,1.0,1,0.9999999999999997,150.2986912058628,1.2703830279788195,0.2497927338293175,0.6351915139894098,0.39325577928530414,9.340556323436443e-16
419,random_matching,64,4,4,4,10,20261326,1.0,2,0.9999999999999997,150.2986912058628,1.2703830279788195,0.12396140059734077,0.3175957569947049,0.39031189135000793,1.8923701428762693e-15
419,random_matching,64,4,4,4,10,20261326,1.0,4,0.9999999999999997,150.2986912058628,1.2703830279788195,0.06184152194761988,0.15879787849735244,0.3894354416620933,3.9257793837191145e-15
419,random_matching,64,4,4,4,10,20261326,1.0,8,0.9999999999999997,150.2986912058628,1.2703830279788195,0.030897464815165178,0.07939893924867622,0.3891420352404811,7.0550124578732395e-15
420,random_matching,64,4,4,4,11,20261327,0.1,1,1.0000000000000002,834.7287727417333,1.3339097043179553,0.003175071202481542,0.006669548521589777,0.4760548922020168,1.1137988917985102e-15
420,random_matching,64,4,4,4,11,20261327,0.1,2,1.0000000000000002,834.7287727417333,1.3339097043179553,0.0015872865494753606,0.0033347742607948887,0.4759802089563356,2.3325321350760463e-15
420,random_matching,64,4,4,4,11,20261327,0.1,4,1.0000000000000002,834.7287727417333,1.3339097043179553,0.0007936059178924757,0.0016673871303974444,0.475957804534157,4.000273669945625e-15
420,random_matching,64,4,4,4,11,20261327,0.1,8,1.0000000000000002,834.7287727417333,1.3339097043179553,0.0003967967294986611,0.0008336935651987222,0.47595033242709417,5.336649546563451e-15
420,random_matching,64,4,4,4,11,20261327,1.0,1,1.0000000000000002,834.7287727417333,1.3339097043179553,0.2978375192042325,0.6669548521589777,0.446563239235928,9.07931174886624e-16
420,random_matching,64,4,4,4,11,20261327,1.0,2,1.0000000000000002,834.7287727417333,1.3339097043179553,0.1470823418144294,0.3334774260794888,0.4410563663741675,1.8779169647654043e-15
420,random_matching,64,4,4,4,11,20261327,1.0,4,1.0000000000000002,834.7287727417333,1.3339097043179553,0.07329844579240723,0.1667387130397444,0.43960064496201046,4.318590237325641e-15
420,random_matching,64,4,4,4,11,20261327,1.0,8,1.0000000000000002,834.7287727417333,1.3339097043179553,0.0366177087455711,0.0833693565198722,0.4392226385583626,6.176386813881383e-15
421,random_matching,64,4,4,4,12,20261328,0.1,1,1.0000000000000002,459.492153406301,1.201297894093603,0.0025654070178041132,0.006006489470468016,0.427105887793094,1.1124657576861283e-15
421,random_matching,64,4,4,4,12,20261328,0.1,2,1.0000000000000002,459.492153406301,1.201297894093603,0.001282162943772643,0.003003244735234008,0.426925894093922,1.7779843446107095e-15
421,random_matching,64,4,4,4,12,20261328,0.1,4,1.0000000000000002,459.492153406301,1.201297894093603,0.0006409628340807677,0.001501622367617004,0.42684688767518963,3.777432051754066e-15
421,random_matching,64,4,4,4,12,20261328,0.1,8,1.0000000000000002,459.492153406301,1.201297894093603,0.0003204538232762721,0.000750811183808502,0.4268101357398072,9.112677493861863e-15
421,random_matching,64,4,4,4,12,20261328,1.0,1,1.0000000000000002,459.492153406301,1.201297894093603,0.24361396493502802,0.6006489470468015,0.4055846033407698,9.606320460807324e-16
421,random_matching,64,4,4,4,12,20261328,1.0,2,1.0000000000000002,459.492153406301,1.201297894093603,0.12038257798042634,0.30032447352340075,0.4008417181860017,1.6976297695063216e-15
421,random_matching,64,4,4,4,12,20261328,1.0,4,1.0000000000000002,459.492153406301,1.201297894093603,0.059970418716053436,0.15016223676170037,0.39937084056108835,4.056028796038478e-15
421,random_matching,64,4,4,4,12,20261328,1.0,8,1.0000000000000002,459.492153406301,1.201297894093603,0.029945590554891634,0.07508111838085019,0.39884316057989627,6.499403242778248e-15
422,random_matching,64,4,4,4,13,20261329,0.1,1,1.0,195.51022244095924,1.1416645706192168,0.0025179432809000254,0.005708322853096085,0.4411003626983609,8.887597382100832e-16
422,random_matching,64,4,4,4,13,20261329,0.1,2,1.0,195.51022244095924,1.1416645706192168,0.001258406650683367,0.0028541614265480426,0.4409024097159576,1.7774534279597883e-15
422,random_matching,64,4,4,4,13,20261329,0.1,4,1.0,195.51022244095924,1.1416645706192168,0.0006290765862572476,0.0014270807132740213,0.4408135996835207,2.8915262566854737e-15
422,random_matching,64,4,4,4,13,20261329,0.1,8,1.0,195.51022244095924,1.1416645706192168,0.0003145084332971518,0.0007135403566370106,0.4407717522516351,7.22287569654146e-15
422,random_matching,64,4,4,4,13,20261329,1.0,1,1.0,195.51022244095924,1.1416645706192168,0.2390132136611029,0.5708322853096084,0.4187100481386871,9.214259399353116e-16
422,random_matching,64,4,4,4,13,20261329,1.0,2,1.0,195.51022244095924,1.1416645706192168,0.1180873446329279,0.2854161426548042,0.4137374415284854,1.8444857645716865e-15
422,random_matching,64,4,4,4,13,20261329,1.0,4,1.0,195.51022244095924,1.1416645706192168,0.05879778449130118,0.1427080713274021,0.4120144287873304,4.040043018642926e-15
422,random_matching,64,4,4,4,13,20261329,1.0,8,1.0,195.51022244095924,1.1416645706192168,0.029351698243551046,0.07135403566370105,0.41135302258009115,9.337870080070554e-15
423,random_matching,64,4,4,4,14,20261330,0.1,1,0.9999999999999998,58.496462939283504,1.2587553642754616,0.002786143338846754,0.006293776821377309,0.4426822586691347,1.1110402311141981e-15
423,random_matching,64,4,4,4,14,20261330,0.1,2,0.9999999999999998,58.496462939283504,1.2587553642754616,0.0013925418766182502,0.0031468884106886546,0.4425139041754299,1.6669166030875926e-15
423,random_matching,64,4,4,4,14,20261330,0.1,4,0.9999999999999998,58.496462939283504,1.2587553642754616,0.0006961480437686513,0.0015734442053443273,0.44243579874273875,3.7794127328625876e-15
423,random_matching,64,4,4,4,14,20261330,0.1,8,0.9999999999999998,58.496462939283504,1.2587553642754616,0.00034804449683013686,0.0007867221026721636,0.44239826953885786,8.002708859704432e-15
423,random_matching,64,4,4,4,14,20261330,1.0,1,0.9999999999999998,58.496462939283504,1.2587553642754616,0.2638299663046424,0.6293776821377308,0.41919180452748683,9.00392137869132e-16
423,random_matching,64,4,4,4,14,20261330,1.0,2,0.9999999999999998,58.496462939283504,1.2587553642754616,0.13085102226705825,0.3146888410688654,0.4158108111574991,1.90683928068709e-15
423,random_matching,64,4,4,4,14,20261330,1.0,4,0.9999999999999998,58.496462939283504,1.2587553642754616,0.06523277774400647,0.1573444205344327,0.4145858971194416,3.72517380152486e-15
423,random_matching,64,4,4,4,14,20261330,1.0,8,0.9999999999999998,58.496462939283504,1.2587553642754616,0.03257790487658584,0.07867221026721635,0.41409672825934885,5.995306472766388e-15
424,random_matching,64,4,4,4,15,20261331,0.1,1,0.9999999999999999,199.0772652462773,1.0986605610268088,0.002504135948691471,0.005493302805134045,0.45585252397721526,1.0004743423848262e-15
424,random_matching,64,4,4,4,15,20261331,0.1,2,0.9999999999999999,199.0772652462773,1.0986605610268088,0.0012517237939814094,0.0027466514025670224,0.4557272148957627,1.999103972324652e-15
424,random_matching,64,4,4,4,15,20261331,0.1,4,0.9999999999999999,199.0772652462773,1.0986605610268088,0.0006257923192172355,0.0013733257012835112,0.4556765511869249,3.555225557032567e-15
424,random_matching,64,4,4,4,15,20261331,0.1,8,0.9999999999999999,199.0772652462773,1.0986605610268088,0.0003128808234215553,0.0006866628506417556,0.45565421680980217,6.8866772662240485e-15
424,random_matching,64,4,4,4,15,20261331,1.0,1,0.9999999999999999,199.0772652462773,1.0986605610268088,0.23607975896263936,0.5493302805134044,0.42975923108043323,1.2782432033378435e-15
424,random_matching,64,4,4,4,15,20261331,1.0,2,0.9999999999999999,199.0772652462773,1.0986605610268088,0.11660295870207874,0.2746651402567022,0.42452769431570947,1.5813310082302643e-15
424,random_matching,64,4,4,4,15,20261331,1.0,4,0.9999999999999999,199.0772652462773,1.0986605610268088,0.05809398036273877,0.1373325701283511,0.4230167709556743,3.962313430241638e-15
424,random_matching,64,4,4,4,15,20261331,1.0,8,0.9999999999999999,199.0772652462773,1.0986605610268088,0.029013795597206776,0.06866628506417555,0.4225333519949487,8.189764066170547e-15
425,random_matching,64,4,4,4,16,20261332,0.1,1,1.0000000000000002,263.2522875369883,1.293954058179897,0.0027073532913023985,0.006469770290899486,0.4184620426339739,6.667708502728713e-16
425,random_matching,64,4,4,4,16,20261332,0.1,2,1.0000000000000002,263.2522875369883,1.293954058179897,0.001353411274387467,0.003234885145449743,0.418380008418909,1.6694694587404696e-15
425,random_matching,64,4,4,4,16,20261332,0.1,4,1.0000000000000002,263.2522875369883,1.293954058179897,0.0006766497052835585,0.0016174425727248714,0.41834542795768076,3.6693301124085746e-15
425,random_matching,64,4,4,4,16,20261332,0.1,8,1.0000000000000002,263.2522875369883,1.293954058179897,0.00033831215272900014,0.0008087212863624357,0.41832972426223797,8.218211717845618e-15
425,random_matching,64,4,4,4,16,20261332,1.0,1,1.0000000000000002,263.2522875369883,1.293954058179897,0.25707158337584646,0.6469770290899485,0.3973426749593394,1.0695671138268921e-15
425,random_matching,64,4,4,4,16,20261332,1.0,2,1.0000000000000002,263.2522875369883,1.293954058179897,0.12769287382251288,0.32348851454497424,0.39473696307928696,1.988243185634092e-15
425,random_matching,64,4,4,4,16,20261332,1.0,4,1.0000000000000002,263.2522875369883,1.293954058179897,0.06374608904883057,0.16174425727248712,0.39411655241297927,3.6136320000321555e-15
425,random_matching,64,4,4,4,16,20261332,1.0,8,1.0000000000000002,263.2522875369883,1.293954058179897,0.0318586159972872,0.08087212863624356,0.39393814079736583,1.1363313063466547e-14
426,random_matching,64,4,4,4,17,20261333,0.1,1,1.0000000000000002,96.69822048495583,1.034591878077223,0.002428780841599316,0.005172959390386116,0.46951477061915015,1.1112704920508006e-15
426,random_matching,64,4,4,4,17,20261333,0.1,2,1.0000000000000002,96.69822048495583,1.034591878077223,0.0012140479602290135,0.002586479695193058,0.46938236649810444,1.99919756594809e-15
426,random_matching,64,4,4,4,17,20261333,0.1,4,1.0000000000000002,96.69822048495583,1.034591878077223,0.0006069502770355309,0.001293239847596529,0.4693253754618997,3.5556311480553746e-15
426,random_matching,64,4,4,4,17,20261333,0.1,8,1.0000000000000002,96.69822048495583,1.034591878077223,0.0003034582024865706,0.0006466199237982645,0.4692991838297344,7.217955169959076e-15
426,random_matching,64,4,4,4,17,20261333,1.0,1,1.0000000000000002,96.69822048495583,1.034591878077223,0.22909138139400734,0.5172959390386115,0.44286328986028967,1.0152925433798291e-15
426,random_matching,64,4,4,4,17,20261333,1.0,2,1.0000000000000002,96.69822048495583,1.034591878077223,0.11339830873938049,0.25864796951930574,0.43842721421757125,2.1034066461928486e-15
426,random_matching,64,4,4,4,17,20261333,1.0,4,1.0000000000000002,96.69822048495583,1.034591878077223,0.05652456822035834,0.12932398475965287,0.4370772237292919,4.844514404914246e-15
426,random_matching,64,4,4,4,17,20261333,1.0,8,1.0000000000000002,96.69822048495583,1.034591878077223,0.0282319084916114,0.06466199237982644,0.4366074637134028,9.087968219626994e-15
427,random_matching,64,4,4,4,18,20261334,0.1,1,0.9999999999999999,1254.6325743902073,1.319648566338372,0.002559719618210761,0.006598242831691861,0.3879395899035776,1.1132252015302101e-15
427,random_matching,64,4,4,4,18,20261334,0.1,2,0.9999999999999999,1254.6325743902073,1.319648566338372,0.0012795418687484418,0.0032991214158459305,0.3878432186832243,2.2243566456086132e-15
427,random_matching,64,4,4,4,18,20261334,0.1,4,0.9999999999999999,1254.6325743902073,1.319648566338372,0.0006397056136210466,0.0016495607079229653,0.387803619805256,4.890080557111707e-15
427,random_matching,64,4,4,4,18,20261334,0.1,8,0.9999999999999999,1254.6325743902073,1.319648566338372,0.0003198382484284726,0.0008247803539614826,0.38778596858213854,6.442537125473085e-15
427,random_matching,64,4,4,4,18,20261334,1.0,1,0.9999999999999999,1254.6325743902073,1.319648566338372,0.24224906510009406,0.659824283169186,0.3671417849863807,9.288306485122381e-16
427,random_matching,64,4,4,4,18,20261334,1.0,2,0.9999999999999999,1254.6325743902073,1.319648566338372,0.1199373206306434,0.329912141584593,0.3635432150346919,2.1152790896164216e-15
427,random_matching,64,4,4,4,18,20261334,1.0,4,0.9999999999999999,1254.6325743902073,1.319648566338372,0.05979490613158618,0.1649560707922965,0.36248987893799073,2.9700688331432277e-15
427,random_matching,64,4,4,4,18,20261334,1.0,8,0.9999999999999999,1254.6325743902073,1.319648566338372,0.029869604613292498,0.08247803539614824,0.3621522320436772,7.50951288886828e-15
428,random_matching,64,4,4,4,19,20261335,0.1,1,0.9999999999999997,31.619639991838085,1.2904783793785621,0.002899936892955023,0.006452391896892812,0.4494359517052126,1.1105611377453961e-15
428,random_matching,64,4,4,4,19,20261335,0.1,2,0.9999999999999997,31.619639991838085,1.2904783793785621,0.0014494352385812238,0.003226195948446406,0.44927067721326974,1.7784950888134894e-15
428,random_matching,64,4,4,4,19,20261335,0.1,4,0.9999999999999997,31.619639991838085,1.2904783793785621,0.0007245981492125734,0.001613097974223203,0.44919661470749045,4.222975681596282e-15
428,random_matching,64,4,4,4,19,20261335,0.1,8,0.9999999999999997,31.619639991838085,1.2904783793785621,0.0003622709362763467,0.0008065489871116015,0.4491617273907996,7.331801116111884e-15
428,random_matching,64,4,4,4,19,20261335,1.0,1,0.9999999999999997,31.619639991838085,1.2904783793785621,0.2746315008477937,0.6452391896892811,0.425627434347322,1.1662070943420088e-15
428,random_matching,64,4,4,4,19,20261335,1.0,2,0.9999999999999997,31.619639991838085,1.2904783793785621,0.13601727142053485,0.32261959484464053,0.421602635407297,2.1605052489003525e-15
428,random_matching,64,4,4,4,19,20261335,1.0,4,0.9999999999999997,31.619639991838085,1.2904783793785621,0.06779744238315033,0.16130979742232027,0.42029339486213546,4.889017481284759e-15
428,random_matching,64,4,4,4,19,20261335,1.0,8,0.9999999999999997,31.619639991838085,1.2904783793785621,0.03386039411827079,0.08065489871116013,0.4198181965305173,1.0124395484340109e-14
429,random_matching,64,4,4,4,20,20261336,0.1,1,0.9999999999999997,101.06700166782807,1.077118357356765,0.0025162425124476287,0.005385591786783827,0.46721745948559557,8.885049450382846e-16
429,random_matching,64,4,4,4,20,20261336,0.1,2,0.9999999999999997,101.06700166782807,1.077118357356765,0.0012577741499192085,0.0026927958933919134,0.46708855766074586,2.2227262572931126e-15
429,random_matching,64,4,4,4,20,20261336,0.1,4,0.9999999999999997,101.06700166782807,1.077118357356765,0.0006288162490728105,0.0013463979466959567,0.46703595368361744,3.669169845027678e-15
429,random_matching,64,4,4,4,20,20261336,0.1,8,0.9999999999999997,101.06700166782807,1.077118357356765,0.00031439241429060614,0.0006731989733479783,0.4670126169786891,8.10690825712002e-15
429,random_matching,64,4,4,4,20,20261336,1.0,1,0.9999999999999997,101.06700166782807,1.077118357356765,0.23994727275808603,0.5385591786783825,0.44553557391206966,9.501707516570223e-16
429,random_matching,64,4,4,4,20,20261336,1.0,2,0.9999999999999997,101.06700166782807,1.077118357356765,0.11859072293632722,0.26927958933919127,0.44039996951624655,2.0877464031230363e-15
429,random_matching,64,4,4,4,20,20261336,1.0,4,0.9999999999999997,101.06700166782807,1.077118357356765,0.05909153311010828,0.13463979466959564,0.4388860905137159,4.1478844240168764e-15
429,random_matching,64,4,4,4,20,20261336,1.0,8,0.9999999999999997,101.06700166782807,1.077118357356765,0.029513216407873192,0.06731989733479782,0.43840257600359916,7.575747204602246e-15
430,random_matching,64,4,4,4,21,20261337,0.1,1,0.9999999999999997,346.283551819507,1.1299197257523392,0.0024310413070768714,0.005649598628761698,0.43030336610119807,1.0019571193503099e-15
430,random_matching,64,4,4,4,21,20261337,0.1,2,0.9999999999999997,346.283551819507,1.1299197257523392,0.0012154287682769249,0.002824799314380849,0.43027083803414456,2.0020184583306504e-15
430,random_matching,64,4,4,4,21,20261337,0.1,4,0.9999999999999997,346.283551819507,1.1299197257523392,0.0006077018397556569,0.0014123996571904244,0.43026195642422516,4.332253888733294e-15
430,random_matching,64,4,4,4,21,20261337,0.1,8,0.9999999999999997,346.283551819507,1.1299197257523392,0.0003038490830450281,0.0007061998285952122,0.4302593554142476,8.8865375323774e-15
430,random_matching,64,4,4,4,21,20261337,1.0,1,0.9999999999999997,346.283551819507,1.1299197257523392,0.23092882698130895,0.5649598628761696,0.4087526250195316,1.216638235947947e-15
430,random_matching,64,4,4,4,21,20261337,1.0,2,0.9999999999999997,346.283551819507,1.1299197257523392,0.1147330342572342,0.2824799314380848,0.4061634880507676,2.2868288333721827e-15
430,random_matching,64,4,4,4,21,20261337,1.0,4,0.9999999999999997,346.283551819507,1.1299197257523392,0.05728456120200211,0.1412399657190424,0.4055832278800874,3.592338492031324e-15
430,random_matching,64,4,4,4,21,20261337,1.0,8,0.9999999999999997,346.283551819507,1.1299197257523392,0.028631802150371262,0.0706199828595212,0.4054348498968948,8.431043535419214e-15
431,random_matching,64,4,4,4,22,20261338,0.1,1,1.0000000000000002,80.96606992216653,1.2600587642978611,0.0025437651257303414,0.0063002938214893065,0.4037534117939009,8.892039376230907e-16
431,random_matching,64,4,4,4,22,20261338,0.1,2,1.0000000000000002,80.96606992216653,1.2600587642978611,0.0012715596655537597,0.0031501469107446532,0.4036509094914496,2.0008055544563706e-15
431,random_matching,64,4,4,4,22,20261338,0.1,4,1.0000000000000002,80.96606992216653,1.2600587642978611,0.0006357098353965249,0.0015750734553723266,0.4036064687829124,2.8890194549168172e-15
431,random_matching,64,4,4,4,22,20261338,0.1,8,1.0000000000000002,80.96606992216653,1.2600587642978611,0.00031783875719238315,0.0007875367276861633,0.40358594846263884,9.108758688910155e-15
431,random_matching,64,4,4,4,22,20261338,1.0,1,1.0000000000000002,80.96606992216653,1.2600587642978611,0.24261831041502824,0.6300293821489306,0.38509046925318874,1.1955897081718934e-15
431,random_matching,64,4,4,4,22,20261338,1.0,2,1.0000000000000002,80.96606992216653,1.2600587642978611,0.12037965277416594,0.3150146910744653,0.3821398054915153,2.0538834160668917e-15
431,random_matching,64,4,4,4,22,20261338,1.0,4,1.0000000000000002,80.96606992216653,1.2600587642978611,0.06005276206813956,0.15750734553723264,0.38126959643252883,4.27918403876739e-15
431,random_matching,64,4,4,4,22,20261338,1.0,8,1.0000000000000002,80.96606992216653,1.2600587642978611,0.030003071320240753,0.07875367276861632,0.3809736138705788,8.208276727818809e-15
432,random_matching,64,4,4,4,23,20261339,0.1,1,0.9999999999999999,121.87407508078562,1.22342086735857,0.0024577375522256335,0.006117104336792851,0.40178120511088183,1.2266748809138555e-15
432,random_matching,64,4,4,4,23,20261339,0.1,2,0.9999999999999999,121.87407508078562,1.22342086735857,0.0012284161626753718,0.0030585521683964257,0.40163322220507375,2.004659816053132e-15
432,random_matching,64,4,4,4,23,20261339,0.1,4,0.9999999999999999,121.87407508078562,1.22342086735857,0.0006141120867900204,0.0015292760841982128,0.40157045097059396,3.5586295866597634e-15
432,random_matching,64,4,4,4,23,20261339,0.1,8,0.9999999999999999,121.87407508078562,1.22342086735857,0.00030703421299922376,0.0007646380420991064,0.40154190099716275,7.663777348776206e-15
432,random_matching,64,4,4,4,23,20261339,1.0,1,0.9999999999999999,121.87407508078562,1.22342086735857,0.23486913830617778,0.611710433679285,0.3839547690784,9.095474590002095e-16
432,random_matching,64,4,4,4,23,20261339,1.0,2,0.9999999999999999,121.87407508078562,1.22342086735857,0.11605625194447985,0.3058552168396425,0.3794483322654171,1.8882171183322607e-15
432,random_matching,64,4,4,4,23,20261339,1.0,4,0.9999999999999999,121.87407508078562,1.22342086735857,0.05779404764746543,0.15292760841982125,0.3779176843517199,4.350539730599073e-15
432,random_matching,64,4,4,4,23,20261339,1.0,8,0.9999999999999999,121.87407508078562,1.22342086735857,0.02885340527782398,0.07646380420991063,0.3773472373754095,7.430149614084134e-15
433,random_matching,128,2,2,2,0,20261340,0.1,1,0.9999999999999984,99311.64390982689,0.4772809029282766,0.0023853497554935446,0.0023864045146413833,0.999558013261638,6.702090501134887e-16
433,random_matching,128,2,2,2,0,20261340,0.1,2,0.9999999999999984,99311.64390982689,0.4772809029282766,0.0011924772817729508,0.0011932022573206916,0.9993924118536545,1.555195379800725e-15
433,random_matching,128,2,2,2,0,20261340,0.1,4,0.9999999999999984,99311.64390982689,0.4772809029282766,0.0005962139474676449,0.0005966011286603458,0.9993510216891973,2.6701102008012897e-15
433,random_matching,128,2,2,2,0,20261340,0.1,8,0.9999999999999984,99311.64390982689,0.4772809029282766,0.0002981038872463528,0.0002983005643301729,0.9993406747846363,7.115326422242292e-15
433,random_matching,128,2,2,2,0,20261340,1.0,1,0.9999999999999984,99311.64390982689,0.4772809029282766,0.22821030703383646,0.2386404514641383,0.9562934767919293,6.821056787906223e-16
433,random_matching,128,2,2,2,0,20261340,1.0,2,0.9999999999999984,99311.64390982689,0.4772809029282766,0.1123127096268294,0.11932022573206914,0.9412713472318184,1.3506526844575927e-15
433,random_matching,128,2,2,2,0,20261340,1.0,4,0.9999999999999984,99311.64390982689,0.4772809029282766,0.05593736385638851,0.05966011286603457,0.9376007045443342,2.5721807774790153e-15
433,random_matching,128,2,2,2,0,20261340,1.0,8,0.9999999999999984,99311.64390982689,0.4772809029282766,0.02794146506960713,0.029830056433017286,0.936688307390536,6.826216537773404e-15
434,random_matching,128,2,2,2,1,20261341,0.1,1,1.0000000000000004,53065738.66447402,0.4673691067974699,0.0023358495020386894,0.00233684553398735,0.9995737707374431,6.686023814537451e-16
434,random_matching,128,2,2,2,1,20261341,0.1,2,1.0000000000000004,53065738.66447402,0.4673691067974699,0.0011677381411131164,0.001168422766993675,0.9994140597907724,1.3322929516341465e-15
434,random_matching,128,2,2,2,1,20261341,0.1,4,1.0000000000000004,53065738.66447402,0.4673691067974699,0.0005838457479999154,0.0005842113834968375,0.9993741383559944,2.7755919179045968e-15
434,random_matching,128,2,2,2,1,20261341,0.1,8,1.0000000000000004,53065738.66447402,0.4673691067974699,0.0002919199587957271,0.00029210569174841877,0.9993641583921903,6.223300678132394e-15
434,random_matching,128,2,2,2,1,20261341,1.0,1,1.0000000000000004,53065738.66447402,0.4673691067974699,0.2237692731712849,0.23368455339873495,0.957569809029989,6.925650913510467e-16
434,random_matching,128,2,2,2,1,20261341,1.0,2,1.0000000000000004,53065738.66447402,0.4673691067974699,0.11016190605458796,0.11684227669936748,0.9428257405325304,1.8660608623646027e-15
434,random_matching,128,2,2,2,1,20261341,1.0,4,1.0000000000000004,53065738.66447402,0.4673691067974699,0.054868596551624294,0.05842113834968374,0.9391908152012468,1.9989910083765964e-15
434,random_matching,128,2,2,2,1,20261341,1.0,8,1.0000000000000004,53065738.66447402,0.4673691067974699,0.027407851708690558,0.02921056917484187,0.938285438556126,5.3429840793880995e-15
435,random_matching,128,2,2,2,2,20261342,0.1,1,1.0000000000000002,4053.15198859865,0.451975082482883,0.002258742694037587,0.0022598754124144153,0.9994987695469381,5.567942828358782e-16
435,random_matching,128,2,2,2,2,20261342,0.1,2,1.0000000000000002,4053.15198859865,0.451975082482883,0.0011291590596969171,0.0011299377062072076,0.9993108943032761,1.3324335243039334e-15
435,random_matching,128,2,2,2,2,20261342,0.1,4,1.0000000000000002,4053.15198859865,0.451975082482883,0.0005645530012449217,0.0005649688531036038,0.9992639384341319,2.89128014867106e-15
435,random_matching,128,2,2,2,2,20261342,0.1,8,1.0000000000000002,4053.15198859865,0.451975082482883,0.00028227318477611166,0.0002824844265518019,0.999252200277839,6.439402351133561e-15
435,random_matching,128,2,2,2,2,20261342,1.0,1,1.0000000000000002,4053.15198859865,0.451975082482883,0.2149020849933787,0.2259875412414415,0.9509466044580782,6.66462670490291e-16
435,random_matching,128,2,2,2,2,20261342,1.0,2,1.0000000000000002,4053.15198859865,0.451975082482883,0.10546662763123801,0.11299377062072075,0.9333844428048284,1.7327884529491192e-15
435,random_matching,128,2,2,2,2,20261342,1.0,4,1.0000000000000002,4053.15198859865,0.451975082482883,0.05249180753089598,0.05649688531036037,0.9291097596360778,2.7715141901888162e-15
435,random_matching,128,2,2,2,2,20261342,1.0,8,1.0000000000000002,4053.15198859865,0.451975082482883,0.02621591671256303,0.028248442655180186,0.9280482125182066,5.471438315253741e-15
436,random_matching,128,2,2,2,3,20261343,0.1,1,0.9999999999999994,4120.831389530084,0.4514374010113371,0.002256258732799253,0.002257187005056686,0.9995887481828695,6.665339193829934e-16
436,random_matching,128,2,2,2,3,20261343,0.1,2,0.9999999999999994,4120.831389530084,0.4514374010113371,0.0011279554350433728,0.001128593502528343,0.999434634805587,1.332432583971005e-15
436,random_matching,128,2,2,2,3,20261343,0.1,4,0.9999999999999994,4120.831389530084,0.4514374010113371,0.0005639559768529221,0.0005642967512641715,0.9993961077917143,2.6666671152592206e-15
436,random_matching,128,2,2,2,3,20261343,0.1,8,0.9999999999999994,4120.831389530084,0.4514374010113371,0.00028197527086685006,0.00028214837563208574,0.9993864761232529,5.44107888642695e-15
436,random_matching,128,2,2,2,3,20261343,1.0,1,0.9999999999999994,4120.831389530084,0.4514374010113371,0.21644089410980777,0.22571870050566856,0.9588965983984664,6.758636963869834e-16
436,random_matching,128,2,2,2,3,20261343,1.0,2,0.9999999999999994,4120.831389530084,0.4514374010113371,0.10659077052020811,0.11285935025283428,0.9444567090047664,1.6785316151647185e-15
436,random_matching,128,2,2,2,3,20261343,1.0,4,0.9999999999999994,4120.831389530084,0.4514374010113371,0.053091923490864,0.05642967512641714,0.9408511279202706,2.73455219355661e-15
436,random_matching,128,2,2,2,3,20261343,1.0,8,0.9999999999999994,4120.831389530084,0.4514374010113371,0.026520546997059167,0.02821483756320857,0.9399503696466885,5.333267157917183e-15
437,random_matching,128,2,2,2,4,20261344,0.1,1,0.9999999999999999,194808.86710923596,0.47264016502052475,0.0023620973159683683,0.002363200825102624,0.9995330447067664,6.68166809031481e-16
437,random_matching,128,2,2,2,4,20261344,0.1,2,0.9999999999999999,194808.86710923596,0.47264016502052475,0.0011808418901761058,0.001181600412551312,0.9993580550860096,1.5568626700325018e-15
437,random_matching,128,2,2,2,4,20261344,0.1,4,0.9999999999999999,194808.86710923596,0.47264016502052475,0.0005903951066153547,0.000590800206275656,0.9993143203810727,2.6672066093194292e-15
437,random_matching,128,2,2,2,4,20261344,0.1,8,0.9999999999999999,194808.86710923596,0.47264016502052475,0.0002951943237337006,0.000295400103137828,0.9993033875007437,5.888881012594194e-15
437,random_matching,128,2,2,2,4,20261344,1.0,1,0.9999999999999999,194808.86710923596,0.47264016502052475,0.22546995246427767,0.23632008251026237,0.9540871434592804,7.549831025356368e-16
437,random_matching,128,2,2,2,4,20261344,1.0,2,0.9999999999999999,194808.86710923596,0.47264016502052475,0.11083474263112278,0.11816004125513119,0.9380052804129306,1.4984636326646077e-15
437,random_matching,128,2,2,2,4,20261344,1.0,4,0.9999999999999999,194808.86710923596,0.47264016502052475,0.05518663101173004,0.059080020627565594,0.934099724839653,3.0067604048699175e-15
437,random_matching,128,2,2,2,4,20261344,1.0,8,0.9999999999999999,194808.86710923596,0.47264016502052475,0.027564685690028155,0.029540010313782797,0.9331305370996098,4.4906919028662015e-15
438,random_matching,128,2,2,2,5,20261345,0.1,1,1.0000000000000007,5265.534602919033,0.4006059830859696,0.0020019589778795164,0.0020030299154298486,0.9994653412102922,8.882999877969589e-16
438,random_matching,128,2,2,2,5,20261345,0.1,2,1.0000000000000007,5265.534602919033,0.4006059830859696,0.0010007787240314133,0.0010015149577149243,0.9992648799922161,1.3376082375926959e-15
438,random_matching,128,2,2,2,5,20261345,0.1,4,1.0000000000000007,5265.534602919033,0.4006059830859696,0.0005003642717979768,0.0005007574788574621,0.9992147754629996,3.3317285484593638e-15
438,random_matching,128,2,2,2,5,20261345,0.1,8,1.0000000000000007,5265.534602919033,0.4006059830859696,0.0002501789997907264,0.0002503787394287311,0.99920225000549,6.112810966043581e-15
438,random_matching,128,2,2,2,5,20261345,1.0,1,1.0000000000000007,5265.534602919033,0.4006059830859696,0.1898682235264402,0.2003029915429848,0.9479050815159427,8.330979807773638e-16
438,random_matching,128,2,2,2,5,20261345,1.0,2,1.0000000000000007,5265.534602919033,0.4006059830859696,0.09301500993148962,0.1001514957714924,0.9287430928012744,1.9237469956001787e-15
438,random_matching,128,2,2,2,5,20261345,1.0,4,1.0000000000000007,5265.534602919033,0.4006059830859696,0.046272819419831954,0.0500757478857462,0.9240564819003586,3.0005834219157835e-15
438,random_matching,128,2,2,2,5,20261345,1.0,8,1.0000000000000007,5265.534602919033,0.4006059830859696,0.02310724057894259,0.0250378739428731,0.9228914815876347,5.781899657686363e-15
439,random_matching,128,2,2,2,6,20261346,0.1,1,0.9999999999999997,4017.028393648519,0.4584153115818148,0.0022908999542988868,0.0022920765579090745,0.9994866647860745,8.888558746600482e-16
439,random_matching,128,2,2,2,6,20261346,0.1,2,0.9999999999999997,4017.028393648519,0.4584153115818148,0.0011452294832518667,0.0011460382789545373,0.9992942681605641,1.336359954673273e-15
439,random_matching,128,2,2,2,6,20261346,0.1,4,0.9999999999999997,4017.028393648519,0.4584153115818148,0.0005725871887644706,0.0005730191394772686,0.9992461844936068,3.110102019680853e-15
439,random_matching,128,2,2,2,6,20261346,0.1,8,0.9999999999999997,4017.028393648519,0.4584153115818148,0.00028629015055287477,0.0002865095697386343,0.9992341645482917,5.995225897520934e-15
439,random_matching,128,2,2,2,6,20261346,1.0,1,0.9999999999999997,4017.028393648519,0.4584153115818148,0.2177174087570346,0.2292076557909074,0.9498697066019702,6.786869560187279e-16
439,random_matching,128,2,2,2,6,20261346,1.0,2,0.9999999999999997,4017.028393648519,0.4584153115818148,0.10682185939862947,0.1146038278954537,0.9320967838532997,2.0227900648769742e-15
439,random_matching,128,2,2,2,6,20261346,1.0,4,0.9999999999999997,4017.028393648519,0.4584153115818148,0.053164194610346806,0.05730191394772685,0.9277909051841682,2.748251355952327e-15
439,random_matching,128,2,2,2,6,20261346,1.0,8,0.9999999999999997,4017.028393648519,0.4584153115818148,0.02655149237055825,0.028650956973863426,0.9267227057993074,4.649883663642174e-15
440,random_matching,128,2,2,2,7,20261347,0.1,1,1.0,2732.450431405079,0.454232027499134,0.0022699150894540765,0.0022711601374956706,0.9994518008567344,6.661433514172164e-16
440,random_matching,128,2,2,2,7,20261347,0.1,2,1.0,2732.450431405079,0.454232027499134,0.0011347241892570605,0.0011355800687478353,0.9992463063465717,1.55477588036518e-15
440,random_matching,128,2,2,2,7,20261347,0.1,4,1.0,2732.450431405079,0.454232027499134,0.0005673329349941485,0.0005677900343739176,0.9991949499778151,3.109571269594958e-15
440,random_matching,128,2,2,2,7,20261347,0.1,8,1.0,2732.450431405079,0.454232027499134,0.0002836628228492865,0.0002838950171869588,0.9991821119652853,6.664183022711866e-15
440,random_matching,128,2,2,2,7,20261347,1.0,1,1.0,2732.450431405079,0.454232027499134,0.2150106223543922,0.227116013749567,0.946699525078302,8.926547774531548e-16
440,random_matching,128,2,2,2,7,20261347,1.0,2,1.0,2732.450431405079,0.454232027499134,0.10532660099459583,0.1135580068747835,0.9275136460499509,1.5589415865798335e-15
440,random_matching,128,2,2,2,7,20261347,1.0,4,1.0,2732.450431405079,0.454232027499134,0.05239987259640548,0.05677900343739175,0.9228741158549043,2.6171071463623227e-15
440,random_matching,128,2,2,2,7,20261347,1.0,8,1.0,2732.450431405079,0.454232027499134,0.02616727848182062,0.028389501718695875,0.9217237675076272,5.195333122643144e-15
441,random_matching,128,2,2,2,8,20261348,0.1,1,0.9999999999999998,595.548604652702,0.4632264801392819,0.002314876255965642,0.00231613240069641,0.9994576541779778,6.684474660267819e-16
441,random_matching,128,2,2,2,8,20261348,0.1,2,0.9999999999999998,595.548604652702,0.4632264801392819,0.0011572027326579937,0.001158066200348205,0.9992543883156666,1.5578522441368663e-15
441,random_matching,128,2,2,2,8,20261348,0.1,4,0.9999999999999998,595.548604652702,0.4632264801392819,0.0005785719532690151,0.0005790331001741025,0.9992035914614402,3.55505964069719e-15
441,random_matching,128,2,2,2,8,20261348,0.1,8,0.9999999999999998,595.548604652702,0.4632264801392819,0.0002892823003572185,0.00028951655008705124,0.9991908934747865,6.3323760547378005e-15
441,random_matching,128,2,2,2,8,20261348,1.0,1,0.9999999999999998,595.548604652702,0.4632264801392819,0.21942455837117308,0.23161324006964096,0.9473748491459166,6.666425111779869e-16
441,random_matching,128,2,2,2,8,20261348,1.0,2,0.9999999999999998,595.548604652702,0.4632264801392819,0.10756036116674655,0.11580662003482048,0.9287928542807444,1.6521406559722071e-15
441,random_matching,128,2,2,2,8,20261348,1.0,4,0.9999999999999998,595.548604652702,0.4632264801392819,0.05352127080021333,0.05790331001741024,0.924321438344728,2.8833059934437114e-15
441,random_matching,128,2,2,2,8,20261348,1.0,8,0.9999999999999998,595.548604652702,0.4632264801392819,0.026728571881490228,0.02895165500870512,0.9232139535184962,5.108910685403538e-15
442,random_matching,128,2,2,2,9,20261349,0.1,1,1.0000000000000004,47964.00998451755,0.47846830210049157,0.002391115269891544,0.0023923415105024585,0.9994874307846388,6.688840513962177e-16
442,random_matching,128,2,2,2,9,20261349,0.1,2,1.0000000000000004,47964.00998451755,0.47846830210049157,0.001195327875691252,0.0011961707552512293,0.9992953518080283,1.33328087436898e-15
442,random_matching,128,2,2,2,9,20261349,0.1,4,1.0000000000000004,47964.00998451755,0.47846830210049157,0.0005976352288940518,0.0005980853776256146,0.9992473503810612,2.2248043180328343e-15
442,random_matching,128,2,2,2,9,20261349,0.1,8,1.0000000000000004,47964.00998451755,0.47846830210049157,0.0002988140261704145,0.0002990426888128073,0.9992353511690903,6.221999557110497e-15
442,random_matching,128,2,2,2,9,20261349,1.0,1,1.0000000000000004,47964.00998451755,0.47846830210049157,0.22725099251615866,0.23923415105024579,0.9499103347850603,7.789262936853216e-16
442,random_matching,128,2,2,2,9,20261349,1.0,2,1.0000000000000004,47964.00998451755,0.47846830210049157,0.11153550038125552,0.11961707552512289,0.9324379474386162,1.5639637191179616e-15
442,random_matching,128,2,2,2,9,20261349,1.0,4,1.0000000000000004,47964.00998451755,0.47846830210049157,0.05551616515931197,0.059808537762561446,0.9282314404627297,2.5957433342793713e-15
442,random_matching,128,2,2,2,9,20261349,1.0,8,1.0000000000000004,47964.00998451755,0.47846830210049157,0.027726924222026095,0.029904268881280723,0.9271895036826134,5.268929543297372e-15
443,random_matching,128,2,2,2,10,20261350,0.1,1,0.9999999999999998,7201.793122054479,0.4453243353024893,0.0022253835360086854,0.002226621676512447,0.9994439376402278,7.792048473043175e-16
443,random_matching,128,2,2,2,10,20261350,0.1,2,0.9999999999999998,7201.793122054479,0.4453243353024893,0.0011124597059294836,0.0011133108382562235,0.9992354944392053,1.559494600251639e-15
443,random_matching,128,2,2,2,10,20261350,0.1,4,0.9999999999999998,7201.793122054479,0.4453243353024893,0.0005562008556992287,0.0005566554191281117,0.9991834024905478,2.891091224595989e-15
443,random_matching,128,2,2,2,10,20261350,0.1,8,0.9999999999999998,7201.793122054479,0.4453243353024893,0.0002780968035190163,0.0002783277095640559,0.9991703806803813,5.552239262402564e-15
443,random_matching,128,2,2,2,10,20261350,1.0,1,0.9999999999999998,7201.793122054479,0.4453243353024893,0.21066522299500856,0.22266216765124466,0.94612041738933,7.798966959667779e-16
443,random_matching,128,2,2,2,10,20261350,1.0,2,0.9999999999999998,7201.793122054479,0.4453243353024893,0.1031711445500951,0.11133108382562233,0.9267056513317689,2.126758745846727e-15
443,random_matching,128,2,2,2,10,20261350,1.0,4,0.9999999999999998,7201.793122054479,0.4453243353024893,0.05132532244215212,0.055665541912811166,0.9220304101690572,2.676729189438947e-15
443,random_matching,128,2,2,2,10,20261350,1.0,8,0.9999999999999998,7201.793122054479,0.4453243353024893,0.025630420369665948,0.027832770956405583,0.9208720328209803,5.4643868166581495e-15
444,random_matching,128,2,2,2,11,20261351,0.1,1,0.9999999999999999,823.3492509600978,0.540161170978281,0.002699230706210767,0.0027008058548914056,0.9994167856686974,8.888634289221661e-16
444,random_matching,128,2,2,2,11,20261351,0.1,2,0.9999999999999999,823.3492509600978,0.540161170978281,0.0013493200407355575,0.0013504029274457028,0.9991981010347826,1.5563221816156134e-15
444,random_matching,128,2,2,2,11,20261351,0.1,4,0.9999999999999999,823.3492509600978,0.540161170978281,0.0006746231012699998,0.0006752014637228514,0.9991434223947581,3.109789401201427e-15
444,random_matching,128,2,2,2,11,20261351,0.1,8,0.9999999999999999,823.3492509600978,0.540161170978281,0.00033730693559036164,0.0003376007318614257,0.9991297522684736,6.452098766273784e-15
444,random_matching,128,2,2,2,11,20261351,1.0,1,0.9999999999999999,823.3492509600978,0.540161170978281,0.2547124980552433,0.2700805854891405,0.9430981408527971,6.981753343757931e-16
444,random_matching,128,2,2,2,11,20261351,1.0,2,0.9999999999999999,823.3492509600978,0.540161170978281,0.12450090357832565,0.13504029274457025,0.9219537446784128,1.6042793838831935e-15
444,random_matching,128,2,2,2,11,20261351,1.0,4,0.9999999999999999,823.3492509600978,0.540161170978281,0.061888302602963706,0.06752014637228512,0.9165901723869321,3.091155023521164e-15
444,random_matching,128,2,2,2,11,20261351,1.0,8,0.9999999999999999,823.3492509600978,0.540161170978281,0.03089876939390217,0.03376007318614256,0.9152459244841074,4.984484161881042e-15
445,random_matching,128,2,2,2,12,20261352,0.1,1,1.0,1115.3932787283893,0.4640580528621738,0.0023190861835804305,0.0023202902643108692,0.9994810646112001,7.7919186775670195e-16
445,random_matching,128,2,2,2,12,20261352,0.1,2,1.0,1115.3932787283893,0.4640580528621738,0.0011593174491063734,0.0011601451321554346,0.999286569390225,8.90084224892457e-16
445,random_matching,128,2,2,2,12,20261352,0.1,4,1.0,1115.3932787283893,0.4640580528621738,0.0005796305293054718,0.0005800725660777173,0.9992379629755042,2.6662966519180157e-15
445,random_matching,128,2,2,2,12,20261352,0.1,8,1.0,1115.3932787283893,0.4640580528621738,0.00028981174056198875,0.00029003628303885865,0.999225812458644,5.114889552222674e-15
445,random_matching,128,2,2,2,12,20261352,1.0,1,1.0,1115.3932787283893,0.4640580528621738,0.22029921504413646,0.2320290264310869,0.949446793069943,9.256167547907058e-16
445,random_matching,128,2,2,2,12,20261352,1.0,2,1.0,1115.3932787283893,0.4640580528621738,0.10807154412573292,0.11601451321554344,0.9315346944993573,1.601608483716508e-15
445,random_matching,128,2,2,2,12,20261352,1.0,4,1.0,1115.3932787283893,0.4640580528621738,0.05378510057907871,0.05800725660777172,0.9272133130300919,3.1455557957675054e-15
445,random_matching,128,2,2,2,12,20261352,1.0,8,1.0,1115.3932787283893,0.4640580528621738,0.02686149039907859,0.02900362830388586,0.9261424163086427,5.4522991640799216e-15
446,random_matching,128,2,2,2,13,20261353,0.1,1,0.9999999999999997,4442.034413172297,0.40509328475645917,0.002024708607322132,0.0020254664237822962,0.9996258558269511,6.674786564989615e-16
446,random_matching,128,2,2,2,13,20261353,0.1,2,0.9999999999999997,4442.034413172297,0.40509328475645917,0.0010122123162514141,0.0010127332118911481,0.999485653641435,1.555051221671044e-15
446,random_matching,128,2,2,2,13,20261353,0.1,4,0.9999999999999997,4442.034413172297,0.40509328475645917,0.0005060884145108883,0.0005063666059455741,0.9994506125968432,2.8891396236990618e-15
446,random_matching,128,2,2,2,13,20261353,0.1,8,0.9999999999999997,4442.034413172297,0.40509328475645917,0.0002530419894541165,0.00025318330297278703,0.9994418529302237,5.551711252803033e-15
446,random_matching,128,2,2,2,13,20261353,1.0,1,0.9999999999999997,4442.034413172297,0.40509328475645917,0.19503715980822978,0.20254664237822959,0.9629246751176609,7.913388408625077e-16
446,random_matching,128,2,2,2,13,20261353,1.0,2,0.9999999999999997,4442.034413172297,0.40509328475645917,0.09620902660981438,0.10127332118911479,0.9499937938260808,1.6345504496101615e-15
446,random_matching,128,2,2,2,13,20261353,1.0,4,0.9999999999999997,4442.034413172297,0.40509328475645917,0.04794517276973345,0.050636660594557396,0.9468470512624358,3.2389979459591645e-15
446,random_matching,128,2,2,2,13,20261353,1.0,8,0.9999999999999997,4442.034413172297,0.40509328475645917,0.02395280318852237,0.025318330297278698,0.9460656728653587,6.983000452470925e-15
447,random_matching,128,2,2,2,14,20261354,0.1,1,1.0000000000000018,6277.4221904393235,0.4350389428721516,0.002174025238124056,0.0021751947143607586,0.9994623579080155,6.666944746477104e-16
447,random_matching,128,2,2,2,14,20261354,0.1,2,1.0000000000000018,6277.4221904393235,0.4350389428721516,0.001086793400816344,0.0010875973571803793,0.999260795956585,1.33573666650769e-15
447,random_matching,128,2,2,2,14,20261354,0.1,4,1.0000000000000018,6277.4221904393235,0.4350389428721516,0.000543369306021712,0.0005437986785901896,0.9992104199855896,3.112999576816108e-15
447,random_matching,128,2,2,2,14,20261354,0.1,8,1.0000000000000018,6277.4221904393235,0.4350389428721516,0.00027168122895980746,0.0002718993392950948,0.9991978269022175,6.44225556603448e-15
447,random_matching,128,2,2,2,14,20261354,1.0,1,1.0000000000000018,6277.4221904393235,0.4350389428721516,0.20615246417750777,0.2175194714360758,0.9477425759472363,8.927315815111241e-16
447,random_matching,128,2,2,2,14,20261354,1.0,2,1.0000000000000018,6277.4221904393235,0.4350389428721516,0.10100387255891648,0.1087597357180379,0.928688102192261,1.793130280146761e-15
447,random_matching,128,2,2,2,14,20261354,1.0,4,1.0000000000000018,6277.4221904393235,0.4350389428721516,0.050250302042088094,0.05437986785901895,0.9240607603601235,2.4530699157714826e-15
447,random_matching,128,2,2,2,14,20261354,1.0,8,1.0000000000000018,6277.4221904393235,0.4350389428721516,0.025093927333559616,0.027189933929509476,0.9229124056945558,6.666965547505991e-15
448,random_matching,128,2,2,2,15,20261355,0.1,1,0.9999999999999994,122139.3091804432,0.4316755592763964,0.0021574313400788132,0.0021583777963819824,0.9995614964605567,6.661753846896153e-16
448,random_matching,128,2,2,2,15,20261355,0.1,2,0.9999999999999994,122139.3091804432,0.4316755592763964,0.0010785383340334385,0.0010791888981909912,0.9993971730448272,1.443794424029394e-15
448,random_matching,128,2,2,2,15,20261355,0.1,4,0.9999999999999994,122139.3091804432,0.4316755592763964,0.0005392470051717251,0.0005395944490954956,0.9993561017457594,2.442768553909948e-15
448,random_matching,128,2,2,2,15,20261355,0.1,8,0.9999999999999994,122139.3091804432,0.4316755592763964,0.00026962073251687,0.0002697972245477478,0.9993458345200784,5.774207264081351e-15
448,random_matching,128,2,2,2,15,20261355,1.0,1,0.9999999999999994,122139.3091804432,0.4316755592763964,0.20651655826142568,0.2158377796381982,0.9568137635941336,6.939861210769287e-16
448,random_matching,128,2,2,2,15,20261355,1.0,2,0.9999999999999994,122139.3091804432,0.4316755592763964,0.10162703780016549,0.1079188898190991,0.9416983252007093,1.5564351452782304e-15
448,random_matching,128,2,2,2,15,20261355,1.0,4,0.9999999999999994,122139.3091804432,0.4316755592763964,0.050613839947037984,0.05395944490954955,0.9379977876325508,2.6666505583586616e-15
448,random_matching,128,2,2,2,15,20261355,1.0,8,0.9999999999999994,122139.3091804432,0.4316755592763964,0.025282091589418097,0.026979722454774775,0.9370775267165049,5.305117322265854e-15
449,random_matching,128,2,2,2,16,20261356,0.1,1,1.0000000000000002,288269.9572695109,0.4571882417586576,0.0022848479327174376,0.0022859412087932883,0.9995217391979964,6.664309779639255e-16
449,random_matching,128,2,2,2,16,20261356,0.1,2,1.0000000000000002,288269.9572695109,0.4571882417586576,0.0011422190828475163,0.0011429706043966442,0.9993424839219512,1.1115691427302614e-15
449,random_matching,128,2,2,2,16,20261356,0.1,4,1.0000000000000002,288269.9572695109,0.4571882417586576,0.0005710839368504477,0.0005714853021983221,0.9992976803667033,2.445019746060338e-15
449,random_matching,128,2,2,2,16,20261356,0.1,8,1.0000000000000002,288269.9572695109,0.4571882417586576,0.00028553876803677416,0.00028574265109916104,0.9992864801190771,5.114356748904181e-15
449,random_matching,128,2,2,2,16,20261356,1.0,1,1.0000000000000002,288269.9572695109,0.4571882417586576,0.21784676169557696,0.2285941208793288,0.9529849711689428,1.0422130783862449e-15
449,random_matching,128,2,2,2,16,20261356,1.0,2,1.0000000000000002,288269.9572695109,0.4571882417586576,0.1070086350389579,0.1142970604396644,0.9362326084969268,1.4140095925040746e-15
449,random_matching,128,2,2,2,16,20261356,1.0,4,1.0000000000000002,288269.9572695109,0.4571882417586576,0.0532702556010751,0.0571485302198322,0.9321369315389458,2.3760834454335078e-15
449,random_matching,128,2,2,2,16,20261356,1.0,8,1.0000000000000002,288269.9572695109,0.4571882417586576,0.026606038683369505,0.0285742651099161,0.9311189135057208,5.622515905106638e-15
450,random_matching,128,2,2,2,17,20261357,0.1,1,0.9999999999999998,48773.73898228649,0.4759923186430222,0.0023786492762156238,0.0023799615932151115,0.9994485974045846,6.663304985638401e-16
450,random_matching,128,2,2,2,17,20261357,0.1,2,0.9999999999999998,48773.73898228649,0.4759923186430222,0.001189078725504091,0.0011899807966075557,0.9992419448229447,1.5546826359470133e-15
450,random_matching,128,2,2,2,17,20261357,0.1,4,0.9999999999999998,48773.73898228649,0.4759923186430222,0.0005945086356767318,0.0005949903983037779,0.999190301846182,2.442573593067515e-15
450,random_matching,128,2,2,2,17,20261357,0.1,8,0.9999999999999998,48773.73898228649,0.4759923186430222,0.00029725047732898194,0.00029749519915188893,0.9991773923626174,6.441857909695208e-15
450,random_matching,128,2,2,2,17,20261357,1.0,1,0.9999999999999998,48773.73898228649,0.4759923186430222,0.22524152444191914,0.2379961593215111,0.9464082323178937,6.919153939681866e-16
450,random_matching,128,2,2,2,17,20261357,1.0,2,0.9999999999999998,48773.73898228649,0.4759923186430222,0.11037461166908644,0.11899807966075555,0.9275327129962665,2.3613519445896827e-15
450,random_matching,128,2,2,2,17,20261357,1.0,4,0.9999999999999998,48773.73898228649,0.4759923186430222,0.054916913806424675,0.05949903983037778,0.9229882358267292,2.9525918898971087e-15
450,random_matching,128,2,2,2,17,20261357,1.0,8,0.9999999999999998,48773.73898228649,0.4759923186430222,0.027424966424545807,0.02974951991518889,0.9218624872848364,5.4693852111774494e-15
451,random_matching,128,2,2,2,18,20261358,0.1,1,0.9999999999999983,76780.07266260165,0.47552393963724193,0.0023764153413033326,0.0023776196981862103,0.9994934610931275,7.783055118256391e-16
451,random_matching,128,2,2,2,18,20261358,0.1,2,0.9999999999999983,76780.07266260165,0.47552393963724193,0.001187982022818283,0.0011888098490931052,0.9993036512311421,1.3338383742705528e-15
451,random_matching,128,2,2,2,18,20261358,0.1,4,0.9999999999999983,76780.07266260165,0.47552393963724193,0.0005939628157948093,0.0005944049245465526,0.9992562162029855,2.7771650750647073e-15
451,random_matching,128,2,2,2,18,20261358,0.1,8,0.9999999999999983,76780.07266260165,0.47552393963724193,0.00029697788376940756,0.0002972024622732763,0.9992443585354208,6.441845334536559e-15
451,random_matching,128,2,2,2,18,20261358,1.0,1,0.9999999999999983,76780.07266260165,0.47552393963724193,0.2259941108843128,0.23776196981862097,0.9505057139992346,7.08593663151999e-16
451,random_matching,128,2,2,2,18,20261358,1.0,2,0.9999999999999983,76780.07266260165,0.47552393963724193,0.11095693166088617,0.11888098490931048,0.9333446534408404,1.658981033258616e-15
451,random_matching,128,2,2,2,18,20261358,1.0,4,0.9999999999999983,76780.07266260165,0.47552393963724193,0.05523240690368399,0.05944049245465524,0.9292050691844211,2.4690048904568605e-15
451,random_matching,128,2,2,2,18,20261358,1.0,8,0.9999999999999983,76780.07266260165,0.47552393963724193,0.02758571294261088,0.02972024622732762,0.9281791520706162,5.427818626850418e-15
452,random_matching,128,2,2,2,19,20261359,0.1,1,1.0000000000000002,216832.7376916307,0.4509584955658511,0.0022537435417351454,0.002254792477829256,0.9995347970580776,6.664639432153922e-16
452,random_matching,128,2,2,2,19,20261359,0.1,2,1.0000000000000002,216832.7376916307,0.4509584955658511,0.0011266752484068395,0.001127396238914628,0.9993604817162752,1.3333436021062237e-15
452,random_matching,128,2,2,2,19,20261359,0.1,4,1.0000000000000002,216832.7376916307,0.4509584955658511,0.000563313068119583,0.000563698119457314,0.9993169192437581,3.0010077014484443e-15
452,random_matching,128,2,2,2,19,20261359,0.1,8,1.0000000000000002,216832.7376916307,0.4509584955658511,0.00028165346483771913,0.000281849059728657,0.9993060296488973,6.451168189717021e-15
452,random_matching,128,2,2,2,19,20261359,1.0,1,1.0000000000000002,216832.7376916307,0.4509584955658511,0.215216900762856,0.22547924778292555,0.9544865120804847,8.939628385925997e-16
452,random_matching,128,2,2,2,19,20261359,1.0,2,1.0000000000000002,216832.7376916307,0.4509584955658511,0.10583392238618301,0.11273962389146278,0.9387464560647457,1.4406984180017576e-15
452,random_matching,128,2,2,2,19,20261359,1.0,4,1.0000000000000002,216832.7376916307,0.4509584955658511,0.052703166209793026,0.05636981194573139,0.9349537348205396,3.2603622623549253e-15
452,random_matching,128,2,2,2,19,20261359,1.0,8,1.0000000000000002,216832.7376916307,0.4509584955658511,0.02632509807336138,0.028184905972865694,0.9340140463376108,7.362973184963848e-15
453,random_matching,128,2,2,2,20,20261360,0.1,1,1.0000000000000004,2189.1369725383847,0.47145891739801377,0.002356125471630441,0.002357294586990069,0.9995040435904445,6.698116520480654e-16
453,random_matching,128,2,2,2,20,20261360,0.1,2,1.0000000000000004,2189.1369725383847,0.47145891739801377,0.001177843700526646,0.0011786472934950346,0.9993182074291236,1.8894402558527253e-15
453,random_matching,128,2,2,2,20,20261360,0.1,4,1.0000000000000004,2189.1369725383847,0.47145891739801377,0.0005888944822767102,0.0005893236467475173,0.9992717677745061,2.4446429951016657e-15
453,random_matching,128,2,2,2,20,20261360,0.1,8,1.0000000000000004,2189.1369725383847,0.47145891739801377,0.00029444382049703243,0.00029466182337375865,0.9992601590724235,4.996896456222946e-15
453,random_matching,128,2,2,2,20,20261360,1.0,1,1.0000000000000004,2189.1369725383847,0.47145891739801377,0.2243183936931299,0.23572945869900688,0.951592537187101,9.041390449157306e-16
453,random_matching,128,2,2,2,20,20261360,1.0,2,1.0000000000000004,2189.1369725383847,0.47145891739801377,0.11019068606399016,0.11786472934950344,0.9348910965318769,1.7816495650147467e-15
453,random_matching,128,2,2,2,20,20261360,1.0,4,1.0000000000000004,2189.1369725383847,0.47145891739801377,0.0548594208884607,0.05893236467475172,0.9308878269390743,2.9589713436836284e-15
453,random_matching,128,2,2,2,20,20261360,1.0,8,1.0000000000000004,2189.1369725383847,0.47145891739801377,0.02740052188260532,0.02946618233737586,0.9298972486113211,4.6893596332095794e-15
454,random_matching,128,2,2,2,21,20261361,0.1,1,0.9999999999999994,15495.110426251724,0.44787092569854176,0.00223838495095772,0.002239354628492709,0.9995669834859333,6.668127384130711e-16
454,random_matching,128,2,2,2,21,20261361,0.1,2,0.9999999999999994,15495.110426251724,0.44787092569854176,0.0011190107795515888,0.0011196773142463545,0.999404708225946,1.334174734032972e-15
454,random_matching,128,2,2,2,21,20261361,0.1,4,0.9999999999999994,15495.110426251724,0.44787092569854176,0.0005594826811058621,0.0005598386571231773,0.9993641453429736,2.8896353336797705e-15
454,random_matching,128,2,2,2,21,20261361,0.1,8,0.9999999999999994,15495.110426251724,0.44787092569854176,0.00027973850207376307,0.00027991932856158864,0.9993540049958152,5.670032093312107e-15
454,random_matching,128,2,2,2,21,20261361,1.0,1,0.9999999999999994,15495.110426251724,0.44787092569854176,0.21431595590155783,0.22393546284927088,0.9570433962297974,6.745041626836248e-16
454,random_matching,128,2,2,2,21,20261361,1.0,2,0.9999999999999994,15495.110426251724,0.44787092569854176,0.10546455989219439,0.11196773142463544,0.9419192346786245,1.7068408148425909e-15
454,random_matching,128,2,2,2,21,20261361,1.0,4,0.9999999999999994,15495.110426251724,0.44787092569854176,0.052523233433145994,0.05598386571231772,0.9381851854076181,2.6768490162576493e-15
454,random_matching,128,2,2,2,21,20261361,1.0,8,0.9999999999999994,15495.110426251724,0.44787092569854176,0.026235572038030574,0.02799193285615886,0.9372547502470218,5.203349515493621e-15
455,random_matching,128,2,2,2,22,20261362,0.1,1,1.0000000000000007,1779.829168589957,0.4598647134471998,0.002298076139763891,0.0022993235672359993,0.9994574806739324,4.458272404549418e-16
455,random_matching,128,2,2,2,22,20261362,0.1,2,1.0000000000000007,1779.829168589957,0.4598647134471998,0.0011488042923993602,0.0011496617836179997,0.9992541361025841,1.7767122941968457e-15
455,random_matching,128,2,2,2,22,20261362,0.1,4,1.0000000000000007,1779.829168589957,0.4598647134471998,0.0005743729342984862,0.0005748308918089998,0.9992033178504509,2.6672578890582206e-15
455,random_matching,128,2,2,2,22,20261362,0.1,8,1.0000000000000007,1779.829168589957,0.4598647134471998,0.0002871828159837355,0.0002874154459044999,0.99919061440824,5.333165630578827e-15
455,random_matching,128,2,2,2,22,20261362,1.0,1,1.0000000000000007,1779.829168589957,0.4598647134471998,0.21778139219327727,0.2299323567235999,0.9471541774134502,6.694938461987526e-16
455,random_matching,128,2,2,2,22,20261362,1.0,2,1.0000000000000007,1779.829168589957,0.4598647134471998,0.10672573057076858,0.11496617836179995,0.9283228519165124,1.558937477864789e-15
455,random_matching,128,2,2,2,22,20261362,1.0,4,1.0000000000000007,1779.829168589957,0.4598647134471998,0.0531014044005329,0.05748308918089998,0.9237743683785355,2.920643976666904e-15
455,random_matching,128,2,2,2,22,20261362,1.0,8,1.0000000000000007,1779.829168589957,0.4598647134471998,0.02651829641702181,0.02874154459044999,0.9226468791045106,4.893823189179362e-15
456,random_matching,128,2,2,2,23,20261363,0.1,1,0.9999999999999992,866.3572673533612,0.46677513596486153,0.002332628430257422,0.002333875679824308,0.9994655886868061,6.663138497848018e-16
456,random_matching,128,2,2,2,23,20261363,0.1,2,0.9999999999999992,866.3572673533612,0.46677513596486153,0.0011660804814848569,0.001166937839912154,0.9992652921192772,1.3329878965123919e-15
456,random_matching,128,2,2,2,23,20261363,0.1,4,0.9999999999999992,866.3572673533612,0.46677513596486153,0.0005830110350489678,0.000583468919956077,0.9992152368507586,2.668128040146692e-15
456,random_matching,128,2,2,2,23,20261363,0.1,8,0.9999999999999992,866.3572673533612,0.46677513596486153,0.000291501867157512,0.0002917344599780385,0.9992027242152195,5.228048316396919e-15
456,random_matching,128,2,2,2,23,20261363,1.0,1,0.9999999999999992,866.3572673533612,0.46677513596486153,0.22124356725253008,0.23338756798243077,0.9479663769802217,7.93627414585474e-16
456,random_matching,128,2,2,2,23,20261363,1.0,2,0.9999999999999992,866.3572673533612,0.46677513596486153,0.10846855833511646,0.11669378399121538,0.9295144490582453,1.5756671377133428e-15
456,random_matching,128,2,2,2,23,20261363,1.0,4,0.9999999999999992,866.3572673533612,0.46677513596486153,0.05397495629668849,0.05834689199560769,0.9250699471833338,2.7271036481410625e-15
456,random_matching,128,2,2,2,23,20261363,1.0,8,0.9999999999999992,866.3572673533612,0.46677513596486153,0.026955357558001495,0.029173445997803846,0.9239689257152094,4.884307610463669e-15
457,random_matching,128,4,4,4,0,20261364,0.1,1,0.9999999999999992,839.7294888883323,1.2970345903596818,0.0025567956322651163,0.00648517295179841,0.3942524973919298,8.899987789305165e-16
457,random_matching,128,4,4,4,0,20261364,0.1,2,0.9999999999999992,839.7294888883323,1.2970345903596818,0.0012782713540407833,0.003242586475899205,0.3942134970159291,1.7794968467212393e-15
457,random_matching,128,4,4,4,0,20261364,0.1,4,0.9999999999999992,839.7294888883323,1.2970345903596818,0.0006391191285436649,0.0016212932379496025,0.3942032900550047,4.0025351825773015e-15
457,random_matching,128,4,4,4,0,20261364,0.1,8,0.9999999999999992,839.7294888883323,1.2970345903596818,0.00031955731003600326,0.0008106466189748013,0.39420050926769684,9.548276205980428e-15
457,random_matching,128,4,4,4,0,20261364,1.0,1,0.9999999999999992,839.7294888883323,1.2970345903596818,0.2411039412763076,0.6485172951798409,0.3717771955633764,1.0275892769922893e-15
457,random_matching,128,4,4,4,0,20261364,1.0,2,0.9999999999999992,839.7294888883323,1.2970345903596818,0.11951237117323386,0.32425864758992046,0.3685711146380199,2.121395459578265e-15
457,random_matching,128,4,4,4,0,20261364,1.0,4,0.9999999999999992,839.7294888883323,1.2970345903596818,0.0596220340288586,0.16212932379496023,0.36774367914012074,3.482007734932191e-15
457,random_matching,128,4,4,4,0,20261364,1.0,8,0.9999999999999992,839.7294888883323,1.2970345903596818,0.029792942938529444,0.08106466189748011,0.3675207203874806,8.960283936630557e-15
458,random_matching,128,4,4,4,1,20261365,0.1,1,1.0000000000000002,101.19046792071536,1.4006064037101145,0.0025730152707450207,0.007003032018550574,0.3674144661811158,8.910086998895556e-16
458,random_matching,128,4,4,4,1,20261365,0.1,2,1.0000000000000002,101.19046792071536,1.4006064037101145,0.0012856977886643182,0.003501516009275287,0.36718318158722935,1.777710559844207e-15
458,random_matching,128,4,4,4,1,20261365,0.1,4,1.0000000000000002,101.19046792071536,1.4006064037101145,0.0006426616303648931,0.0017507580046376434,0.3670762199358932,4.335745292199377e-15
458,random_matching,128,4,4,4,1,20261365,0.1,8,1.0000000000000002,101.19046792071536,1.4006064037101145,0.000321285930038878,0.0008753790023188217,0.36702494483853576,7.107807936821876e-15
458,random_matching,128,4,4,4,1,20261365,1.0,1,1.0000000000000002,101.19046792071536,1.4006064037101145,0.24690264998208614,0.7003032018550572,0.35256535930159566,1.1170576829866115e-15
458,random_matching,128,4,4,4,1,20261365,1.0,2,1.0000000000000002,101.19046792071536,1.4006064037101145,0.12201399683591334,0.3501516009275286,0.34846048543746844,1.8980580799361613e-15
458,random_matching,128,4,4,4,1,20261365,1.0,4,1.0000000000000002,101.19046792071536,1.4006064037101145,0.06077461749117657,0.1750758004637643,0.3471331693482971,5.195094310966483e-15
458,random_matching,128,4,4,4,1,20261365,1.0,8,1.0000000000000002,101.19046792071536,1.4006064037101145,0.030344196557342454,0.08753790023188215,0.34664067194852366,7.745524641997929e-15
459,random_matching,128,4,4,4,2,20261366,0.1,1,1.0000000000000004,785.6829766837005,1.1759362477934092,0.0025874967664203078,0.005879681238967047,0.44007432737542146,1.1116264319629067e-15
459,random_matching,128,4,4,4,2,20261366,0.1,2,1.0000000000000004,785.6829766837005,1.1759362477934092,0.0012936478422853343,0.0029398406194835235,0.4400401279279571,2.668617156138888e-15
459,random_matching,128,4,4,4,2,20261366,0.1,4,1.0000000000000004,785.6829766837005,1.1759362477934092,0.0006468100518732926,0.0014699203097417617,0.44003069253932914,4.3319789889259935e-15
459,random_matching,128,4,4,4,2,20261366,0.1,8,1.0000000000000004,785.6829766837005,1.1759362477934092,0.0003234029738327069,0.0007349601548708809,0.440027900409816,7.77334903074651e-15
459,random_matching,128,4,4,4,2,20261366,1.0,1,1.0000000000000004,785.6829766837005,1.1759362477934092,0.24533884382933788,0.5879681238967046,0.41726555209043864,1.3694493858801425e-15
459,random_matching,128,4,4,4,2,20261366,1.0,2,1.0000000000000004,785.6829766837005,1.1759362477934092,0.12189668836493124,0.2939840619483523,0.4146370641900522,2.3237663518282587e-15
459,random_matching,128,4,4,4,2,20261366,1.0,4,1.0000000000000004,785.6829766837005,1.1759362477934092,0.06084492017632471,0.14699203097417615,0.41393346137937276,4.6666804750154485e-15
459,random_matching,128,4,4,4,2,20261366,1.0,8,1.0000000000000004,785.6829766837005,1.1759362477934092,0.030408358531641737,0.07349601548708808,0.413741593066143,8.887161987826038e-15
460,random_matching,128,4,4,4,3,20261367,0.1,1,1.0000000000000007,137.0793797549883,1.300604275133972,0.0026003859598575495,0.006503021375669861,0.3998735064268015,8.913129987240381e-16
460,random_matching,128,4,4,4,3,20261367,0.1,2,1.0000000000000007,137.0793797549883,1.300604275133972,0.001299927124365719,0.0032515106878349305,0.3997917427210722,2.2219796557842e-15
460,random_matching,128,4,4,4,3,20261367,0.1,4,1.0000000000000007,137.0793797549883,1.300604275133972,0.0006499080846354017,0.0016257553439174652,0.3997576185537026,4.334209486178543e-15
460,random_matching,128,4,4,4,3,20261367,0.1,8,1.0000000000000007,137.0793797549883,1.300604275133972,0.00032494153964955034,0.0008128776719587326,0.39974223780382867,7.105917300703784e-15
460,random_matching,128,4,4,4,3,20261367,1.0,1,1.0000000000000007,137.0793797549883,1.300604275133972,0.24698125855772382,0.650302137566986,0.3797946282043136,1.1553955795956238e-15
460,random_matching,128,4,4,4,3,20261367,1.0,2,1.0000000000000007,137.0793797549883,1.300604275133972,0.12256535843794943,0.325151068783493,0.37694896374325476,2.292299519750655e-15
460,random_matching,128,4,4,4,3,20261367,1.0,4,1.0000000000000007,137.0793797549883,1.300604275133972,0.061157474340767834,0.1625755343917465,0.37617883016396,5.018110171732283e-15
460,random_matching,128,4,4,4,3,20261367,1.0,8,1.0000000000000007,137.0793797549883,1.300604275133972,0.030559756337834247,0.08128776719587325,0.3759453284550997,8.722333407928119e-15
461,random_matching,128,4,4,4,4,20261368,0.1,1,1.0000000000000004,268.51360780842936,1.4116846938514638,0.002669276038756339,0.00705842346925732,0.37816887161591584,8.923578435223175e-16
461,random_matching,128,4,4,4,4,20261368,0.1,2,1.0000000000000004,268.51360780842936,1.4116846938514638,0.0013341578280667743,0.00352921173462866,0.37803280969968583,1.9997483021610637e-15
461,random_matching,128,4,4,4,4,20261368,0.1,4,1.0000000000000004,268.51360780842936,1.4116846938514638,0.0006669736141778367,0.00176460586731433,0.377973136399545,3.7803774146242275e-15
461,random_matching,128,4,4,4,4,20261368,0.1,8,1.0000000000000004,268.51360780842936,1.4116846938514638,0.0003334623288447863,0.000882302933657165,0.37794539281715595,6.8883580769589405e-15
461,random_matching,128,4,4,4,4,20261368,1.0,1,1.0000000000000004,268.51360780842936,1.4116846938514638,0.25302968246625673,0.7058423469257319,0.3584790336940216,1.2125319941669282e-15
461,random_matching,128,4,4,4,4,20261368,1.0,2,1.0000000000000004,268.51360780842936,1.4116846938514638,0.12517142018755775,0.35292117346286594,0.3546724583265282,2.3545367363717214e-15
461,random_matching,128,4,4,4,4,20261368,1.0,4,1.0000000000000004,268.51360780842936,1.4116846938514638,0.0623733887142984,0.17646058673143297,0.35346923564993343,4.057748283004616e-15
461,random_matching,128,4,4,4,4,20261368,1.0,8,1.0000000000000004,268.51360780842936,1.4116846938514638,0.03114906653512722,0.08823029336571649,0.35304276282992353,8.404277092530447e-15
462,random_matching,128,4,4,4,5,20261369,0.1,1,0.9999999999999993,756.2400577655357,1.296160065293176,0.002663090361800085,0.006480800326465881,0.4109199832811891,1.001736574266838e-15
462,random_matching,128,4,4,4,5,20261369,0.1,2,0.9999999999999993,756.2400577655357,1.296160065293176,0.0013313162151917092,0.0032404001632329407,0.410849323579671,1.77877905061537e-15
462,random_matching,128,4,4,4,5,20261369,0.1,4,0.9999999999999993,756.2400577655357,1.296160065293176,0.0006656199632274717,0.0016202000816164703,0.410825780580991,4.4475125428998266e-15
462,random_matching,128,4,4,4,5,20261369,0.1,8,0.9999999999999993,756.2400577655357,1.296160065293176,0.00033280284887284673,0.0008101000408082352,0.4108169758154931,6.997008497688038e-15
462,random_matching,128,4,4,4,5,20261369,1.0,1,0.9999999999999993,756.2400577655357,1.296160065293176,0.25192176541200645,0.648080032646588,0.3887201467745031,1.2803739049361342e-15
462,random_matching,128,4,4,4,5,20261369,1.0,2,0.9999999999999993,756.2400577655357,1.296160065293176,0.12458213210069613,0.324040016323294,0.38446526917959667,2.427129173071797e-15
462,random_matching,128,4,4,4,5,20261369,1.0,4,0.9999999999999993,756.2400577655357,1.296160065293176,0.062092484769414924,0.162020008161647,0.3832396101811413,3.827034509559372e-15
462,random_matching,128,4,4,4,5,20261369,1.0,8,0.9999999999999993,756.2400577655357,1.296160065293176,0.031015815535373692,0.0810100040808235,0.3828640164544281,9.570766625661576e-15
463,random_matching,128,4,4,4,6,20261370,0.1,1,1.0000000000000002,2082.47548631175,1.149152385278697,0.0025251916254854616,0.005745761926393486,0.43948768811423417,8.893382131861785e-16
463,random_matching,128,4,4,4,6,20261370,0.1,2,1.0000000000000002,2082.47548631175,1.149152385278697,0.001261763692160466,0.002872880963196743,0.43919804138228646,2.001364443404448e-15
463,random_matching,128,4,4,4,6,20261370,0.1,4,1.0000000000000002,2082.47548631175,1.149152385278697,0.0006306900355108063,0.0014364404815983714,0.43906450952218923,4.444148833757331e-15
463,random_matching,128,4,4,4,6,20261370,0.1,8,1.0000000000000002,2082.47548631175,1.149152385278697,0.00031529910011805957,0.0007182202407991857,0.4390005769918383,7.777481724652512e-15
463,random_matching,128,4,4,4,6,20261370,1.0,1,1.0000000000000002,2082.47548631175,1.149152385278697,0.24117483862100295,0.5745761926393484,0.41974387680971015,9.263137951075333e-16
463,random_matching,128,4,4,4,6,20261370,1.0,2,1.0000000000000002,2082.47548631175,1.149152385278697,0.1188383819898126,0.2872880963196742,0.4136557814688483,2.495442396887293e-15
463,random_matching,128,4,4,4,6,20261370,1.0,4,1.0000000000000002,2082.47548631175,1.149152385278697,0.059111452121809065,0.1436440481598371,0.4115134102600196,3.8274606427788824e-15
463,random_matching,128,4,4,4,6,20261370,1.0,8,1.0000000000000002,2082.47548631175,1.149152385278697,0.02949476443235965,0.07182202407991856,0.41066462286749156,8.550975208105344e-15
464,random_matching,128,4,4,4,7,20261371,0.1,1,0.9999999999999994,894.7959601621386,1.2964047790056101,0.0025882244756896887,0.006482023895028052,0.39929264649501695,1.2222614723398983e-15
464,random_matching,128,4,4,4,7,20261371,0.1,2,0.9999999999999994,894.7959601621386,1.2964047790056101,0.0012938577553265565,0.003241011947514026,0.3992141270318342,1.7770030415545054e-15
464,random_matching,128,4,4,4,7,20261371,0.1,4,0.9999999999999994,894.7959601621386,1.2964047790056101,0.000646879361237054,0.001620505973757013,0.39918357088022094,3.999157211665554e-15
464,random_matching,128,4,4,4,7,20261371,0.1,8,0.9999999999999994,894.7959601621386,1.2964047790056101,0.00032342906120929314,0.0008102529868785065,0.39917046459193095,7.111657242398494e-15
464,random_matching,128,4,4,4,7,20261371,1.0,1,0.9999999999999994,894.7959601621386,1.2964047790056101,0.24547684220836533,0.6482023895028051,0.3787040069331664,1.2424951525199916e-15
464,random_matching,128,4,4,4,7,20261371,1.0,2,0.9999999999999994,894.7959601621386,1.2964047790056101,0.12164676840183898,0.32410119475140253,0.3753357604718073,2.0736880128300096e-15
464,random_matching,128,4,4,4,7,20261371,1.0,4,0.9999999999999994,894.7959601621386,1.2964047790056101,0.060673576656944055,0.16205059737570127,0.37441131127876837,5.5131681359304425e-15
464,random_matching,128,4,4,4,7,20261371,1.0,8,0.9999999999999994,894.7959601621386,1.2964047790056101,0.03031470732661018,0.08102529868785063,0.3741387914334925,7.194448877694298e-15
465,random_matching,128,4,4,4,8,20261372,0.1,1,1.0000000000000009,145.95089501159177,1.2977304419188278,0.002723480913164765,0.00648865220959414,0.41972983374541456,1.333304218635289e-15
465,random_matching,128,4,4,4,8,20261372,0.1,2,1.0000000000000009,145.95089501159177,1.2977304419188278,0.0013614297226526848,0.00324432610479707,0.4196340560955543,2.2216566593527697e-15
465,random_matching,128,4,4,4,8,20261372,0.1,4,1.0000000000000009,145.95089501159177,1.2977304419188278,0.0006806579071370836,0.001622163052398535,0.41959894606812853,4.441266390343766e-15
465,random_matching,128,4,4,4,8,20261372,0.1,8,1.0000000000000009,145.95089501159177,1.2977304419188278,0.0003403173084669433,0.0008110815261992675,0.41958458856987174,7.778073211414342e-15
465,random_matching,128,4,4,4,8,20261372,1.0,1,1.0000000000000009,145.95089501159177,1.2977304419188278,0.25687074451323183,0.6488652209594139,0.39587688816704036,1.0488021336547764e-15
465,random_matching,128,4,4,4,8,20261372,1.0,2,1.0000000000000009,145.95089501159177,1.2977304419188278,0.12688257278684742,0.32443261047970695,0.39109068782955725,2.3300564865128247e-15
465,random_matching,128,4,4,4,8,20261372,1.0,4,1.0000000000000009,145.95089501159177,1.2977304419188278,0.0632312015520917,0.16221630523985348,0.38979559704924777,4.645908222815909e-15
465,random_matching,128,4,4,4,8,20261372,1.0,8,1.0000000000000009,145.95089501159177,1.2977304419188278,0.03158631120352426,0.08110815261992674,0.3894344795588909,1.0460659711436544e-14
466,random_matching,128,4,4,4,9,20261373,0.1,1,0.9999999999999996,187.23219545587042,1.309894973776321,0.002531659709003721,0.006549474868881606,0.3865439229383637,1.1107286539106908e-15
466,random_matching,128,4,4,4,9,20261373,0.1,2,0.9999999999999996,187.23219545587042,1.309894973776321,0.0012656106419029968,0.003274737434440803,0.3864769824268716,2.2209290962053903e-15
466,random_matching,128,4,4,4,9,20261373,0.1,4,0.9999999999999996,187.23219545587042,1.309894973776321,0.0006327693933085505,0.0016373687172204015,0.3864550401223863,3.553921556194383e-15
466,random_matching,128,4,4,4,9,20261373,0.1,8,0.9999999999999996,187.23219545587042,1.309894973776321,0.0003163780742940681,0.0008186843586102007,0.3864469510949883,7.22430007118342e-15
466,random_matching,128,4,4,4,9,20261373,1.0,1,0.9999999999999996,187.23219545587042,1.309894973776321,0.23931604930868264,0.6549474868881605,0.36539730909685664,1.1676649041402188e-15
466,random_matching,128,4,4,4,9,20261373,1.0,2,0.9999999999999996,187.23219545587042,1.309894973776321,0.11821995513789915,0.32747374344408026,0.3610059050675814,2.2459149595257192e-15
466,random_matching,128,4,4,4,9,20261373,1.0,4,0.9999999999999996,187.23219545587042,1.309894973776321,0.05892268900009558,0.16373687172204013,0.359862066377589,5.480299813953266e-15
466,random_matching,128,4,4,4,9,20261373,1.0,8,0.9999999999999996,187.23219545587042,1.309894973776321,0.029435816391454966,0.08186843586102006,0.3595502476855089,8.631026485961302e-15
467,random_matching,128,4,4,4,10,20261374,0.1,1,0.9999999999999996,239.49618158496682,1.3384339678944275,0.002533704123999775,0.006692169839472139,0.37860726562188196,1.1105014153334144e-15
467,random_matching,128,4,4,4,10,20261374,0.1,2,0.9999999999999996,239.49618158496682,1.3384339678944275,0.001266575048739871,0.0033460849197360695,0.37852447834461267,2.1113808991093656e-15
467,random_matching,128,4,4,4,10,20261374,0.1,4,0.9999999999999996,239.49618158496682,1.3384339678944275,0.0006332327835244007,0.0016730424598680347,0.3784917590043402,5.108405373314835e-15
467,random_matching,128,4,4,4,10,20261374,0.1,8,0.9999999999999996,239.49618158496682,1.3384339678944275,0.00031660451463262894,0.0008365212299340174,0.3784775607638815,8.439805778541139e-15
467,random_matching,128,4,4,4,10,20261374,1.0,1,0.9999999999999996,239.49618158496682,1.3384339678944275,0.24164432577735528,0.6692169839472137,0.36108516605791285,1.3432230630500932e-15
467,random_matching,128,4,4,4,10,20261374,1.0,2,0.9999999999999996,239.49618158496682,1.3384339678944275,0.11970391504430865,0.33460849197360687,0.357743207108296,2.724202320219099e-15
467,random_matching,128,4,4,4,10,20261374,1.0,4,0.9999999999999996,239.49618158496682,1.3384339678944275,0.059700976804010555,0.16730424598680343,0.35684077503161293,4.28002968662817e-15
467,random_matching,128,4,4,4,10,20261374,1.0,8,0.9999999999999996,239.49618158496682,1.3384339678944275,0.029828343248103,0.08365212299340172,0.35657604589970526,1.0753671819920415e-14
468,random_matching,128,4,4,4,11,20261375,0.1,1,0.9999999999999997,160.70921023595832,1.292585092591776,0.0025974699371664853,0.006462925462958881,0.4019031245298165,1.111865027846869e-15
468,random_matching,128,4,4,4,11,20261375,0.1,2,0.9999999999999997,160.70921023595832,1.292585092591776,0.0012982949089411513,0.0032314627314794404,0.4017669448246309,1.9989408944269737e-15
468,random_matching,128,4,4,4,11,20261375,0.1,4,0.9999999999999997,160.70921023595832,1.292585092591776,0.000649047978479278,0.0016157313657397202,0.4017053776647632,4.110936210163943e-15
468,random_matching,128,4,4,4,11,20261375,0.1,8,0.9999999999999997,160.70921023595832,1.292585092591776,0.00032450044452989144,0.0008078656828698601,0.40167623332771957,7.557593606304028e-15
468,random_matching,128,4,4,4,11,20261375,1.0,1,0.9999999999999997,160.70921023595832,1.292585092591776,0.2471113713538099,0.646292546295888,0.3823521913877628,1.1700341258651405e-15
468,random_matching,128,4,4,4,11,20261375,1.0,2,0.9999999999999997,160.70921023595832,1.292585092591776,0.12254119362527004,0.323146273147944,0.3792127708344877,2.3401341470919117e-15
468,random_matching,128,4,4,4,11,20261375,1.0,4,0.9999999999999997,160.70921023595832,1.292585092591776,0.06110228087430945,0.161573136573972,0.378171038638811,4.691250277515184e-15
468,random_matching,128,4,4,4,11,20261375,1.0,8,0.9999999999999997,160.70921023595832,1.292585092591776,0.03051943223939068,0.080786568286986,0.3777785452028799,7.238951157169063e-15
469,random_matching,128,4,4,4,12,20261376,0.1,1,1.0000000000000004,3080.056237353016,1.2864580814074347,0.0024619403914399804,0.006432290407037175,0.3827470831768606,1.3333089860368154e-15
469,random_matching,128,4,4,4,12,20261376,0.1,2,1.0000000000000004,3080.056237353016,1.2864580814074347,0.0012298896285983635,0.0032161452035185875,0.3824111011072562,2.2207390429266835e-15
469,random_matching,128,4,4,4,12,20261376,0.1,4,1.0000000000000004,3080.056237353016,1.2864580814074347,0.0006146897167227733,0.0016080726017592938,0.3822524654983108,4.664366307312685e-15
469,random_matching,128,4,4,4,12,20261376,0.1,8,1.0000000000000004,3080.056237353016,1.2864580814074347,0.00030728298804700357,0.0008040363008796469,0.38217551584527226,8.886702884904717e-15
469,random_matching,128,4,4,4,12,20261376,1.0,1,1.0000000000000004,3080.056237353016,1.2864580814074347,0.2369305678908403,0.6432290407037173,0.36834557039220295,9.595790415685843e-16
469,random_matching,128,4,4,4,12,20261376,1.0,2,1.0000000000000004,3080.056237353016,1.2864580814074347,0.11656548193975744,0.32161452035185867,0.36243849255385086,1.8048096152085424e-15
469,random_matching,128,4,4,4,12,20261376,1.0,4,1.0000000000000004,3080.056237353016,1.2864580814074347,0.0579283080173367,0.16080726017592933,0.360234407040832,3.959816054588427e-15
469,random_matching,128,4,4,4,12,20261376,1.0,8,1.0000000000000004,3080.056237353016,1.2864580814074347,0.028891531874222616,0.08040363008796467,0.3593311874428327,7.096399163343736e-15
470,random_matching,128,4,4,4,13,20261377,0.1,1,1.0000000000000002,251.00333153637692,1.3520942367200108,0.0026087644276927293,0.006760471183600056,0.3858850007409575,1.110589711648742e-15
470,random_matching,128,4,4,4,13,20261377,0.1,2,1.0000000000000002,251.00333153637692,1.3520942367200108,0.0013039893227776208,0.003380235591800028,0.38576876888135075,1.99894582351771e-15
470,random_matching,128,4,4,4,13,20261377,0.1,4,1.0000000000000002,251.00333153637692,1.3520942367200108,0.0006519131061020717,0.001690117795900014,0.38572051467863394,4.5519979505561156e-15
470,random_matching,128,4,4,4,13,20261377,0.1,8,1.0000000000000002,251.00333153637692,1.3520942367200108,0.00032593823936684726,0.000845058897950007,0.3856988431901341,1.0667166090712576e-14
470,random_matching,128,4,4,4,13,20261377,1.0,1,1.0000000000000002,251.00333153637692,1.3520942367200108,0.24788180704825644,0.6760471183600054,0.3666635066052535,1.1579788045199799e-15
470,random_matching,128,4,4,4,13,20261377,1.0,2,1.0000000000000002,251.00333153637692,1.3520942367200108,0.12259013537800635,0.3380235591800027,0.3626674296767736,2.0851202844351083e-15
470,random_matching,128,4,4,4,13,20261377,1.0,4,1.0000000000000002,251.00333153637692,1.3520942367200108,0.06111187482539794,0.16901177959000135,0.3615835237854231,4.843839630893317e-15
470,random_matching,128,4,4,4,13,20261377,1.0,8,1.0000000000000002,251.00333153637692,1.3520942367200108,0.030528944063188967,0.08450588979500068,0.3612640981267443,7.974531424004478e-15
471,random_matching,128,4,4,4,14,20261378,0.1,1,1.0000000000000002,249.28773365170548,1.3506833717772606,0.0026218525104201185,0.006753416858886304,0.3882260735867687,1.000733159733936e-15
471,random_matching,128,4,4,4,14,20261378,0.1,2,1.0000000000000002,249.28773365170548,1.3506833717772606,0.0013108098732224176,0.003376708429443152,0.38819160748166265,1.6674920562182963e-15
471,random_matching,128,4,4,4,14,20261378,0.1,4,1.0000000000000002,249.28773365170548,1.3506833717772606,0.0006553873772533397,0.001688354214721576,0.38818120720089455,4.2226163341462315e-15
471,random_matching,128,4,4,4,14,20261378,0.1,8,1.0000000000000002,249.28773365170548,1.3506833717772606,0.0003276907251478406,0.000844177107360788,0.38817769670670627,8.330932560792443e-15
471,random_matching,128,4,4,4,14,20261378,1.0,1,1.0000000000000002,249.28773365170548,1.3506833717772606,0.24845105226817227,0.6753416858886303,0.36788940688779576,1.18081780079953e-15
471,random_matching,128,4,4,4,14,20261378,1.0,2,1.0000000000000002,249.28773365170548,1.3506833717772606,0.12348994374630826,0.33767084294431515,0.3657110062258849,3.021420716239293e-15
471,random_matching,128,4,4,4,14,20261378,1.0,4,1.0000000000000002,249.28773365170548,1.3506833717772606,0.06165800366789421,0.16883542147215758,0.3651958998311391,3.696436487338673e-15
471,random_matching,128,4,4,4,14,20261378,1.0,8,1.0000000000000002,249.28773365170548,1.3506833717772606,0.030816419989691483,0.08441771073607879,0.36504685712261364,8.332342405222337e-15
472,random_matching,128,4,4,4,15,20261379,0.1,1,1.0000000000000002,1029.5895623029176,1.4072680179032897,0.002641322156473282,0.00703634008951645,0.3753829580251,1.0010910093095817e-15
472,random_matching,128,4,4,4,15,20261379,0.1,2,1.0000000000000002,1029.5895623029176,1.4072680179032897,0.0013203421601515242,0.003518170044758225,0.37529230917042283,1.780899300440002e-15
472,random_matching,128,4,4,4,15,20261379,0.1,4,1.0000000000000002,1029.5895623029176,1.4072680179032897,0.0006601144029105313,0.0017590850223791125,0.37526008948546746,4.002753236109766e-15
472,random_matching,128,4,4,4,15,20261379,0.1,8,1.0000000000000002,1029.5895623029176,1.4072680179032897,0.0003300458691374605,0.0008795425111895563,0.3752472051533733,6.4464433315407346e-15
472,random_matching,128,4,4,4,15,20261379,1.0,1,1.0000000000000002,1029.5895623029176,1.4072680179032897,0.2516912950613321,0.7036340089516449,0.3577020039669925,1.4739565577943126e-15
472,random_matching,128,4,4,4,15,20261379,1.0,2,1.0000000000000002,1029.5895623029176,1.4072680179032897,0.12402479937429176,0.3518170044758224,0.3525264492518723,1.859078604823842e-15
472,random_matching,128,4,4,4,15,20261379,1.0,4,1.0000000000000002,1029.5895623029176,1.4072680179032897,0.061809525727218546,0.1759085022379112,0.35137315673134967,4.401225303924444e-15
472,random_matching,128,4,4,4,15,20261379,1.0,8,1.0000000000000002,1029.5895623029176,1.4072680179032897,0.03088277511083082,0.0879542511189556,0.3511231659406974,7.27190396620253e-15
473,random_matching,128,4,4,4,16,20261380,0.1,1,1.0000000000000004,194.47303361772222,1.3529330834711109,0.0024624341881038956,0.006764665417355556,0.3640141878689561,1.1104523844596249e-15
473,random_matching,128,4,4,4,16,20261380,0.1,2,1.0000000000000004,194.47303361772222,1.3529330834711109,0.0012311124382125018,0.003382332708677778,0.36398324595742343,2.1110015919216185e-15
473,random_matching,128,4,4,4,16,20261380,0.1,4,1.0000000000000004,194.47303361772222,1.3529330834711109,0.0006155402473398914,0.001691166354338889,0.36397380172603927,4.443382890189946e-15
473,random_matching,128,4,4,4,16,20261380,0.1,8,1.0000000000000004,194.47303361772222,1.3529330834711109,0.00030776740471692905,0.0008455831771694445,0.3639705862493244,8.221844323861958e-15
473,random_matching,128,4,4,4,16,20261380,1.0,1,1.0000000000000004,194.47303361772222,1.3529330834711109,0.23401816016232524,0.6764665417355554,0.3459419582850673,9.114945048113346e-16
473,random_matching,128,4,4,4,16,20261380,1.0,2,1.0000000000000004,194.47303361772222,1.3529330834711109,0.11636683341887115,0.3382332708677777,0.34404313070774556,1.9915419900964127e-15
473,random_matching,128,4,4,4,16,20261380,1.0,4,1.0000000000000004,194.47303361772222,1.3529330834711109,0.0581094014219501,0.16911663543388886,0.3436054724768117,3.625071320687771e-15
473,random_matching,128,4,4,4,16,20261380,1.0,8,1.0000000000000004,194.47303361772222,1.3529330834711109,0.029045285923561072,0.08455831771694443,0.34349413171616067,8.432821582897297e-15
474,random_matching,128,4,4,4,17,20261381,0.1,1,1.0000000000000002,4004.5098937796706,1.4446805350832028,0.0025778675537298556,0.007223402675416015,0.35687717680523595,1.1106252490688887e-15
474,random_matching,128,4,4,4,17,20261381,0.1,2,1.0000000000000002,4004.5098937796706,1.4446805350832028,0.0012884128319464185,0.0036117013377080075,0.3567329387108314,2.00062955008348e-15
474,random_matching,128,4,4,4,17,20261381,0.1,4,1.0000000000000002,4004.5098937796706,1.4446805350832028,0.0006440958371882508,0.0018058506688540038,0.3566717050845601,4.5556241284033626e-15
474,random_matching,128,4,4,4,17,20261381,0.1,8,1.0000000000000002,4004.5098937796706,1.4446805350832028,0.0003220227278237335,0.0009029253344270019,0.3566438060220004,8.339387937915169e-15
474,random_matching,128,4,4,4,17,20261381,1.0,1,1.0000000000000002,4004.5098937796706,1.4446805350832028,0.24585669551708397,0.7223402675416014,0.34036133186071404,1.165457693508856e-15
474,random_matching,128,4,4,4,17,20261381,1.0,2,1.0000000000000002,4004.5098937796706,1.4446805350832028,0.12121627663436946,0.3611701337708007,0.33562098662148393,2.6364973336519983e-15
474,random_matching,128,4,4,4,17,20261381,1.0,4,1.0000000000000002,4004.5098937796706,1.4446805350832028,0.06035852040849844,0.18058506688540035,0.33423871336383576,4.700635380471484e-15
474,random_matching,128,4,4,4,17,20261381,1.0,8,1.0000000000000002,4004.5098937796706,1.4446805350832028,0.030137939318425826,0.09029253344270018,0.33378107988908545,7.882108000607507e-15
475,random_matching,128,4,4,4,18,20261382,0.1,1,0.9999999999999994,184.97614882723894,1.3731254796736645,0.002605825055600219,0.006865627398368324,0.37954653004028677,1.11258255822381e-15
475,random_matching,128,4,4,4,18,20261382,0.1,2,0.9999999999999994,184.97614882723894,1.3731254796736645,0.0013021200837130132,0.003432813699184162,0.3793156861447137,2.0002402935804833e-15
475,random_matching,128,4,4,4,18,20261382,0.1,4,0.9999999999999994,184.97614882723894,1.3731254796736645,0.0006508718028937145,0.001716406849592081,0.3792060157813982,4.6649895701571066e-15
475,random_matching,128,4,4,4,18,20261382,0.1,8,0.9999999999999994,184.97614882723894,1.3731254796736645,0.00032539008015539903,0.0008582034247960404,0.3791526236716322,7.667920737897669e-15
475,random_matching,128,4,4,4,18,20261382,1.0,1,0.9999999999999994,184.97614882723894,1.3731254796736645,0.2503261195003184,0.6865627398368322,0.3646077845118869,1.0379966363826828e-15
475,random_matching,128,4,4,4,18,20261382,1.0,2,0.9999999999999994,184.97614882723894,1.3731254796736645,0.12394681682796985,0.3432813699184161,0.3610647931678521,1.6041350745620802e-15
475,random_matching,128,4,4,4,18,20261382,1.0,4,0.9999999999999994,184.97614882723894,1.3731254796736645,0.06175412487916832,0.17164068495920806,0.35978721999300306,3.455443027848827e-15
475,random_matching,128,4,4,4,18,20261382,1.0,8,0.9999999999999994,184.97614882723894,1.3731254796736645,0.030831831724323296,0.08582034247960403,0.3592601804362498,9.309485536627671e-15
476,random_matching,128,4,4,4,19,20261383,0.1,1,1.0,242.7846832953333,1.263719061860402,0.002584747039797816,0.006318595309302011,0.4090698823506933,1.2215984524932685e-15
476,random_matching,128,4,4,4,19,20261383,0.1,2,1.0,242.7846832953333,1.263719061860402,0.0012922125463009997,0.0031592976546510054,0.40901893001397016,2.000442967268457e-15
476,random_matching,128,4,4,4,19,20261383,0.1,4,1.0,242.7846832953333,1.263719061860402,0.0006460818108663904,0.0015796488273255027,0.4090034441137585,3.77736998669561e-15
476,random_matching,128,4,4,4,19,20261383,0.1,8,1.0,242.7846832953333,1.263719061860402,0.00032303676603564867,0.0007898244136627514,0.40899820320517816,9.107316248215586e-15
476,random_matching,128,4,4,4,19,20261383,1.0,1,1.0,242.7846832953333,1.263719061860402,0.24523083419718095,0.631859530930201,0.3881097335608136,1.1377626607570328e-15
476,random_matching,128,4,4,4,19,20261383,1.0,2,1.0,242.7846832953333,1.263719061860402,0.1215152648279917,0.3159297654651005,0.38462746506047407,1.803745959866232e-15
476,random_matching,128,4,4,4,19,20261383,1.0,4,1.0,242.7846832953333,1.263719061860402,0.06061099187576964,0.15796488273255024,0.38369915406065214,3.9832009976358655e-15
476,random_matching,128,4,4,4,19,20261383,1.0,8,1.0,242.7846832953333,1.263719061860402,0.03028545238300094,0.07898244136627512,0.3834453817723162,7.458242514829217e-15
477,random_matching,128,4,4,4,20,20261384,0.1,1,0.9999999999999999,169.46663647679944,1.5042106200496432,0.002884070519560516,0.0075210531002482175,0.38346631530434655,7.777512137334241e-16
477,random_matching,128,4,4,4,20,20261384,0.1,2,0.9999999999999999,169.46663647679944,1.5042106200496432,0.001441864088192414,0.0037605265501241087,0.38342079732021256,1.888347603932083e-15
477,random_matching,128,4,4,4,20,20261384,0.1,4,0.9999999999999999,169.46663647679944,1.5042106200496432,0.0007209025992629262,0.0018802632750620544,0.383405137367869,4.553516646928443e-15
477,random_matching,128,4,4,4,20,20261384,0.1,8,0.9999999999999999,169.46663647679944,1.5042106200496432,0.00036044560174065094,0.0009401316375310272,0.3833990766306438,6.896869829308621e-15
477,random_matching,128,4,4,4,20,20261384,1.0,1,0.9999999999999999,169.46663647679944,1.5042106200496432,0.27322134364446626,0.7521053100248216,0.36327538178855456,1.2351434712420589e-15
477,random_matching,128,4,4,4,20,20261384,1.0,2,0.9999999999999999,169.46663647679944,1.5042106200496432,0.1356943539868115,0.3760526550124108,0.36083870750050473,2.0926399787034444e-15
477,random_matching,128,4,4,4,20,20261384,1.0,4,0.9999999999999999,169.46663647679944,1.5042106200496432,0.06772403723829992,0.1880263275062054,0.36018380051625926,3.684545491828062e-15
477,random_matching,128,4,4,4,20,20261384,1.0,8,0.9999999999999999,169.46663647679944,1.5042106200496432,0.03384586648775049,0.0940131637531027,0.3600119933910157,1.0641181580197144e-14
478,random_matching,128,4,4,4,21,20261385,0.1,1,1.0000000000000013,287.1421151532919,1.4129156194372492,0.0027276972021944906,0.007064578097186247,0.38610900250092867,1.0003236880560365e-15
478,random_matching,128,4,4,4,21,20261385,0.1,2,1.0000000000000013,287.1421151532919,1.4129156194372492,0.0013631998327096754,0.0035322890485931235,0.38592533452284283,1.999916515405626e-15
478,random_matching,128,4,4,4,21,20261385,0.1,4,1.0000000000000013,287.1421151532919,1.4129156194372492,0.0006814565507607331,0.0017661445242965618,0.3858441601952992,3.777096354331395e-15
478,random_matching,128,4,4,4,21,20261385,0.1,8,1.0000000000000013,287.1421151532919,1.4129156194372492,0.00034069478094018974,0.0008830722621482809,0.38580623075100284,8.776413192191571e-15
478,random_matching,128,4,4,4,21,20261385,1.0,1,1.0000000000000013,287.1421151532919,1.4129156194372492,0.2588126875987337,0.7064578097186246,0.3663526456050027,1.161018944727336e-15
478,random_matching,128,4,4,4,21,20261385,1.0,2,1.0000000000000013,287.1421151532919,1.4129156194372492,0.1276693106300557,0.3532289048593123,0.36143506059025715,2.5296916739818176e-15
478,random_matching,128,4,4,4,21,20261385,1.0,4,1.0000000000000013,287.1421151532919,1.4129156194372492,0.06357771936157525,0.17661445242965615,0.3599802761718928,3.8660063195508665e-15
478,random_matching,128,4,4,4,21,20261385,1.0,8,1.0000000000000013,287.1421151532919,1.4129156194372492,0.031744035535600144,0.08830722621482807,0.35947268299850477,8.252842527711342e-15
479,random_matching,128,4,4,4,22,20261386,0.1,1,0.9999999999999999,305.069433969238,1.2028265188031706,0.00259246966279206,0.006014132594015854,0.4310629375500639,8.92174073218666e-16
479,random_matching,128,4,4,4,22,20261386,0.1,2,0.9999999999999999,305.069433969238,1.2028265188031706,0.0012960460927674052,0.003007066297007927,0.4310001725126543,2.2207400684309528e-15
479,random_matching,128,4,4,4,22,20261386,0.1,4,0.9999999999999999,305.069433969238,1.2028265188031706,0.0006479920482475433,0.0015035331485039635,0.4309795556501727,3.999214617307353e-15
479,random_matching,128,4,4,4,22,20261386,0.1,8,0.9999999999999999,305.069433969238,1.2028265188031706,0.0003239903094740945,0.0007517665742519818,0.4309719540223897,7.555446661578385e-15
479,random_matching,128,4,4,4,22,20261386,1.0,1,0.9999999999999999,305.069433969238,1.2028265188031706,0.24611785074773443,0.6014132594015853,0.4092324984531022,1.2795570026335159e-15
479,random_matching,128,4,4,4,22,20261386,1.0,2,0.9999999999999999,305.069433969238,1.2028265188031706,0.12193008458213615,0.30070662970079265,0.4054785380138054,1.9038433540842823e-15
479,random_matching,128,4,4,4,22,20261386,1.0,4,0.9999999999999999,305.069433969238,1.2028265188031706,0.06080734787320907,0.15035331485039632,0.4044297123326695,3.511306800400911e-15
479,random_matching,128,4,4,4,22,20261386,1.0,8,0.9999999999999999,305.069433969238,1.2028265188031706,0.030381089052095644,0.07517665742519816,0.4041292881680096,7.864314100007043e-15
480,random_matching,128,4,4,4,23,20261387,0.1,1,0.9999999999999994,514.6505692496311,1.2770595361915726,0.002606776777865253,0.006385297680957865,0.40824671113441463,8.908399149967482e-16
480,random_matching,128,4,4,4,23,20261387,0.1,2,0.9999999999999994,514.6505692496311,1.2770595361915726,0.0013031377051014122,0.0031926488404789323,0.40816819206021016,2.2206896635180966e-15
480,random_matching,128,4,4,4,23,20261387,0.1,4,0.9999999999999994,514.6505692496311,1.2770595361915726,0.0006515178191929192,0.0015963244202394661,0.4081362227705471,5.552567568651901e-15
480,random_matching,128,4,4,4,23,20261387,0.1,8,0.9999999999999994,514.6505692496311,1.2770595361915726,0.0003257476140884127,0.0007981622101197331,0.40812207087522595,8.558127314856152e-15
480,random_matching,128,4,4,4,23,20261387,1.0,1,0.9999999999999994,514.6505692496311,1.2770595361915726,0.2461004010200082,0.6385297680957863,0.38541727154542077,1.408485116677419e-15
480,random_matching,128,4,4,4,23,20261387,1.0,2,0.9999999999999994,514.6505692496311,1.2770595361915726,0.1221050923524223,0.31926488404789316,0.38245700812528205,2.455227168234991e-15
480,random_matching,128,4,4,4,23,20261387,1.0,4,0.9999999999999994,514.6505692496311,1.2770595361915726,0.06090540710984942,0.15963244202394658,0.38153527151274774,4.049507696700097e-15
480,random_matching,128,4,4,4,23,20261387,1.0,8,0.9999999999999994,514.6505692496311,1.2770595361915726,0.030427509418,0.07981622101197329,0.3812196196739952,9.644223947403809e-15
481,poisson_2d,9,4,5,5,0,20261388,0.1,1,0.9999999999999998,5.828427124746186,0.042893218813452476,0.00021446353837897326,0.00021446609406726243,0.9999880834856424,9.996217957860087e-16
481,poisson_2d,9,4,5,5,0,20261388,0.1,2,0.9999999999999998,5.828427124746186,0.042893218813452476,0.00010723129021493182,0.00010723304703363122,0.9999836168163826,1.3324635103332505e-15
481,poisson_2d,9,4,5,5,0,20261388,0.1,4,0.9999999999999998,5.828427124746186,0.042893218813452476,5.36155852355734e-05,5.361652351681561e-05,0.9999825001477033,2.442768873811023e-15
481,poisson_2d,9,4,5,5,0,20261388,0.1,8,0.9999999999999998,5.828427124746186,0.042893218813452476,2.6807785133824253e-05,2.6808261758407804e-05,0.9999822209814331,1.3325581371649945e-15
481,poisson_2d,9,4,5,5,0,20261388,1.0,1,0.9999999999999998,5.828427124746186,0.042893218813452476,0.021420686167411534,0.021446609406726238,0.9987912663105352,4.673307843012193e-16
481,poisson_2d,9,4,5,5,0,20261388,1.0,2,0.9999999999999998,5.828427124746186,0.042893218813452476,0.010705698766175619,0.010723304703363119,0.9983581612502368,6.416691396151327e-16
481,poisson_2d,9,4,5,5,0,20261388,1.0,4,0.9999999999999998,5.828427124746186,0.042893218813452476,0.0053522686459796815,0.0053616523516815595,0.9982498481650093,3.810534488592276e-15
481,poisson_2d,9,4,5,5,0,20261388,1.0,8,0.9999999999999998,5.828427124746186,0.042893218813452476,0.002676061724716103,0.0026808261758407797,0.998222767605146,3.79342620066732e-15
482,poisson_2d,25,4,5,5,0,20261389,0.1,1,1.0000000000000002,13.928203230275493,0.05076798273947648,0.00025383358515399966,0.00025383991369738246,0.9999750687616829,8.882544420847588e-16
482,poisson_2d,25,4,5,5,0,20261389,0.1,2,1.0000000000000002,13.928203230275493,0.05076798273947648,0.00012691560630523414,0.00012691995684869123,0.9999657221483121,9.996051722756696e-16
482,poisson_2d,25,4,5,5,0,20261389,0.1,4,1.0000000000000002,13.928203230275493,0.05076798273947648,6.345765487098812e-05,6.345997842434562e-05,0.9999633855318709,1.1103495978455091e-15
482,poisson_2d,25,4,5,5,0,20261389,0.1,8,1.0000000000000002,13.928203230275493,0.05076798273947648,3.172880890048445e-05,3.172998921217281e-05,0.9999628013838748,3.3310793417962842e-15
482,poisson_2d,25,4,5,5,0,20261389,1.0,1,1.0000000000000002,13.928203230275493,0.05076798273947648,0.02532025636036335,0.02538399136973824,0.9974891651810568,9.100260118754589e-16
482,poisson_2d,25,4,5,5,0,20261389,1.0,2,1.0000000000000002,13.928203230275493,0.05076798273947648,0.012648505938409193,0.01269199568486912,0.9965734508945844,2.095958621626691e-15
482,poisson_2d,25,4,5,5,0,20261389,1.0,4,1.0000000000000002,13.928203230275493,0.05076798273947648,0.006322802319845114,0.00634599784243456,0.9963448581034267,2.090696313850327e-15
482,poisson_2d,25,4,5,5,0,20261389,1.0,8,1.0000000000000002,13.928203230275493,0.05076798273947648,0.003161219895381281,0.00317299892121728,0.9962877309042765,4.080774448434068e-15
483,poisson_2d,49,4,5,5,0,20261390,0.1,1,1.0000000000000007,25.27414236908832,0.05464392726068423,0.00027321150869362307,0.0002732196363034212,0.9999702524682775,1.1103057612257708e-15
483,poisson_2d,49,4,5,5,0,20261390,0.1,2,1.0000000000000007,25.27414236908832,0.05464392726068423,0.00013660423083349964,0.0001366098181517106,0.9999591001709354,1.6688902051726702e-15
483,poisson_2d,49,4,5,5,0,20261390,0.1,4,1.0000000000000007,25.27414236908832,0.05464392726068423,6.830192498166821e-05,6.83049090758553e-05,0.9999563121563668,8.882346413008038e-16
483,poisson_2d,49,4,5,5,0,20261390,0.1,8,1.0000000000000007,25.27414236908832,0.05464392726068423,3.415093868659768e-05,3.415245453792765e-05,0.9999556151570809,8.660205764640852e-15
483,poisson_2d,49,4,5,5,0,20261390,1.0,1,1.0000000000000007,25.27414236908832,0.05464392726068423,0.027240183083035677,0.027321963630342117,0.9970067836846244,5.237881819965399e-16
483,poisson_2d,49,4,5,5,0,20261390,1.0,2,1.0000000000000007,25.27414236908832,0.05464392726068423,0.013605168304631382,0.013660981815171058,0.9959143851229131,1.3840079962193235e-15
483,poisson_2d,49,4,5,5,0,20261390,1.0,4,1.0000000000000007,25.27414236908832,0.05464392726068423,0.006800722669533729,0.006830490907585529,0.9956418596474902,5.0523719765210636e-15
483,poisson_2d,49,4,5,5,0,20261390,1.0,8,1.0000000000000007,25.27414236908832,0.05464392726068423,0.0034001287717110172,0.0034152454537927646,0.9955737640862797,4.462817373121869e-15
484,poisson_2d,81,4,5,5,0,20261391,0.1,1,0.9999999999999996,39.8634581890623,0.056876248203941784,0.00028437216148521373,0.00028438124101970897,0.9999680726673016,3.3315963371816645e-16
484,poisson_2d,81,4,5,5,0,20261391,0.1,2,0.9999999999999996,39.8634581890623,0.056876248203941784,0.00014218437880182455,0.00014219062050985448,0.9999561032365739,1.776564729540295e-15
484,poisson_2d,81,4,5,5,0,20261391,0.1,4,0.9999999999999996,39.8634581890623,0.056876248203941784,7.10919766632656e-05,7.109531025492724e-05,0.9999531109485326,3.775642874554759e-15
484,poisson_2d,81,4,5,5,0,20261391,0.1,8,0.9999999999999996,39.8634581890623,0.056876248203941784,3.5545961739600426e-05,3.554765512746362e-05,0.9999523628814018,5.662303891151322e-15
484,poisson_2d,81,4,5,5,0,20261391,1.0,1,0.9999999999999996,39.8634581890623,0.056876248203941784,0.028346781133175198,0.028438124101970892,0.9967880100505868,6.717408022341699e-16
484,poisson_2d,81,4,5,5,0,20261391,1.0,2,0.9999999999999996,39.8634581890623,0.056876248203941784,0.014156732221066701,0.014219062050985446,0.9956164598132248,1.397250518643687e-15
484,poisson_2d,81,4,5,5,0,20261391,1.0,4,0.9999999999999996,39.8634581890623,0.056876248203941784,0.0070762885859678906,0.007109531025492723,0.9953242429907634,2.0070126122749796e-15
484,poisson_2d,81,4,5,5,0,20261391,1.0,8,0.9999999999999996,39.8634581890623,0.056876248203941784,0.003537884751023482,0.0035547655127463615,0.9952512305910615,4.1606896048978396e-15
485,poisson_2d,121,4,5,5,0,20261392,0.1,1,1.0000000000000002,57.69548054097815,0.058279462438332395,0.0002913876847265307,0.00029139731219166205,0.9999669610366034,6.661565680818746e-16
485,poisson_2d,121,4,5,5,0,20261392,0.1,2,1.0000000000000002,57.69548054097815,0.058279462438332395,0.000145692037725931,0.00014569865609583103,0.999954574942025,4.44383431784109e-16
485,poisson_2d,121,4,5,5,0,20261392,0.1,4,1.0000000000000002,57.69548054097815,0.058279462438332395,7.284579328874844e-05,7.284932804791551e-05,0.9999514784931887,1.1103283236234923e-15
485,poisson_2d,121,4,5,5,0,20261392,0.1,8,1.0000000000000002,57.69548054097815,0.058279462438332395,3.6422868447751644e-05,3.6424664023957756e-05,0.9999507043852228,4.6631998919441474e-15
485,poisson_2d,121,4,5,5,0,20261392,1.0,1,1.0000000000000002,57.69548054097815,0.058279462438332395,0.02904287550908063,0.029139731219166198,0.9966761632302956,2.75714542661718e-16
485,poisson_2d,121,4,5,5,0,20261392,1.0,2,1.0000000000000002,57.69548054097815,0.058279462438332395,0.01450378586081486,0.014569865609583099,0.9954646288072296,1.1825884312290171e-15
485,poisson_2d,121,4,5,5,0,20261392,1.0,4,1.0000000000000002,57.69548054097815,0.058279462438332395,0.007249691650114168,0.007284932804791549,0.9951624598851204,2.726414694433445e-15
485,poisson_2d,121,4,5,5,0,20261392,1.0,8,1.0000000000000002,57.69548054097815,0.058279462438332395,0.0036245708272378513,0.0036424664023957747,0.9950869621896435,4.702914217164982e-15
